aaaah	0.5200	0.6360
aardvark	0.4270	0.4900
aback	0.3850	0.4070
abacus	0.5100	0.2760
abalone	0.5000	0.4800
abandon	0.0520	0.5190
abandoned	0.0460	0.4810
abandonment	0.1280	0.4300
abashed	0.1770	0.6440
abate	0.2550	0.6960
abatement	0.3880	0.3380
abba	0.5620	0.5000
abbey	0.5800	0.3670
abbot	0.4270	0.3210
abbreviate	0.5310	0.3750
abbreviation	0.4690	0.3060
abdomen	0.4690	0.4620
abdominal	0.4900	0.4560
abduct	0.1730	0.7200
abduction	0.0620	0.9900
aberrant	0.1460	0.7650
aberration	0.1250	0.8160
abeyance	0.3300	0.5100
abhor	0.1250	0.6020
abhorrence	0.1670	0.6840
abhorrent	0.2290	0.7500
abide	0.6350	0.3540
abiding	0.7960	0.3270
ability	0.8750	0.5100
abject	0.3540	0.5900
ablation	0.4180	0.5000
ablaze	0.2400	0.8470
able	0.7860	0.5000
abnormal	0.1370	0.6040
abnormality	0.0920	0.6550
aboard	0.6980	0.2840
abode	0.6200	0.3020
abolish	0.4480	0.6150
abolition	0.3230	0.6900
abominable	0.1200	0.7310
abominate	0.1980	0.7880
abomination	0.0780	0.7550
aboriginal	0.4480	0.4270
abort	0.1530	0.6860
abortion	0.0820	0.7700
abortive	0.0900	0.7760
abound	0.7040	0.4900
abovementioned	0.5410	0.2980
abracadabra	0.6730	0.6320
abrasion	0.4060	0.5920
abrasive	0.3920	0.6100
abreast	0.6350	0.3800
abroad	0.6770	0.5960
abrogate	0.3270	0.5100
abrupt	0.2710	0.8190
abruptly	0.2500	0.8080
abscess	0.1540	0.4510
absence	0.1530	0.2350
absent	0.1770	0.2210
absentee	0.2350	0.3300
absenteeism	0.4040	0.2730
absinthe	0.4810	0.5100
absolute	0.5260	0.5100
absolution	0.7150	0.5000
absolve	0.6840	0.4490
absorb	0.4690	0.5580
absorbed	0.4900	0.4710
absorbent	0.5520	0.3940
absorbing	0.4900	0.4900
absorption	0.6090	0.4220
abstain	0.3850	0.3850
abstention	0.2710	0.2640
abstinence	0.2600	0.3920
abstract	0.4380	0.2920
abstraction	0.4690	0.4390
absurd	0.1880	0.6560
absurdity	0.1150	0.5280
abundance	0.8120	0.6900
abundant	0.9580	0.5900
abuse	0.0710	0.8730
abused	0.0210	0.8740
abusive	0.1250	0.9030
abutment	0.5000	0.2650
aby	0.3850	0.4520
abysmal	0.2500	0.7100
abyss	0.3530	0.7250
academic	0.7810	0.4200
academy	0.7040	0.4730
accede	0.6980	0.5100
accelerant	0.6430	0.8440
accelerate	0.6150	0.9020
accelerated	0.6100	0.8120
acceleration	0.7040	0.9050
accelerator	0.5930	0.8300
accent	0.5980	0.3570
accentuate	0.6730	0.5560
accept	0.8470	0.2860
acceptable	0.8120	0.2860
acceptance	0.8330	0.2870
acceptances	0.8470	0.4130
access	0.7140	0.4720
accessible	0.7960	0.4100
accession	0.6120	0.3830
accessory	0.5620	0.2920
accident	0.1250	0.9080
accidental	0.3190	0.7840
accidentally	0.3330	0.7410
acclaim	0.5620	0.8090
accolade	0.6880	0.5910
accommodate	0.8440	0.3750
accommodation	0.8170	0.4150
accompaniment	0.7400	0.4790
accompany	0.8330	0.4060
accompanying	0.7870	0.4600
accomplice	0.4080	0.5800
accomplish	0.9290	0.6730
accomplished	0.8700	0.5200
accomplishment	0.9170	0.6940
accord	0.8980	0.2640
accordance	0.6590	0.3490
accordion	0.6040	0.4900
account	0.5310	0.3470
accountability	0.7550	0.5370
accountable	0.7090	0.2820
accountant	0.6250	0.4500
accounting	0.5520	0.3900
accounts	0.5920	0.3400
accredited	0.6690	0.4790
accretion	0.4480	0.5190
accrue	0.5200	0.4810
accueil	0.4500	0.4510
accumulate	0.5730	0.5360
accumulation	0.4790	0.5270
accuracy	0.6040	0.4810
accurate	0.7430	0.3600
accursed	0.1350	0.7450
accusation	0.0730	0.7180
accusative	0.1980	0.7550
accuse	0.1330	0.7520
accused	0.1300	0.6700
accuser	0.1220	0.7790
accusing	0.1560	0.7450
accustomed	0.5420	0.3650
ace	0.6430	0.4810
acetic	0.3330	0.4200
acetylene	0.3060	0.4690
ache	0.1460	0.7600
achieve	0.8160	0.5450
achieved	0.8960	0.5190
achievement	0.8960	0.8080
aching	0.0530	0.8800
achy	0.1670	0.8400
acid	0.2650	0.6420
acidity	0.1560	0.6630
acknowledge	0.7860	0.3700
acknowledged	0.7140	0.4430
acknowledgement	0.8190	0.5390
acknowledgment	0.7960	0.5280
acme	0.4080	0.4350
acne	0.1670	0.4740
acorn	0.4480	0.1980
acoustic	0.5420	0.4620
acoustics	0.6110	0.3300
acquaint	0.6460	0.4910
acquaintance	0.6560	0.2900
acquainted	0.9060	0.3580
acquiescence	0.5420	0.4800
acquire	0.8330	0.4680
acquiring	0.7350	0.5100
acquisition	0.6980	0.5090
acquisitions	0.7730	0.6600
acquit	0.5830	0.5710
acquittal	0.7600	0.4970
acre	0.5830	0.3870
acreage	0.7410	0.4500
acres	0.5100	0.3630
acrobat	0.7080	0.8280
acrylic	0.5820	0.2790
act	0.6560	0.7040
acting	0.6980	0.6430
action	0.7600	0.8980
action figure	0.6150	0.7740
actionable	0.6730	0.7020
activate	0.7640	0.6500
activation	0.7810	0.8000
active	0.8470	0.7300
activist	0.5310	0.6530
activity	0.7010	0.6600
actor	0.6530	0.5610
actress	0.6330	0.5560
actual	0.7290	0.4000
actuality	0.7500	0.4640
actuary	0.5100	0.4040
acuity	0.4690	0.3780
acumen	0.5640	0.6600
acupuncture	0.5310	0.3240
acute	0.4270	0.6520
acutely	0.4170	0.5430
ad	0.5210	0.7050
adage	0.5170	0.4150
adamant	0.3440	0.5290
adapt	0.7400	0.3550
adaptable	0.7350	0.4230
adaptation	0.6630	0.3650
add	0.7280	0.4900
added	0.5620	0.4050
addendum	0.3920	0.3700
adder	0.3880	0.4610
addict	0.0750	0.6960
addicted	0.1560	0.7120
addiction	0.1800	0.8060
addictive	0.3020	0.6830
addition	0.5620	0.3730
additional	0.6730	0.4620
additive	0.5610	0.6330
address	0.6500	0.3270
addressee	0.6220	0.3820
addresses	0.5100	0.3540
adept	0.5940	0.5390
adequacy	0.6150	0.4350
adequate	0.8540	0.2640
adhere	0.6330	0.3390
adherence	0.7600	0.3070
adherent	0.5610	0.3850
adhering	0.6120	0.5610
adhesion	0.5210	0.4450
adhesive	0.6040	0.3500
adieu	0.2500	0.4710
adipose	0.3330	0.3500
adjacency	0.3650	0.4170
adjacent	0.6450	0.2760
adjective	0.5700	0.3160
adjoining	0.5200	0.4000
adjourn	0.3850	0.4560
adjournment	0.4380	0.5100
adjudicate	0.5590	0.5200
adjudication	0.5510	0.4620
adjunct	0.4590	0.4400
adjust	0.6470	0.3270
adjuster	0.5100	0.5400
adjustment	0.5900	0.5200
adjuvant	0.5100	0.5000
admin	0.6880	0.4200
administer	0.6350	0.4250
administration	0.6250	0.4040
administrative	0.5420	0.4150
administrator	0.5380	0.4800
admirable	0.9290	0.6000
admiral	0.8440	0.4900
admiralty	0.5940	0.5470
admiration	0.9690	0.5830
admire	0.8670	0.6920
admired	0.9170	0.5600
admirer	0.7960	0.7200
admiring	0.8670	0.5780
admissibility	0.8020	0.5800
admissible	0.7800	0.5280
admission	0.8020	0.4150
admit	0.5380	0.4230
admittance	0.6900	0.4510
admitted	0.7200	0.4900
admitting	0.6200	0.5000
admixture	0.4500	0.3750
admonition	0.3570	0.6060
ado	0.5200	0.4230
adobe	0.5000	0.3190
adolescence	0.4870	0.6940
adolescent	0.7810	0.6800
adopt	0.6940	0.6120
adoption	0.6250	0.5660
adoptive	0.5310	0.4690
adorable	0.9690	0.5190
adoration	0.8850	0.6990
adore	0.8540	0.4380
adoring	0.8850	0.6200
adorn	0.9100	0.4240
adornment	0.9180	0.3730
adrenalin	0.8650	0.9200
adrenaline	0.7650	0.9650
adrift	0.3980	0.4860
adult	0.8150	0.4910
adulterated	0.1880	0.8650
adulterer	0.2290	0.8140
adultery	0.1200	0.9220
adulthood	0.5410	0.4540
advance	0.6730	0.4720
advanced	0.8440	0.6230
advancement	0.7760	0.6500
advancing	0.9290	0.6080
advantage	0.9170	0.5480
advantageous	0.8370	0.6400
advent	0.6650	0.5600
adventure	0.9170	0.8570
adventurer	0.7810	0.8390
adventures	0.8120	0.7640
adventurous	0.9690	0.8980
adversary	0.3490	0.7770
adverse	0.3230	0.6100
adversity	0.2760	0.7600
advertise	0.5000	0.5290
advertisement	0.6000	0.5660
advertising	0.6220	0.6080
adverts	0.5510	0.5000
advice	0.6980	0.4080
advisable	0.8670	0.4800
advise	0.7600	0.3930
advised	0.8230	0.3300
advisement	0.6980	0.2350
adviser	0.7450	0.3620
advisor	0.6460	0.3500
advisory	0.6560	0.4290
advocacy	0.5000	0.6460
advocate	0.5510	0.5300
aegis	0.4900	0.4390
aeration	0.5500	0.5000
aerial	0.6150	0.4610
aerobics	0.7080	0.7710
aerodrome	0.5410	0.7400
aerodynamic	0.5610	0.7240
aerodynamics	0.5900	0.6630
aeronautics	0.5510	0.6330
aeroplane	0.7140	0.6420
aerospace	0.6430	0.5200
aesthetic	0.7080	0.4420
aesthetics	0.8470	0.3270
aetiology	0.4800	0.3980
afar	0.3960	0.3730
affable	0.7040	0.3800
affair	0.5200	0.4590
affect	0.4580	0.5690
affecting	0.3500	0.5740
affection	0.8980	0.5590
affectionate	0.9490	0.4220
affections	0.7600	0.5470
affiche	0.4790	0.2650
affidavit	0.4690	0.5840
affiliated	0.6730	0.5190
affiliation	0.6150	0.5940
affinity	0.8000	0.5000
affirm	0.7450	0.5090
affirmation	0.7500	0.5000
affirmative	0.8540	0.5890
affirmatively	0.9080	0.5000
affix	0.4380	0.3350
afflict	0.3020	0.5550
afflicted	0.2710	0.5000
affliction	0.2940	0.6350
affluence	0.6630	0.6180
affluent	0.7560	0.3880
afford	0.5710	0.5800
affordable	0.8400	0.3980
affront	0.3270	0.7400
affronted	0.3850	0.7500
afield	0.5940	0.3700
afire	0.3670	0.9040
afloat	0.6020	0.4270
afore	0.5000	0.3370
aforementioned	0.4900	0.3160
aforesaid	0.5310	0.3580
afraid	0.0100	0.7750
afresh	0.6430	0.5210
aft	0.4800	0.4170
afterlife	0.5710	0.5670
aftermath	0.3120	0.4490
afternoon	0.5330	0.3880
aftershave	0.4060	0.3840
aftertaste	0.3540	0.3620
afterthought	0.3960	0.3920
aga	0.5420	0.3270
agape	0.6120	0.5290
agate	0.5400	0.3770
age	0.5610	0.2260
aged	0.1350	0.3650
agency	0.4600	0.2960
agenda	0.5310	0.2960
agent	0.4800	0.4390
agglomeration	0.4500	0.7650
aggravate	0.2240	0.7700
aggravated	0.0790	0.7600
aggravates	0.1080	0.7780
aggravating	0.2570	0.7940
aggravation	0.0710	0.7840
aggregate	0.7300	0.3780
aggregation	0.5830	0.5170
aggresive	0.0590	0.9710
aggression	0.0940	0.9290
aggressive	0.1250	0.9490
aggressively	0.2500	0.9260
aggressiveness	0.0770	0.9130
aggressor	0.1460	0.9480
agh	0.2600	0.5000
aghast	0.1330	0.8650
aghhh	0.2810	0.6350
agile	0.8000	0.6570
agility	0.7200	0.7020
aging	0.2140	0.2550
agitate	0.3000	0.7960
agitated	0.4440	0.8820
agitation	0.2400	0.9310
aglow	0.7800	0.5100
agnostic	0.3060	0.3960
ago	0.3170	0.2800
agonizing	0.0830	0.8000
agony	0.0830	0.7750
agoraphobia	0.1270	0.7120
agree	0.9060	0.2600
agreeable	0.9060	0.5000
agreed	0.7970	0.4490
agreeing	0.8540	0.4800
agreement	0.7600	0.4400
agressive	0.0830	0.9180
agricultural	0.6860	0.3210
agriculture	0.6400	0.3570
aground	0.3330	0.3400
agua	0.5980	0.1800
ahead	0.7080	0.5200
ahhh	0.5620	0.5170
ahhhhhhhh	0.5520	0.6490
ahoy	0.5000	0.4970
aid	0.7960	0.4910
aide	0.7240	0.3420
aiding	0.6430	0.5330
aids	0.5610	0.4800
ail	0.3750	0.4340
ailing	0.0940	0.5180
ailment	0.1460	0.7340
aim	0.4810	0.5690
aimless	0.1500	0.2670
air	0.7080	0.1630
airbag	0.5100	0.4020
airborne	0.5420	0.5190
aircraft	0.6460	0.6440
aircraft carrier	0.4900	0.7400
airfield	0.6010	0.6500
airhead	0.2710	0.4810
airlift	0.5730	0.6220
airline	0.6500	0.4820
airliner	0.6670	0.7770
airlock	0.3980	0.5200
airman	0.5870	0.7160
airplane	0.7190	0.7020
airport	0.7290	0.6840
airs	0.5830	0.1960
airship	0.5420	0.4720
airspace	0.5620	0.5100
airspeed	0.5830	0.7800
airstrip	0.5500	0.6900
airtight	0.4790	0.3810
airway	0.6380	0.5850
aisle	0.4380	0.2220
ait	0.3850	0.3900
ajar	0.4600	0.4130
aka	0.4590	0.3580
akin	0.6390	0.3430
alabaster	0.5420	0.4040
alarm	0.2410	0.8820
alarm clock	0.5420	0.7270
alarmed	0.1880	0.8220
alarming	0.2040	0.8900
alas	0.5710	0.3100
alb	0.5210	0.3800
albatross	0.5000	0.4450
albino	0.5000	0.2400
album	0.6350	0.3490
alchemy	0.5410	0.5830
alcohol	0.3230	0.6670
alcoholic	0.1530	0.6880
alcoholism	0.0610	0.7790
alcove	0.4900	0.3400
alderman	0.5500	0.4590
ale	0.5300	0.4500
alert	0.4790	0.8200
alertness	0.3750	0.8750
alerts	0.3370	0.8040
alfalfa	0.5460	0.2500
algebra	0.4400	0.3400
algebraic	0.5310	0.4120
algorithm	0.4480	0.3940
alias	0.5410	0.3530
alibi	0.3960	0.5280
alien	0.4100	0.6150
alienate	0.2470	0.5000
alienated	0.4100	0.4230
alienation	0.3780	0.5300
alight	0.6670	0.6570
align	0.6560	0.3640
aligned	0.5830	0.2750
alignment	0.6430	0.4120
alike	0.6530	0.1730
alimentation	0.7810	0.5510
alimony	0.6120	0.4770
aliquot	0.4400	0.3100
alive	0.8160	0.6370
alkali	0.4900	0.3500
alkaloids	0.4330	0.5620
allay	0.4170	0.4060
allegation	0.5780	0.5780
allege	0.4180	0.4820
alleged	0.3650	0.5220
allegiance	0.9170	0.3980
allegorical	0.5170	0.5580
allegory	0.6150	0.5800
allegro	0.6350	0.6270
allergic	0.1350	0.5490
allergy	0.2960	0.6060
alleviate	0.8690	0.2700
alleviation	0.7350	0.2000
alley	0.3470	0.5000
alleyway	0.3570	0.4710
alliance	0.6960	0.4730
allied	0.7140	0.2450
alligator	0.3540	0.7040
allocate	0.6730	0.4620
allocation	0.6040	0.3880
allot	0.6220	0.4810
allotment	0.6000	0.3900
allow	0.6980	0.4290
allowable	0.6980	0.5000
allowance	0.6730	0.3820
allowed	0.7300	0.3600
alloy	0.5830	0.4430
allsmiles	0.7860	0.5280
allure	0.8040	0.5850
alluring	0.8370	0.7450
allusion	0.4400	0.3080
alluvial	0.3230	0.4900
ally	0.7920	0.3200
almanac	0.6880	0.1900
almighty	0.9380	0.8740
almond	0.6980	0.1830
aloft	0.7710	0.3730
aloha	0.6980	0.4400
alone	0.3330	0.1670
alongside	0.4580	0.3330
aloof	0.1890	0.4230
aloud	0.4580	0.7130
alpha	0.7080	0.3400
alphabet	0.5620	0.2040
alphabetical	0.5370	0.2960
alpine	0.5940	0.3370
alreadyyyyy	0.5920	0.7170
altar	0.7240	0.3870
altar boy	0.4340	0.2060
alter	0.3330	0.6940
alteration	0.1670	0.7980
altercation	0.1700	0.8060
altered	0.2550	0.7650
alternate	0.6250	0.3630
alternating	0.4800	0.4940
alternative	0.6280	0.3730
altimeter	0.6150	0.5100
altitude	0.7080	0.4820
alto	0.6560	0.4040
altogether	0.8330	0.3240
aluminum	0.4490	0.2800
alumnus	0.6330	0.3680
alveolar	0.4690	0.4810
alzheimers	0.1940	0.5180
amalgam	0.4380	0.3330
amalgamation	0.4060	0.4700
amaretto	0.5430	0.5510
amass	0.5520	0.4650
amateur	0.4690	0.5000
amaze	0.8960	0.8430
amazed	0.7960	0.7790
amazedness	0.8270	0.8720
amazement	0.7500	0.8000
amazing	0.9060	0.8370
amazingly	0.9180	0.7650
ambassador	0.6510	0.5290
amber	0.6350	0.3080
ambience	0.7350	0.3560
ambient	0.6250	0.3600
ambiguity	0.1640	0.4600
ambiguous	0.2650	0.4620
ambit	0.4790	0.3800
ambition	0.5100	0.8040
ambitious	0.4840	0.8210
ambivalent	0.5100	0.4040
ambrosia	0.5710	0.4520
ambulance	0.5000	0.7500
ambush	0.2810	0.8300
ameliorate	0.7700	0.5480
amen	0.7810	0.1820
amenable	0.4480	0.4100
amend	0.6880	0.4060
amendment	0.5310	0.4590
amends	0.6400	0.3660
amenity	0.7500	0.3270
amethyst	0.6220	0.4060
amiable	0.8470	0.2900
amicable	0.8750	0.3300
amid	0.5100	0.3400
amidst	0.4800	0.3300
amino	0.5510	0.4020
ammo	0.3230	0.7650
ammonia	0.2920	0.5870
ammonium	0.3540	0.3960
ammunition	0.3380	0.6350
amnesia	0.2960	0.3300
amnesty	0.5510	0.4510
amorous	0.8440	0.6700
amorphous	0.3270	0.4020
amortization	0.5920	0.4910
amount	0.5620	0.4220
amour	0.8650	0.4800
amp	0.4390	0.3930
ampersand	0.4800	0.4480
amphetamines	0.1330	0.6670
amphibian	0.4270	0.3570
amphibious	0.4790	0.3460
amphitheater	0.6530	0.4800
ample	0.7440	0.3490
amplification	0.6900	0.6770
amplify	0.6770	0.7350
amplitude	0.6940	0.4390
amply	0.7810	0.4310
amputate	0.0920	0.6600
amputation	0.1000	0.7550
amuck	0.3850	0.6020
amulet	0.7810	0.2600
amuse	0.8120	0.6840
amused	0.9420	0.8470
amusement	0.9290	0.8370
amusing	0.9600	0.8290
ana	0.5410	0.3000
anaconda	0.1460	0.8300
anaesthesia	0.3500	0.2170
anaesthetic	0.4490	0.2680
anagram	0.5520	0.3270
anal	0.3330	0.7980
analgesic	0.4170	0.3210
analogous	0.5310	0.2700
analogue	0.5700	0.3200
analogy	0.5100	0.3670
analysis	0.7290	0.4480
analyst	0.6040	0.4150
analytic	0.6650	0.5210
analytical	0.6250	0.3240
analyze	0.6670	0.4620
analyzer	0.6250	0.5560
anaphylactic	0.3780	0.5880
anarchism	0.1250	0.8040
anarchist	0.2040	0.7000
anarchy	0.1460	0.7550
anastomosis	0.3750	0.4700
anathema	0.2860	0.4900
anatomic	0.5620	0.4420
anatomy	0.5620	0.3900
ancestor	0.5920	0.3880
ancestral	0.6400	0.4810
ancestry	0.7080	0.5190
anchor	0.5200	0.2840
anchorage	0.5000	0.3250
ancient	0.4200	0.2170
ancillary	0.4490	0.4420
androgen	0.2550	0.5230
android	0.6630	0.4360
anecdote	0.5830	0.5290
anemia	0.1880	0.3270
anemic	0.1670	0.2790
anemone	0.5520	0.5380
anesthesia	0.3650	0.2160
anesthesiologist	0.4190	0.2240
anesthetic	0.3500	0.2640
aneurysm	0.1150	0.6900
anew	0.7710	0.3580
angel	0.9060	0.1580
angelic	0.9270	0.2980
anger	0.1670	0.8650
angered	0.0100	0.8600
angermanagement	0.2600	0.6320
angina	0.2300	0.6300
angiogram	0.3470	0.5200
angiography	0.3780	0.5360
angle	0.5410	0.3300
angling	0.6250	0.4080
angora	0.5290	0.4250
angriest	0.0940	0.8920
angry	0.1220	0.8300
angrytweet	0.2650	0.6440
angst	0.1670	0.8880
anguish	0.1530	0.7920
anguished	0.1350	0.7200
angular	0.4490	0.2810
anhydrous	0.4560	0.3650
animal	0.5210	0.5100
animate	0.8270	0.7550
animated	0.8230	0.6760
animation	0.8880	0.7500
animosity	0.5100	0.7240
animus	0.6980	0.6760
ankle	0.5000	0.2740
anklet	0.4100	0.2760
annals	0.4270	0.6100
annex	0.5940	0.3500
annexation	0.3420	0.5000
annexe	0.5840	0.3500
annihilate	0.1150	0.9180
annihilated	0.0800	0.7600
annihilation	0.0410	0.8000
anniversary	0.8800	0.7700
annotate	0.5920	0.4690
annotation	0.6040	0.4700
announce	0.6940	0.6180
announcement	0.7290	0.4910
announcer	0.6020	0.5700
annoy	0.0940	0.7650
annoyance	0.1670	0.7180
annoyed	0.1040	0.7830
annoyin	0.2600	0.5730
annoying	0.0820	0.8530
annoys	0.1460	0.7780
annual	0.5520	0.2360
annuity	0.5210	0.3040
annul	0.2500	0.4480
annular	0.3100	0.3850
annulment	0.1530	0.3750
annulus	0.4580	0.3800
anointed	0.5000	0.3680
anointing	0.6530	0.3500
anomalous	0.2810	0.4800
anomaly	0.1880	0.5380
anon	0.4790	0.3540
anonymity	0.4690	0.2550
anonymous	0.3960	0.2910
anorexic	0.1600	0.6180
answer	0.5370	0.3730
answerable	0.7080	0.4810
answering	0.6840	0.5000
ant	0.4480	0.2160
antagonism	0.2240	0.6180
antagonist	0.2400	0.6150
antagonistic	0.2960	0.6040
antagonize	0.1430	0.6630
ante	0.4480	0.3200
antecedent	0.4270	0.5510
antelope	0.5420	0.5100
antenna	0.5210	0.3270
anterior	0.5100	0.2450
anthem	0.7800	0.3430
anthill	0.3270	0.5780
anthology	0.3380	0.4060
anthrax	0.1880	0.7300
anthropological	0.3670	0.3900
anthropologist	0.5510	0.3850
anthropology	0.4900	0.3670
anti	0.3650	0.4120
antiaircraft	0.3300	0.6220
antibiotic	0.5100	0.3730
antibiotics	0.4480	0.4060
antichrist	0.0820	0.8370
anticipate	0.6220	0.4690
anticipation	0.6980	0.5390
anticipatory	0.6530	0.5510
antics	0.4480	0.7400
antidote	0.5410	0.4900
antifungal	0.4080	0.4120
antigravity	0.4300	0.7140
antimony	0.3780	0.3980
antipathy	0.1980	0.5490
antiquarian	0.5000	0.2330
antiquated	0.4200	0.3920
antique	0.6340	0.2900
antiques	0.5400	0.3700
antiquity	0.3850	0.3330
antiseptic	0.4380	0.3700
antisocial	0.1460	0.6860
antithesis	0.3960	0.4120
antithetical	0.2710	0.5090
antiviral	0.4590	0.4700
antler	0.4480	0.4700
antsy	0.4490	0.5580
anus	0.3470	0.6440
anvil	0.3800	0.5100
anxiety	0.1460	0.8650
anxietyattack	0.1500	0.9250
anxious	0.2810	0.8750
anxiousness	0.2350	0.8140
anytime	0.6250	0.4610
aorta	0.4480	0.5100
aortic	0.4360	0.5400
apace	0.5360	0.5000
apache	0.6870	0.4690
apartment	0.7190	0.3930
apartments	0.7040	0.3370
apathetic	0.1880	0.2920
apathy	0.1840	0.2120
ape	0.5480	0.3890
aperture	0.6120	0.4500
apex	0.5700	0.4330
aphid	0.3880	0.4730
aphrodisiac	0.7500	0.8460
apiece	0.4390	0.2590
aplomb	0.5000	0.5090
apocalypse	0.0500	0.8670
apocalyptic	0.1730	0.8800
apologetic	0.4790	0.4610
apologist	0.4060	0.4290
apologize	0.5510	0.3780
apology	0.5710	0.3460
apostasy	0.3880	0.5200
apostate	0.3420	0.5000
apostle	0.6460	0.3470
apostolic	0.5920	0.3000
apostrophe	0.4690	0.3680
apothecary	0.5610	0.3280
appalled	0.1940	0.7920
appalling	0.1600	0.8270
apparatus	0.3750	0.3530
apparel	0.6980	0.4350
apparent	0.4730	0.3830
apparently	0.5310	0.4100
apparition	0.4060	0.5730
appeal	0.6630	0.5980
appear	0.7350	0.5060
appearance	0.6690	0.4900
appease	0.6330	0.2780
appellant	0.3270	0.5880
append	0.5730	0.4640
appendage	0.2290	0.3820
appendectomy	0.1770	0.6700
appendicitis	0.0310	0.6400
appendix	0.3650	0.3870
appetite	0.7040	0.6370
appetizer	0.7550	0.5600
appetizing	0.8060	0.6570
applaud	0.8650	0.8240
applause	0.9530	0.8570
apple	0.8110	0.3000
apple juice	0.7650	0.2040
applejack	0.6040	0.4310
applesauce	0.7500	0.1670
appliance	0.5820	0.4530
appliances	0.5940	0.3940
applicability	0.6770	0.4900
applicable	0.4690	0.4300
applicant	0.6120	0.5580
application	0.6460	0.4450
apply	0.6120	0.3210
appoint	0.5650	0.3300
appointment	0.6880	0.5940
appointments	0.7450	0.6770
apportion	0.6770	0.4900
apportionment	0.5520	0.4810
appraisal	0.4170	0.6670
appraise	0.6770	0.4900
appreciable	0.8730	0.4910
appreciate	0.8850	0.4220
appreciated	0.9100	0.4340
appreciates	0.7650	0.5000
appreciation	0.9170	0.5290
appreciative	0.8570	0.3800
apprehend	0.5210	0.6240
apprehension	0.3850	0.7200
apprehensive	0.4060	0.5920
apprentice	0.6150	0.4130
apprenticeship	0.8120	0.4820
approach	0.6120	0.3920
approaching	0.7400	0.5570
approbate	0.6460	0.5900
approbation	0.7920	0.5290
appropriate	0.8330	0.3680
appropriation	0.5100	0.6320
approval	0.8540	0.4600
approve	0.8750	0.5480
approved	0.8330	0.3490
approvement	0.8800	0.6250
approving	0.9170	0.5830
approximate	0.5510	0.5600
approximately	0.6220	0.3960
approximating	0.5830	0.6150
approximation	0.5820	0.4020
appurtenances	0.5730	0.4120
apricot	0.7080	0.3200
apron	0.5820	0.2080
apt	0.5820	0.4180
aptitude	0.7500	0.4710
aqua	0.6560	0.2920
aquamarine	0.7290	0.3060
aquarium	0.6630	0.3270
aquatic	0.6770	0.5100
aqueduct	0.5510	0.4110
aqueous	0.4290	0.2700
arable	0.5100	0.3500
arbiter	0.5610	0.5370
arbitrary	0.2810	0.7020
arbitrate	0.4700	0.6200
arbitration	0.5870	0.6020
arbitrator	0.3850	0.4480
arbor	0.5830	0.4900
arc	0.5520	0.3880
arcade	0.6760	0.5210
arcane	0.5000	0.4900
arch	0.5000	0.3540
archaeological	0.7400	0.4410
archaeologist	0.5520	0.4510
archaeology	0.5960	0.3580
archaic	0.2710	0.3270
archangel	0.8370	0.5000
archbishop	0.6220	0.2800
archdiocese	0.4000	0.3210
archduke	0.4580	0.4130
arched	0.5820	0.4030
archer	0.5730	0.6220
archery	0.5940	0.6040
archetype	0.4480	0.5200
archipelago	0.7450	0.3700
architect	0.7760	0.4420
architectural	0.7290	0.3900
architecture	0.8200	0.3900
archive	0.4380	0.2940
arctic	0.6150	0.3520
ardent	0.6940	0.8730
ardor	0.5000	0.7800
arduous	0.3440	0.7830
area	0.4900	0.3060
arena	0.5100	0.2350
areola	0.4170	0.3960
areyoukidding	0.4290	0.6330
areyoukiddingme	0.3650	0.6350
argent	0.5940	0.4180
argh	0.2600	0.5380
arghh	0.2920	0.5360
arghhhh	0.2500	0.6180
argue	0.0930	0.7980
argument	0.5100	0.4640
argumentation	0.4790	0.5490
argumentative	0.4500	0.5310
arguments	0.5410	0.6020
arid	0.3230	0.3330
arise	0.7500	0.5820
aristocracy	0.6880	0.5490
aristocrat	0.5830	0.4130
aristocratic	0.4490	0.5190
arithmetic	0.4530	0.4600
ark	0.3960	0.4270
arm	0.5520	0.2850
armada	0.4080	0.7400
armament	0.1980	0.7640
armaments	0.1920	0.8390
armature	0.5100	0.5580
armchair	0.6460	0.1640
armed	0.1880	0.7500
armor	0.4690	0.6250
armored	0.4690	0.5090
armory	0.4480	0.6630
armpit	0.2830	0.4390
arms	0.4640	0.3950
army	0.4170	0.7590
aroma	0.8230	0.2350
aromatherapy	0.8470	0.2200
arousal	0.7910	0.9430
arouse	0.7400	0.4910
aroused	0.7080	0.9520
arraignment	0.4060	0.8370
arrange	0.7400	0.4900
arranged	0.6980	0.5310
arrangement	0.6250	0.3820
array	0.5210	0.3960
arrears	0.2860	0.4850
arrest	0.1460	0.9510
arrhythmia	0.2650	0.7060
arrival	0.6780	0.5100
arrive	0.8370	0.4060
arrogance	0.1430	0.7500
arrogant	0.1150	0.7550
arrow	0.4390	0.3900
arsehole	0.2760	0.5980
arseholes	0.1880	0.5450
arsenal	0.3650	0.7410
arsenic	0.2810	0.4720
arson	0.1330	0.9040
arsonist	0.3480	0.8400
art	0.8120	0.3600
arterial	0.3960	0.5100
artery	0.3960	0.5800
artful	0.7710	0.6080
arthritis	0.1100	0.5180
arthropod	0.3440	0.4640
artichoke	0.5830	0.2180
article	0.5940	0.2800
articles	0.5520	0.3240
articulate	0.6770	0.4620
articulation	0.4790	0.4800
artifact	0.5100	0.5000
artifice	0.3160	0.6960
artificial	0.3060	0.3850
artillery	0.3500	0.9120
artisan	0.7810	0.3300
artist	0.8020	0.4420
artiste	0.8440	0.5120
artistic	0.8020	0.6460
artistry	0.8230	0.3460
artists	0.7960	0.6670
artwork	0.8960	0.3680
arty	0.4900	0.4220
asap	0.5710	0.5000
asbestos	0.3570	0.4810
ascend	0.8300	0.6200
ascendancy	0.7240	0.6250
ascendant	0.6560	0.6730
ascending	0.8260	0.6440
ascension	0.7650	0.7200
ascent	0.7550	0.6270
ascertain	0.5600	0.5300
ascertained	0.5310	0.5290
ascetic	0.4380	0.3750
ash	0.2600	0.2100
ashamed	0.1560	0.5880
ashes	0.3270	0.2790
ashtray	0.4060	0.3820
asinine	0.4290	0.4720
ask	0.5310	0.4400
asleeep	0.4900	0.2100
asleep	0.6040	0.1000
asp	0.4380	0.4890
asparagus	0.4690	0.3170
aspartame	0.4690	0.4800
aspect	0.4790	0.4690
aspects	0.4390	0.4800
aspen	0.4790	0.2800
asphalt	0.4790	0.2640
asphyxia	0.1980	0.7040
asphyxiation	0.0590	0.7450
aspiration	0.7040	0.7240
aspire	0.8120	0.4690
aspirin	0.4790	0.2710
aspiring	0.8440	0.5820
ass	0.3230	0.7500
assail	0.3780	0.5100
assailant	0.1840	0.8680
assassin	0.0730	0.9330
assassinate	0.0510	0.9690
assassination	0.0830	0.9410
assault	0.1670	0.8480
assay	0.6330	0.5590
assemblage	0.4290	0.4520
assemble	0.5420	0.5700
assembled	0.6630	0.4500
assembly	0.6980	0.5000
assemblyman	0.4300	0.5380
assent	0.6150	0.5150
assert	0.7500	0.6190
asserting	0.6940	0.5310
assertion	0.7400	0.4420
assertive	0.7190	0.4120
assess	0.6980	0.5000
assessment	0.7500	0.6230
assessor	0.5510	0.5380
asset	0.7970	0.7650
assets	0.6670	0.6130
asshole	0.1330	0.5820
assign	0.6220	0.4170
assignee	0.5100	0.4620
assignment	0.4830	0.3980
assimilate	0.5590	0.3910
assimilation	0.4290	0.3780
assist	0.8330	0.4350
assistance	0.6560	0.5190
assistant	0.6250	0.3900
associate	0.8120	0.4090
association	0.7450	0.5000
assorted	0.6020	0.4600
assortment	0.6940	0.3600
assuage	0.7450	0.2550
assume	0.6980	0.4010
assumed	0.6120	0.2470
assuming	0.7400	0.3900
assumption	0.4790	0.4310
assurance	0.6750	0.4420
assure	0.9100	0.4600
assured	0.8780	0.3270
assuredly	0.7860	0.3960
asterisk	0.5410	0.2880
asteroid	0.4300	0.7210
asteroids	0.3610	0.6940
asthma	0.1980	0.5490
asthmatic	0.2290	0.7060
astigmatism	0.2140	0.4900
astonish	0.7860	0.8450
astonished	0.5100	0.7750
astonishing	0.8440	0.8020
astonishingly	0.8270	0.8980
astonishment	0.6800	0.7180
astound	0.7290	0.6750
astral	0.6040	0.4170
astray	0.0980	0.6760
astringent	0.3160	0.5000
astrologer	0.5940	0.5190
astrology	0.6350	0.3400
astronaut	0.7920	0.6010
astronomer	0.7500	0.5090
astronomical	0.6000	0.6320
astronomy	0.6130	0.4740
astute	0.7760	0.6580
asunder	0.2080	0.4420
asylum	0.4070	0.3300
asymmetric	0.5800	0.3430
asymmetry	0.4760	0.3730
asymptotic	0.4790	0.4510
atelier	0.4900	0.3300
atheism	0.2760	0.4600
atheistic	0.3730	0.4810
atherosclerosis	0.2500	0.4800
athlete	0.7810	0.7180
athletic	0.8570	0.7980
athleticism	0.7500	0.8630
athletics	0.8310	0.6910
atlas	0.5310	0.3060
atmosphere	0.6040	0.3000
atmospheric	0.5310	0.4200
atoll	0.4800	0.4080
atom	0.5100	0.5000
atomic	0.3270	0.8170
atone	0.4180	0.6730
atonement	0.5500	0.6020
atpeace	0.7240	0.2980
atrium	0.4690	0.3650
atrocious	0.0730	0.8110
atrocity	0.1150	0.8440
atrophy	0.1770	0.5400
attach	0.5200	0.3630
attached	0.5620	0.3500
attachment	0.5700	0.3430
attack	0.2860	0.9480
attacker	0.1850	0.9620
attacking	0.2760	0.8370
attain	0.8060	0.5100
attainable	0.7600	0.5000
attainment	0.8300	0.5200
attempt	0.6250	0.4910
attempted	0.5940	0.5800
attend	0.6500	0.4200
attendance	0.8120	0.5000
attendant	0.5800	0.3650
attention	0.7400	0.5990
attentionseeker	0.3670	0.7450
attentionseekers	0.5310	0.6730
attentive	0.8120	0.5200
attenuate	0.4080	0.3020
attenuated	0.4490	0.2800
attenuation	0.4580	0.3630
attest	0.4390	0.7100
attestation	0.2340	0.6350
attic	0.5210	0.2590
attire	0.7420	0.3880
attitude	0.7600	0.6440
attorney	0.6000	0.5940
attract	0.7960	0.6630
attraction	0.9060	0.7740
attractive	0.9060	0.6300
attractiveness	0.9380	0.6670
attributable	0.7040	0.4300
attribute	0.7810	0.4390
attribution	0.6460	0.4670
attrition	0.2290	0.5400
auburn	0.5100	0.2400
auction	0.5940	0.7020
auctioneer	0.5420	0.7320
audacious	0.7400	0.8750
audacity	0.7600	0.7550
audible	0.6730	0.3700
audience	0.6980	0.6100
audio	0.7090	0.4250
audit	0.3750	0.5620
audition	0.7500	0.6850
auditions	0.7400	0.7650
auditor	0.5820	0.5710
auditorium	0.5290	0.4900
auditory	0.5310	0.4810
aught	0.4180	0.1350
augment	0.6500	0.6830
augmentation	0.7140	0.6130
august	0.6520	0.2920
aunt	0.6670	0.2910
auntie	0.6430	0.2750
aura	0.7600	0.3330
aurora	0.8170	0.3060
auspices	0.5420	0.5000
auspicious	0.5620	0.6350
austere	0.5000	0.3900
austerity	0.4380	0.4060
authentic	0.8850	0.5100
authenticate	0.8330	0.4800
authentication	0.7240	0.4910
authenticity	0.6700	0.5480
author	0.7750	0.3430
authoritative	0.6360	0.5200
authority	0.5920	0.5920
authorization	0.5210	0.5670
authorize	0.7720	0.5960
authorized	0.7600	0.4580
authorship	0.6670	0.6350
autism	0.2350	0.5000
autistic	0.3670	0.3370
auto	0.5710	0.5690
autobiographical	0.9090	0.4620
autobiography	0.7350	0.2840
autocorrect	0.5510	0.4390
autocratic	0.5420	0.5770
autograph	0.7350	0.5650
autographed	0.7810	0.6200
automated	0.5780	0.4020
automatic	0.5620	0.4330
automobile	0.7530	0.6250
automotive	0.6560	0.5200
autonomy	0.7810	0.3490
autopilot	0.5940	0.4620
autopsy	0.2520	0.6500
autumn	0.7650	0.2040
auxiliary	0.6220	0.4710
avail	0.8000	0.4300
availability	0.7960	0.5440
available	0.8440	0.3560
avalanche	0.2650	0.9150
avarice	0.1980	0.7260
avatar	0.6330	0.4100
avenge	0.0730	0.8670
avenger	0.3370	0.8650
avenging	0.1430	0.8800
avenue	0.6770	0.3600
aver	0.4920	0.4500
average	0.6840	0.2800
aversation	0.5820	0.4420
averse	0.2530	0.5690
averseness	0.2960	0.6060
aversion	0.0740	0.6630
avert	0.5100	0.3880
aviary	0.5000	0.3600
aviation	0.7080	0.6460
aviator	0.6150	0.7000
avid	0.5820	0.4590
avocado	0.6770	0.2550
avoid	0.4270	0.4420
avoidance	0.4700	0.4810
avoiding	0.4570	0.4330
await	0.4480	0.2640
awake	0.6670	0.4690
awaken	0.7290	0.4120
awakening	0.7450	0.5000
award	0.8650	0.7450
awards	0.9580	0.7360
aware	0.6560	0.3400
awareness	0.6840	0.4220
awe	0.4690	0.7400
awed	0.3640	0.7740
awesome	0.9800	0.8970
awesomeness	0.9170	0.6470
awestruck	0.6150	0.7670
awful	0.0610	0.7860
awkward	0.2960	0.6500
awkwardness	0.1670	0.4540
awning	0.5000	0.1860
awry	0.1560	0.5400
axe	0.2960	0.6900
axial	0.4580	0.2780
axiom	0.4390	0.4410
axiomatic	0.4580	0.3920
axis	0.2090	0.2500
axle	0.4590	0.2940
ay	0.5000	0.5570
aye	0.5620	0.4200
azimuth	0.3850	0.4610
azure	0.6200	0.2560
babble	0.5520	0.4410
babbling	0.3960	0.4180
babe	0.8600	0.5360
baboon	0.3570	0.4100
baby	0.8370	0.3650
babysit	0.7190	0.5870
babysitter	0.6560	0.4150
baccalaureate	0.7290	0.5100
baccarat	0.5830	0.4970
bachelor	0.6670	0.4060
bachelorette	0.7350	0.7800
back	0.4380	0.3530
backboard	0.4800	0.2590
backbone	0.5380	0.4640
backdoor	0.3440	0.4100
backdrop	0.3200	0.3090
backer	0.6460	0.3750
backfire	0.2650	0.6120
backgammon	0.5800	0.4100
background	0.3990	0.3570
backhand	0.4270	0.4490
backhoe	0.3980	0.5540
backoff	0.1040	0.3960
backpack	0.7290	0.2780
backpacker	0.5100	0.7300
backroom	0.4060	0.5000
backseat	0.3880	0.3300
backside	0.1820	0.4170
backtrack	0.3120	0.5250
backup	0.5200	0.5100
backward	0.3090	0.3670
backwardness	0.2400	0.5000
backwards	0.3020	0.3720
backwater	0.3120	0.4100
backwoods	0.5410	0.3500
backyard	0.5520	0.2800
bacon	0.6980	0.4060
bacteria	0.1770	0.5530
bacterial	0.1560	0.5000
bacterium	0.1940	0.5450
bad	0.1250	0.6250
badass	0.2550	0.7750
badday	0.3270	0.4490
badfeeling	0.2500	0.5590
badge	0.5670	0.4880
badger	0.3440	0.4290
badhabit	0.1840	0.5940
badly	0.0730	0.5090
badness	0.0940	0.8230
baffle	0.3440	0.4420
baffled	0.1510	0.6000
bag	0.5000	0.2500
bagel	0.5310	0.3630
baggage	0.6100	0.3630
baggie	0.3670	0.4270
baggy	0.5210	0.2780
bagman	0.5060	0.5000
bagpipes	0.5410	0.5560
bail	0.3730	0.5200
bailiff	0.3470	0.5190
bait	0.2760	0.3270
bake	0.8670	0.4180
bakery	0.8020	0.5000
baking	0.5490	0.4550
bal	0.4900	0.4120
balance	0.6840	0.2650
balanced	0.8060	0.2550
balcony	0.5620	0.3920
bald	0.3060	0.1840
balding	0.3020	0.3630
baldy	0.3980	0.3850
bale	0.4370	0.3630
balk	0.2290	0.4510
ball	0.7400	0.4270
ballad	0.7920	0.2840
ballast	0.3540	0.4230
ballerina	0.8020	0.6600
ballet	0.6560	0.4800
ballgame	0.7810	0.7900
ballistic	0.2600	0.8060
ballistics	0.2710	0.7870
balloon	0.7290	0.2450
ballot	0.5210	0.3610
ballpark	0.7240	0.6940
ballplayer	0.7190	0.7640
ballpoint	0.5960	0.3370
ballroom	0.8470	0.6350
ballsy	0.5310	0.4910
balm	0.6250	0.2750
balmy	0.6840	0.3270
balsam	0.6630	0.2500
balsamic	0.5820	0.2830
bam	0.4270	0.4720
bamboo	0.6460	0.2220
ban	0.1460	0.6890
banana	0.6120	0.2300
band	0.6480	0.5520
bandage	0.2200	0.3270
bandanna	0.5620	0.2760
bandit	0.0940	0.7960
bandstand	0.7350	0.5360
bandwagon	0.6250	0.6510
bandwidth	0.7140	0.3370
bane	0.2650	0.6940
bang	0.2650	0.9510
banger	0.3780	0.5400
banish	0.1630	0.6770
banished	0.0520	0.7130
banishment	0.1600	0.7750
banister	0.4180	0.4100
banjo	0.4690	0.4000
bank	0.5620	0.3270
banker	0.5860	0.5880
banking	0.5100	0.3270
bankroll	0.4690	0.5700
bankrupt	0.1630	0.6730
bankruptcy	0.0100	0.6960
banner	0.5210	0.4080
banquet	0.7650	0.5710
banshee	0.4080	0.5650
banter	0.5940	0.6770
banzai	0.5500	0.5100
baptism	0.8440	0.3840
baptismal	0.6460	0.3430
baptize	0.7390	0.4260
bar	0.5000	0.5310
barb	0.4480	0.3650
barbarian	0.3230	0.8960
barbaric	0.2350	0.7980
barbarism	0.1900	0.8150
barbecue	0.7920	0.6430
barbed	0.1770	0.5940
barber	0.5430	0.4590
barbershop	0.5970	0.4410
barbie doll	0.7290	0.3700
bard	0.4700	0.4100
bare	0.3330	0.7170
bareback	0.5000	0.3560
barefoot	0.4450	0.3730
barely	0.4480	0.1830
barf	0.3400	0.4910
bargain	0.6530	0.5330
bargaining	0.6220	0.6400
barge	0.4690	0.3880
baritone	0.5920	0.5290
barium	0.4060	0.3530
bark	0.3600	0.6020
barkeep	0.4800	0.5000
barks	0.4270	0.6940
barley	0.6140	0.2120
barmaid	0.5210	0.4720
barman	0.5940	0.6100
barn	0.5100	0.4520
barnacle	0.4080	0.3370
barney	0.4510	0.3780
barnyard	0.5100	0.3530
barometer	0.3880	0.2730
baron	0.5200	0.3580
baroness	0.6250	0.4530
baroque	0.4900	0.3570
barrack	0.3780	0.5000
barracuda	0.3330	0.7130
barrage	0.3880	0.8710
barred	0.1430	0.7410
barrel	0.4290	0.2980
barren	0.1730	0.3730
barricade	0.3230	0.6670
barrier	0.3330	0.4800
barring	0.2920	0.6700
barrister	0.4690	0.5700
barroom	0.6860	0.6190
barrow	0.4790	0.3630
bartender	0.5730	0.6980
barter	0.4650	0.5590
base	0.6350	0.2980
baseball	0.6600	0.7600
baseball bat	0.6670	0.5670
baseboard	0.3960	0.1980
baseless	0.2920	0.3820
baseline	0.4830	0.3670
baseman	0.6040	0.4490
basement	0.3880	0.5000
bases	0.5690	0.2360
bash	0.3850	0.5460
bashful	0.4000	0.4060
basic	0.6430	0.1020
basics	0.6880	0.3110
basil	0.5340	0.2740
basilica	0.6120	0.3020
basin	0.5520	0.2310
basis	0.6020	0.2600
bask	0.7600	0.3300
basket	0.4580	0.2270
basketball	0.8140	0.7640
bass	0.4270	0.2060
bass guitar	0.7380	0.3700
basso	0.4170	0.4200
bassoon	0.5000	0.4330
bastard	0.0940	0.6920
bastarding	0.1040	0.6080
bastards	0.0820	0.6800
bastion	0.5310	0.5000
bat	0.3240	0.4090
batch	0.5600	0.3570
batching	0.4840	0.4200
bate	0.4290	0.5250
bath	0.7250	0.2600
bathe	0.6770	0.2940
bathhouse	0.6020	0.3800
bathing	0.7400	0.2760
bathrobe	0.5310	0.4420
bathroom	0.5610	0.2830
bathtub	0.6250	0.2400
bathymetry	0.4320	0.4800
baton	0.2720	0.2350
battalion	0.3330	0.8180
batter	0.5610	0.2450
battered	0.0800	0.7900
battering	0.2100	0.7980
battery	0.4800	0.4250
battle	0.3650	0.9450
battled	0.2920	0.7940
battlefield	0.1330	0.9180
battleground	0.1560	0.9580
battlements	0.2760	0.4410
battleship	0.4790	0.7500
batty	0.3750	0.6190
bauble	0.6980	0.4290
bawdy	0.1840	0.8230
bawl	0.3850	0.8800
bay	0.7190	0.3650
bayonet	0.2630	0.7750
bayou	0.4690	0.4310
bazaar	0.6040	0.3400
bazooka	0.3020	0.8240
bday	0.7290	0.6000
be	0.6700	0.2400
beach	0.8850	0.5290
beaches	0.8650	0.5000
beacon	0.5800	0.4070
bead	0.5920	0.3880
beading	0.5420	0.3200
beads	0.6730	0.3880
beady	0.4480	0.4170
beagle	0.6490	0.4700
beak	0.3750	0.3630
beaker	0.4200	0.4100
beam	0.5840	0.3490
beaming	0.8920	0.6540
bean	0.6670	0.2690
beanbag	0.4500	0.3800
beanie	0.5000	0.2300
bear	0.4480	0.5700
bearable	0.5420	0.3750
beard	0.4900	0.2610
bearded	0.4390	0.3370
bearer	0.5710	0.5470
bearing	0.5710	0.3670
bearings	0.4180	0.4900
bearish	0.5210	0.5490
bearskin	0.3330	0.3980
beast	0.2140	0.7800
beastly	0.1460	0.8740
beat	0.2790	0.6470
beaten	0.0830	0.8460
beater	0.4380	0.5450
beating	0.1530	0.8330
beatnik	0.4290	0.5100
beau	0.6120	0.4400
beautification	0.8850	0.5750
beautiful	0.8750	0.6140
beautify	0.8980	0.5920
beauty	0.8420	0.6000
beaver	0.4900	0.3440
bebop	0.4820	0.4900
beck	0.5800	0.3750
beckon	0.6630	0.4550
become	0.6410	0.5830
bed	0.6040	0.1730
bedding	0.7040	0.2760
bedpan	0.5100	0.4000
bedrock	0.5610	0.3400
bedroom	0.7440	0.2960
bedside	0.6040	0.1670
bedspread	0.5510	0.1390
bedtime	0.6730	0.3140
bee	0.5200	0.5090
beef	0.5820	0.3120
beefsteak	0.5940	0.3910
beehive	0.5410	0.7000
beep	0.5950	0.5410
beeper	0.4380	0.7200
beer	0.5920	0.6540
bees	0.5620	0.6350
beeswax	0.5830	0.4020
beetle	0.3230	0.3560
befall	0.5200	0.6630
befitting	0.7080	0.3330
befriend	0.9300	0.6240
befuddled	0.1560	0.7140
beg	0.2920	0.6080
beggar	0.2400	0.4020
begging	0.2920	0.4610
begin	0.6770	0.5690
beginner	0.4900	0.4800
beginning	0.8160	0.5280
beginnings	0.8370	0.5270
begrudge	0.1770	0.7310
begun	0.6770	0.5000
behappy	0.8750	0.5570
behave	0.6770	0.3630
behavior	0.5940	0.4420
behavioral	0.6120	0.4400
behemoth	0.5830	0.7810
behest	0.6020	0.3500
behold	0.6100	0.2840
beholden	0.2960	0.5550
beholder	0.7140	0.4910
beige	0.4900	0.2220
belated	0.2400	0.4000
belay	0.5000	0.4720
belch	0.1940	0.5620
belief	0.8960	0.3750
believable	0.8660	0.3900
believe	0.7810	0.3700
believed	0.5000	0.5620
believer	0.7250	0.4450
believing	0.8700	0.4180
belittle	0.1220	0.4170
belittled	0.1770	0.3920
bell	0.5520	0.5100
bellboy	0.5420	0.3630
bellhop	0.5000	0.2870
belligerent	0.3440	0.6800
bellman	0.5400	0.2500
bellow	0.2480	0.3370
bellows	0.4580	0.5150
belly	0.5100	0.3880
bellybutton	0.5310	0.2830
bellyful	0.3470	0.8060
belong	0.6430	0.4050
belongings	0.5920	0.3800
beloved	0.9690	0.6130
belt	0.5410	0.3220
beluga	0.5100	0.3330
bemused	0.2810	0.4900
bench	0.5710	0.2890
bend	0.5710	0.3240
bender	0.4900	0.5100
bending	0.4480	0.5650
beneath	0.3540	0.1730
benedictory	0.6770	0.4380
benefactor	0.8330	0.5780
beneficial	0.8200	0.5790
beneficiary	0.7760	0.3990
benefit	0.9060	0.4220
benevolence	0.7860	0.3400
benevolent	0.7860	0.4070
benign	0.6940	0.4400
bent	0.3750	0.4530
benzene	0.4390	0.4590
bequeath	0.7430	0.5000
bequest	0.6610	0.3980
bereaved	0.1040	0.4790
bereavement	0.2650	0.6770
bereft	0.2290	0.4900
beret	0.5420	0.2400
bergamot	0.5100	0.3650
berlin	0.5920	0.4230
berserk	0.3980	0.5560
berth	0.2950	0.3370
beryllium	0.4170	0.4120
beseech	0.3300	0.4410
beset	0.3850	0.7170
bestdayever	0.7600	0.6460
bestfeeling	0.8060	0.5090
bestfriends	0.9340	0.6620
bestial	0.2600	0.7610
besties	0.8880	0.5090
bestow	0.6560	0.5600
bestseller	0.7710	0.6430
bet	0.3850	0.6980
beta	0.7100	0.3700
betray	0.0420	0.8700
betrayal	0.0830	0.7190
betrayed	0.1220	0.7690
betrothed	0.8330	0.6300
betterment	0.8980	0.5360
betting	0.2370	0.8040
betty	0.5420	0.3580
bevel	0.7570	0.4060
beverage	0.6350	0.4900
bevy	0.4290	0.4600
beware	0.1510	0.5960
bewilder	0.3060	0.5710
bewildered	0.2300	0.6300
bewilderment	0.3120	0.7160
bias	0.4000	0.3700
biased	0.2710	0.3020
bib	0.3850	0.3960
bible	0.7190	0.2250
biblical	0.6350	0.3040
bibliography	0.6220	0.2040
bicarbonate	0.4790	0.3370
bicentennial	0.5410	0.4230
biceps	0.5920	0.5880
bicker	0.1430	0.6430
bickering	0.1220	0.8000
bicolor	0.5800	0.3270
bicycle	0.7080	0.5190
bid	0.7600	0.5300
bidder	0.4650	0.4740
bidding	0.5860	0.6440
bide	0.3680	0.4070
biennial	0.5310	0.3090
bier	0.4970	0.4480
bifurcation	0.3850	0.6250
big	0.8020	0.5880
bigamy	0.3270	0.6960
bigday	0.7960	0.6890
biggestfear	0.0620	0.7300
biggie	0.5310	0.4810
bighorn	0.4800	0.5470
bigmouth	0.4170	0.5770
bigot	0.4790	0.7450
bigoted	0.1530	0.7600
bigotry	0.3560	0.7370
bike	0.7080	0.5000
biker	0.6040	0.7100
bikini	0.7300	0.6390
bilateral	0.6330	0.3430
bilayer	0.4380	0.3980
bile	0.1570	0.4610
bilge	0.3160	0.3920
bilingual	0.7350	0.4900
bill	0.3960	0.4020
billboard	0.5940	0.3170
billet	0.4790	0.5830
billiard	0.7190	0.6160
billiards	0.6430	0.5590
billing	0.4060	0.4810
billion	0.7190	0.5640
billionaire	0.8060	0.6670
billy	0.4900	0.3970
bimbo	0.3960	0.3700
bimonthly	0.4080	0.2980
bin	0.4220	0.3040
binary	0.4900	0.3560
bind	0.3980	0.4620
binder	0.4380	0.2500
bindery	0.5480	0.3880
binding	0.4380	0.4250
bing	0.5730	0.4530
binge	0.3040	0.6500
bingo	0.7350	0.6670
binocular	0.5310	0.3440
binoculars	0.4900	0.3090
binomial	0.6000	0.4060
bio	0.6120	0.2250
biochemical	0.3670	0.4810
biochemist	0.4710	0.4490
biochemistry	0.5520	0.5310
biogenesis	0.5940	0.4420
biographer	0.7080	0.4270
biography	0.6980	0.2290
biological	0.5900	0.4100
biologist	0.6250	0.4530
biology	0.4790	0.2740
bionic	0.5710	0.5700
biopsy	0.3230	0.6570
biosphere	0.6840	0.3510
bipartite	0.3650	0.4800
bipolar	0.2080	0.6850
birch	0.5620	0.3460
bird	0.7290	0.3570
birdcage	0.4800	0.3980
birdie	0.5940	0.3940
birdman	0.4900	0.5670
birth	0.8960	0.6550
birthday	0.9690	0.8440
birthing	0.7960	0.8770
birthmark	0.6300	0.4610
birthplace	0.7810	0.2900
birthright	0.6840	0.4170
bis	0.4400	0.4200
biscuit	0.8880	0.2600
bishop	0.5940	0.1840
bison	0.5730	0.4330
bisque	0.6930	0.4430
bistro	0.5940	0.4720
bit	0.4270	0.3100
bitch	0.2760	0.7400
bitchy	0.1880	0.7000
bite	0.2190	0.7960
biter	0.2600	0.5980
bitsy	0.5100	0.3880
bitter	0.2180	0.6270
bitterly	0.1940	0.6850
bitterness	0.1150	0.6330
bittersweet	0.4690	0.5690
bitty	0.4690	0.2710
bitumen	0.3750	0.2350
biweekly	0.5810	0.3370
biz	0.5000	0.4730
bizarre	0.3790	0.6200
blab	0.4380	0.4250
blabbermouth	0.3230	0.6400
blackberry	0.6670	0.4130
blackbird	0.5200	0.3400
blackboard	0.4690	0.2550
blacken	0.2080	0.5000
blackface	0.3020	0.4900
blackjack	0.4190	0.6790
blacklist	0.1330	0.7500
blackmail	0.0940	0.8020
blackmailer	0.0920	0.7800
blackness	0.2600	0.4800
blackout	0.1260	0.5300
blacksmith	0.4800	0.5310
bladder	0.4060	0.4120
blade	0.3780	0.6020
blame	0.1150	0.6400
blameless	0.7590	0.1960
bland	0.3000	0.2260
blank	0.5310	0.2290
blanket	0.7400	0.1320
blare	0.4390	0.5610
blase	0.4200	0.3100
blasphemous	0.2100	0.7550
blasphemy	0.1460	0.7940
blast	0.1670	0.9290
blaster	0.4590	0.5380
blastoff	0.3570	0.8650
blatant	0.3270	0.6770
blather	0.3440	0.4810
blaze	0.6980	0.4670
blazer	0.6350	0.3850
blazing	0.5940	0.8960
bleach	0.3360	0.2820
bleak	0.2040	0.4270
bleed	0.0410	0.8430
bleeder	0.2600	0.8520
bleeding	0.1350	0.8170
bleep	0.4790	0.6670
blemish	0.2190	0.5580
blemished	0.1730	0.4690
blend	0.4690	0.4520
blender	0.6020	0.5340
blending	0.5600	0.4180
bless	0.9290	0.2690
blessed	0.9100	0.2790
blessing	0.9290	0.2640
blessings	0.9290	0.3610
bleu	0.4600	0.3540
blight	0.2710	0.7710
blighted	0.1460	0.6150
blimp	0.6000	0.4100
blinded	0.2450	0.4710
blindfold	0.4480	0.6840
blindfolded	0.2080	0.5640
blinding	0.3040	0.5960
blindly	0.4390	0.5980
blindness	0.2450	0.4800
blink	0.5520	0.3160
blip	0.5290	0.4610
bliss	0.8160	0.5000
blissful	0.8850	0.6390
blister	0.4070	0.5380
blistering	0.3440	0.5690
blitz	0.4170	0.7220
blizzard	0.3750	0.7260
bloat	0.2290	0.6940
bloated	0.1670	0.5930
blob	0.5000	0.3760
block	0.2860	0.3500
blockade	0.3800	0.5190
blockage	0.2500	0.6080
blockbuster	0.7300	0.6760
blockhead	0.1630	0.3330
blog	0.6390	0.3900
bloke	0.4500	0.4790
blond	0.5900	0.4900
blonde	0.6980	0.5450
blood	0.2190	0.6840
bloodbath	0.0600	0.9710
bloodhound	0.3270	0.4620
bloodless	0.2920	0.3900
bloodline	0.5100	0.6570
bloodshed	0.0480	0.9420
bloodshot	0.1880	0.8100
bloodstream	0.5520	0.5300
bloodthirsty	0.0520	0.8040
bloody	0.0310	0.9100
bloom	0.8160	0.4530
bloomers	0.5210	0.5870
blooming	0.8600	0.4520
blossom	0.7920	0.2750
blot	0.3650	0.3040
blotched	0.1330	0.5620
blotter	0.3600	0.2980
blouse	0.5800	0.1900
blow	0.3160	0.7500
blower	0.5640	0.5500
blowfish	0.3440	0.4200
blowing	0.5210	0.4720
blowjob	0.4600	0.7840
blown	0.3330	0.5480
blowout	0.3980	0.7920
blowtorch	0.5200	0.7300
blubber	0.3880	0.2600
bluddy	0.3120	0.5280
blue	0.6460	0.1370
blue spruce	0.5590	0.3350
blueberry	0.6560	0.1850
bluebird	0.5730	0.3500
bluegrass	0.5730	0.4410
bluejay	0.6350	0.5200
blueprint	0.4900	0.1730
blues	0.4690	0.2200
bluff	0.4180	0.2860
bluish	0.6040	0.2450
blunder	0.1350	0.6350
blunt	0.5510	0.6800
blur	0.2680	0.4710
blurred	0.3200	0.3670
blurry	0.0590	0.3850
blurt	0.4080	0.4390
blush	0.6980	0.6100
blushing	0.5100	0.7890
boa	0.2550	0.5690
boa constrictor	0.1980	0.7840
boar	0.4060	0.5000
board	0.5920	0.2550
board game	0.7110	0.4900
boarder	0.6040	0.4400
boarding	0.5310	0.4020
boardroom	0.5550	0.5660
boards	0.4690	0.2700
boardwalk	0.6430	0.4810
boast	0.5200	0.5860
boastful	0.4900	0.8060
boasting	0.4170	0.6200
boat	0.5160	0.4200
boathouse	0.5920	0.3800
boating	0.6380	0.6130
boatload	0.3650	0.4150
boatman	0.5920	0.5730
bobbin	0.4290	0.4720
bobcat	0.5620	0.4900
bobsled	0.6670	0.6130
bode	0.3440	0.4060
bodega	0.5730	0.3070
bodice	0.3900	0.4710
bodily	0.5940	0.4810
body	0.6940	0.4610
bodyguard	0.5100	0.7100
bog	0.3020	0.3610
bogey	0.3800	0.5190
bogeyman	0.3880	0.7080
bogus	0.2190	0.3530
bohemian	0.6220	0.5000
boil	0.4170	0.6840
boiler	0.5610	0.5900
boilerplate	0.3980	0.5190
boiling	0.3020	0.6900
boisterous	0.3850	0.8060
bold	0.4900	0.2710
boldness	0.8060	0.6840
bollocks	0.4480	0.4710
bolster	0.7080	0.4710
bolt	0.3540	0.3630
bolus	0.4260	0.4910
bomb	0.1670	0.9120
bombard	0.1560	0.9610
bombardier	0.2400	0.8630
bombardment	0.1460	0.9590
bombed	0.0510	0.8510
bomber	0.1250	0.8370
bombers	0.1730	0.9200
bombing	0.1670	0.9630
bombshell	0.3270	0.8680
bonanza	0.8750	0.4100
bonbon	0.8650	0.5510
bond	0.6670	0.5190
bondage	0.1460	0.7050
bonding	0.5940	0.4420
bonds	0.7400	0.4720
bondsman	0.4690	0.4970
bone	0.3370	0.3700
bonehead	0.3370	0.5210
boner	0.3440	0.6120
bones	0.2810	0.3430
bonfire	0.4800	0.7190
bong	0.3330	0.5660
bonkers	0.3060	0.8470
bonne	0.4480	0.3950
bonnet	0.4060	0.5090
bonny	0.5610	0.4040
bonsai	0.7140	0.2350
bonus	0.8570	0.6200
bony	0.4450	0.4620
boo	0.1530	0.6760
boob	0.6940	0.6000
booby	0.3960	0.4230
booger	0.3990	0.5370
boogeyman	0.2920	0.5590
boogie	0.5900	0.5430
book	0.8020	0.2100
bookcase	0.5530	0.2210
bookie	0.3440	0.6330
booking	0.7080	0.5030
bookish	0.6040	0.2360
bookkeeper	0.4800	0.3630
bookkeeping	0.5200	0.2140
booklet	0.5100	0.2700
bookmaker	0.5830	0.8040
bookmark	0.5430	0.4410
books	0.7290	0.1150
bookseller	0.5830	0.3170
bookshop	0.6880	0.2910
bookstore	0.7710	0.1800
bookworm	0.5630	0.3370
boom	0.6040	0.6550
boomer	0.4800	0.5390
boomerang	0.5310	0.6250
booming	0.6880	0.5540
boon	0.8780	0.2940
boooo	0.2710	0.5490
boost	0.8650	0.7300
booster	0.7550	0.6000
boot	0.4380	0.6500
booth	0.5310	0.4000
bootleg	0.3570	0.5190
bootlegger	0.3540	0.6490
boots	0.6020	0.2550
booty	0.6630	0.5870
booze	0.2650	0.7450
bop	0.4290	0.4900
bopper	0.3980	0.5300
border	0.4060	0.3820
bordering	0.6430	0.3820
borderline	0.4490	0.5200
bore	0.4170	0.4400
boreal	0.5820	0.3480
bored	0.1530	0.1670
boredom	0.1670	0.1390
borer	0.3020	0.5490
boring	0.1940	0.2170
born	0.8650	0.5090
boron	0.4410	0.3700
borough	0.4290	0.3430
borrow	0.3980	0.5730
borrower	0.4390	0.4230
bosom	0.6120	0.5880
boss	0.3100	0.6270
bossy	0.2400	0.8240
boston	0.6430	0.3800
botanical	0.6600	0.2590
botanist	0.6510	0.2400
botany	0.6040	0.2010
bother	0.2080	0.7800
bothering	0.2080	0.7640
bottle	0.4690	0.2360
bottleneck	0.2840	0.4710
bottling	0.3650	0.3330
bottom	0.4170	0.3700
bottomless	0.3100	0.4700
botulism	0.2920	0.5750
boulder	0.4610	0.3090
bounce	0.3750	0.6330
bouncer	0.4900	0.6530
bouncy	0.5620	0.5650
bound	0.4170	0.6670
boundary	0.5610	0.4270
boundless	0.6840	0.6420
bounds	0.3780	0.4260
bountiful	0.8540	0.5960
bounty	0.7600	0.7550
bouquet	0.7240	0.3520
bourbon	0.6020	0.4900
bourgeois	0.4390	0.5930
bourgeoisie	0.3570	0.4170
bourse	0.5300	0.2300
bout	0.2080	0.8080
boutique	0.7450	0.4900
bouttime	0.5880	0.3730
bovine	0.4490	0.2550
bow	0.5300	0.3060
bowed	0.4100	0.4180
bowel	0.3060	0.4170
bowels	0.1940	0.4480
bowl	0.6250	0.3770
bowler	0.5520	0.6330
bowling	0.6560	0.4310
bowls	0.5510	0.2800
box	0.5000	0.1790
boxcar	0.4200	0.4690
boxer	0.4900	0.8100
boxers	0.3750	0.8800
boxing	0.4270	0.8540
boycott	0.1120	0.6900
boyfriend	0.7810	0.6040
boyhood	0.7290	0.7450
boyish	0.6980	0.5620
boysenberry	0.6460	0.4090
bozo	0.3880	0.3640
bra	0.6720	0.5290
brace	0.6100	0.3850
bracelet	0.7760	0.3400
braces	0.5000	0.3370
brachial	0.3880	0.3630
bracket	0.4900	0.3500
brackets	0.5730	0.2810
brackish	0.4690	0.3680
brad	0.4900	0.3850
brag	0.3470	0.5450
braid	0.4270	0.2220
brain	0.6670	0.4410
brainless	0.1380	0.3100
brains	0.6630	0.5570
brainstorm	0.7940	0.7840
brainwash	0.1980	0.6470
brainy	0.7080	0.5200
brake	0.3120	0.4810
bran	0.6880	0.4330
branch	0.5380	0.2060
branching	0.5200	0.4220
brand	0.5620	0.2840
brandy	0.6000	0.5900
brash	0.3600	0.8140
brass	0.5000	0.3200
brass knuckle	0.4060	0.4490
brassiere	0.5100	0.4690
brat	0.3120	0.4400
bratwurst	0.5100	0.4900
bravado	0.4790	0.5100
brave	0.8370	0.7500
bravery	0.8980	0.7450
brawl	0.1040	0.9380
brawn	0.4380	0.4020
brazen	0.2920	0.6400
breach	0.1770	0.7450
bread	0.6600	0.3140
breadth	0.6670	0.4900
break	0.6100	0.2650
breakable	0.1940	0.6670
breakaway	0.4790	0.8020
breakdown	0.3650	0.4230
breaker	0.3230	0.5270
breakers	0.4690	0.5880
breakfast	0.8850	0.3300
breaking and entering	0.4180	0.7290
breakingnews	0.5000	0.5520
breakneck	0.2540	0.8330
breakthrough	0.6800	0.5250
breakup	0.2500	0.7200
breast	0.7530	0.4290
breath	0.6840	0.3920
breathe	0.8330	0.3730
breather	0.6240	0.4710
breathless	0.3230	0.4900
breathtaking	0.9360	0.7920
breech	0.5000	0.6370
breeches	0.3650	0.4570
breed	0.4900	0.4410
breeder	0.6450	0.4810
breeding	0.6670	0.4810
breeze	0.8370	0.2840
breezy	0.5310	0.4720
brethren	0.9170	0.3800
breve	0.5350	0.3650
brevity	0.4590	0.4340
brew	0.7400	0.5380
brewery	0.7100	0.6220
brewing	0.7400	0.5930
briar	0.4930	0.3750
bribe	0.1120	0.6900
bribery	0.1350	0.7750
brick	0.2170	0.4180
bridal	0.8230	0.6550
bride	0.8400	0.7080
bridegroom	0.8090	0.7360
bridesmaid	0.7480	0.5190
bridge	0.6250	0.3240
bridle	0.4270	0.3670
brief	0.4690	0.3000
briefcase	0.5420	0.2060
briefing	0.6120	0.3330
briefly	0.6860	0.3140
brig	0.5730	0.5390
brigade	0.6040	0.7100
bright	0.8900	0.5270
brighten	0.7600	0.5470
brightens	0.7710	0.6110
brighter	0.9180	0.6980
brightness	0.9380	0.6230
brilliance	0.9900	0.6730
brilliant	0.9390	0.5750
brim	0.4690	0.3330
brimming	0.6560	0.6900
brimstone	0.3570	0.5200
brine	0.3330	0.4810
bring	0.6350	0.4600
brink	0.3750	0.4130
brisk	0.7190	0.7450
brisket	0.5520	0.3780
bristle	0.3750	0.3750
brittle	0.2760	0.4900
bro	0.7940	0.3490
broach	0.4380	0.4390
broad	0.7620	0.3650
broadcast	0.6150	0.5870
broadcasting	0.5420	0.7000
broaden	0.6780	0.6020
broadside	0.4590	0.3160
broadsword	0.4690	0.5730
brocade	0.5000	0.3270
broccoli	0.4690	0.2000
brochure	0.5520	0.2260
broil	0.5100	0.4040
broke	0.2450	0.5900
broken	0.0620	0.5000
brokenheart	0.1150	0.5770
brokenhearted	0.1300	0.5980
broker	0.5820	0.4620
brokerage	0.4790	0.5000
bromide	0.3470	0.4250
bronco	0.5000	0.5100
bronze	0.6220	0.3330
brooch	0.5310	0.2600
brood	0.6330	0.5190
brooding	0.3270	0.3670
brook	0.5940	0.3470
broom	0.3850	0.1540
broomstick	0.4100	0.2650
broth	0.5000	0.2450
brothel	0.2550	0.8860
brother	0.8230	0.3610
brotherhood	0.9900	0.4710
brotherly	0.8650	0.3060
brow	0.5620	0.3110
brown	0.3960	0.2020
brownstone	0.5590	0.4230
browse	0.6350	0.7500
brrr	0.3730	0.5400
bruise	0.1330	0.6400
bruising	0.0840	0.5200
brunch	0.4060	0.3630
brunette	0.8020	0.5280
brunt	0.2040	0.7500
brush	0.4900	0.2650
brutal	0.1220	0.8820
brutality	0.1220	0.8320
brute	0.1150	0.5470
brutish	0.2700	0.8370
bubble	0.7740	0.2130
bubbling	0.5000	0.4380
bubbly	0.6980	0.6080
bubonic	0.2800	0.5300
buck	0.6770	0.5770
buckaroo	0.4480	0.4690
bucket	0.4080	0.1670
buckle	0.4160	0.3730
buckled	0.4270	0.3580
bucko	0.4390	0.4550
buckshot	0.2550	0.7400
buckwheat	0.4900	0.4710
bud	0.4600	0.4020
buddha	0.6900	0.1980
buddhism	0.5100	0.1150
budding	0.4900	0.5000
buddy	0.8840	0.5850
budge	0.7190	0.7550
budget	0.6430	0.3960
buff	0.5610	0.4250
buffalo	0.4690	0.5280
buffer	0.5200	0.4740
buffering	0.4790	0.4680
buffet	0.6560	0.5460
buffoon	0.3440	0.6510
bug	0.2860	0.5000
bugaboo	0.4390	0.4910
bugged	0.5610	0.4390
bugger	0.3120	0.6270
buggy	0.5000	0.5090
bugle	0.4790	0.5880
bugler	0.5420	0.5400
build	0.7710	0.5460
builder	0.6600	0.6420
building	0.7050	0.2880
buildings	0.5820	0.3800
buildup	0.4900	0.5090
bulb	0.5620	0.2080
bulbous	0.3900	0.4420
bulge	0.2600	0.4870
bulimic	0.0920	0.5700
bulk	0.4690	0.4130
bulkhead	0.3120	0.4250
bulky	0.4270	0.5910
bull	0.5210	0.6400
bulldog	0.4940	0.6500
bulldozer	0.4590	0.5490
bullet	0.4080	0.7940
bulletin	0.5730	0.2940
bulletproof	0.7500	0.7210
bullfighter	0.4480	0.7940
bullfrog	0.3440	0.4810
bullheaded	0.2290	0.7400
bullhorn	0.5100	0.6530
bullion	0.6930	0.5580
bullock	0.2810	0.4020
bullpen	0.4800	0.5490
bullshit	0.0420	0.6760
bully	0.2570	0.7550
bulwark	0.5510	0.5520
bum	0.2810	0.4510
bumblebee	0.4690	0.4930
bummed	0.2960	0.4300
bummer	0.1630	0.5000
bump	0.2860	0.4580
bumper	0.3850	0.5730
bumpy	0.3060	0.6830
bun	0.4240	0.3060
bunch	0.5520	0.3580
bundle	0.5100	0.3430
bungalow	0.5620	0.3520
bungee	0.6370	0.5450
bunghole	0.2860	0.4260
bunion	0.2760	0.3400
bunk	0.4380	0.3320
bunker	0.3750	0.6730
bunkhouse	0.4700	0.4140
bunny	0.7400	0.3250
bunt	0.4170	0.4220
buoy	0.5620	0.2800
buoyancy	0.6250	0.3730
buoyant	0.6250	0.4410
bur	0.3850	0.3530
burden	0.3670	0.5830
burdened	0.4290	0.5190
burdensome	0.2290	0.6960
bureau	0.5620	0.3730
bureaucracy	0.3800	0.5780
bureaucrat	0.2080	0.5190
bureaucratic	0.2800	0.6300
burger	0.6880	0.5680
burglar	0.0500	0.7690
burglary	0.1460	0.9180
burial	0.2030	0.5770
buried	0.1330	0.5300
burke	0.4660	0.4410
burlap	0.4290	0.4620
burlesque	0.3270	0.6150
burly	0.5620	0.6500
burn	0.2190	0.7830
burned	0.1630	0.6030
burner	0.2960	0.8160
burning	0.2290	0.7600
burnished	0.5200	0.5800
burnout	0.2190	0.4450
burnt	0.0820	0.7130
burp	0.2190	0.5940
burr	0.3900	0.4260
burrito	0.6880	0.2940
burro	0.4000	0.3560
burrow	0.4380	0.2800
bursary	0.7290	0.4620
burst	0.1560	0.8940
bury	0.0770	0.5710
bus	0.4070	0.4110
busboy	0.5100	0.4530
bush	0.4130	0.2200
bushel	0.4170	0.3870
bushy	0.5620	0.3210
business	0.6880	0.5690
business man	0.5300	0.5980
businessman	0.6530	0.5100
businesswoman	0.7190	0.5000
busload	0.5610	0.4810
buss	0.4690	0.5000
bust	0.5200	0.5000
busted	0.2040	0.6760
buster	0.4690	0.4910
bustle	0.3470	0.8140
bustling	0.4900	0.8500
busy	0.4020	0.5000
busybody	0.2550	0.6340
butane	0.4420	0.4830
butcher	0.5000	0.5750
butler	0.4690	0.2250
butt	0.3470	0.7250
butter	0.6500	0.2920
buttercup	0.5620	0.4820
butterfly	0.8920	0.3270
buttermilk	0.6330	0.3110
butterscotch	0.7080	0.5100
buttery	0.6250	0.3180
buttock	0.4290	0.6000
buttocks	0.4580	0.6770
button	0.5200	0.2200
buttress	0.4380	0.6840
buxom	0.5620	0.7190
buy	0.7710	0.7690
buyer	0.6130	0.5190
buying	0.6650	0.7840
buzz	0.3330	0.6860
buzzard	0.3500	0.5000
buzzed	0.5830	0.5490
buzzer	0.5490	0.7160
buzzing	0.4300	0.5880
bye	0.3750	0.3980
bygone	0.2290	0.3100
bylaw	0.4690	0.3730
byline	0.4690	0.4500
bypass	0.4290	0.4180
bystander	0.4800	0.4620
byte	0.4900	0.3800
byzantine	0.5460	0.4430
cab	0.4380	0.4900
cabal	0.5000	0.4060
cabana	0.6980	0.2960
cabaret	0.6770	0.6560
cabbage	0.3980	0.2250
cabbie	0.5210	0.4170
cabernet	0.5430	0.4200
cabin	0.6430	0.2920
cabinet	0.5520	0.3060
cable	0.5830	0.2450
caboodle	0.5290	0.5210
caboose	0.4400	0.4530
cabriolet	0.6670	0.5250
cache	0.5520	0.3480
cacophony	0.4080	0.5620
cactus	0.4390	0.4120
cad	0.4470	0.4060
cadaver	0.0300	0.6900
caddie	0.5210	0.4350
caddy	0.5800	0.4700
cadence	0.4270	0.4730
cadet	0.5040	0.3930
cafe	0.7810	0.3920
cafeteria	0.7570	0.4000
caffeine	0.5620	0.7590
cage	0.3160	0.3330
cagey	0.5420	0.3630
cahoots	0.3120	0.6960
cairn	0.2600	0.4350
cake	0.8100	0.3750
cakewalk	0.7190	0.5100
calamari	0.5210	0.3120
calamitous	0.2190	0.6850
calamity	0.1220	0.7950
calcareous	0.4900	0.3680
calcium	0.6000	0.3460
calculate	0.4900	0.4520
calculated	0.6330	0.4250
calculating	0.4580	0.4300
calculation	0.6460	0.4530
calculator	0.5130	0.2830
calculus	0.3600	0.3600
calendar	0.4800	0.2120
calender	0.5310	0.2750
calf	0.5310	0.3660
caliber	0.4290	0.5510
calibrate	0.5520	0.4600
calico	0.4060	0.3380
calipers	0.4800	0.5100
calisthenics	0.5620	0.6630
call	0.5940	0.6270
callback	0.5240	0.5290
caller	0.6460	0.6150
calligraphy	0.6200	0.2160
calling	0.6460	0.5900
callous	0.2450	0.5000
calls	0.6080	0.4310
calm	0.8750	0.1000
calming	0.8850	0.1050
calmness	0.9340	0.1050
caloric	0.3270	0.4830
calorie	0.3330	0.5400
calorimeter	0.4060	0.5600
cam	0.4480	0.3630
camaraderie	0.8330	0.5100
camber	0.4300	0.3820
camcorder	0.5560	0.4220
camel	0.5400	0.2820
cameo	0.5730	0.4570
camera	0.6400	0.2880
cameraman	0.5420	0.4520
camisole	0.4970	0.2500
camouflage	0.4380	0.5850
camouflaged	0.3500	0.4220
camp	0.6220	0.6170
campaign	0.6020	0.7300
campaigner	0.5920	0.6980
campaigning	0.5310	0.6630
camper	0.5730	0.5290
campfire	0.6770	0.5090
camping	0.6530	0.5290
campsite	0.6800	0.4900
campus	0.6040	0.3880
can	0.6620	0.3600
can opener	0.4440	0.4910
canal	0.6730	0.2590
canary	0.5820	0.2760
cancel	0.2140	0.3060
canceling	0.2290	0.4700
cancellation	0.2240	0.4310
cancer	0.0520	0.6940
candid	0.6670	0.3490
candidacy	0.4900	0.6570
candidate	0.5960	0.4900
candied	0.7130	0.3300
candle	0.6020	0.2210
candlelight	0.7890	0.2940
candles	0.6150	0.2060
candlestick	0.4480	0.5310
candor	0.7400	0.3890
candy	0.9300	0.4250
cane	0.4590	0.2980
canine	0.5730	0.5690
canister	0.5530	0.2710
canker	0.2620	0.4690
cannabis	0.2710	0.5000
canned	0.3980	0.3570
cannibal	0.1220	0.8240
cannibalism	0.0940	0.8900
canning	0.4900	0.3920
cannon	0.5290	0.6760
cannonball	0.3440	0.8400
canoe	0.5420	0.3000
canon	0.3850	0.5190
canonical	0.5420	0.4100
canons	0.3850	0.5880
canopy	0.6150	0.2640
cantaloupe	0.5920	0.2120
cantbreathe	0.2840	0.6670
canteen	0.6880	0.6000
canterbury	0.5820	0.4380
canthandleit	0.3540	0.6130
cantilever	0.3570	0.6180
cantina	0.6460	0.6120
canto	0.7760	0.4610
canton	0.5420	0.4720
cantstandit	0.4180	0.5460
cantwin	0.2600	0.5090
canvas	0.7190	0.0900
canvass	0.6750	0.3560
canyon	0.4680	0.7310
cap	0.6120	0.2400
capability	0.8330	0.5710
capable	0.7650	0.5870
capacity	0.7190	0.4110
cape	0.5310	0.2350
caper	0.5100	0.3700
capillary	0.4690	0.3650
capital	0.5200	0.5000
capitalism	0.4480	0.6860
capitalist	0.3520	0.5770
capitalize	0.7710	0.6010
capitals	0.7550	0.5000
capitation	0.4790	0.5290
capitol	0.5350	0.3750
capitulation	0.3750	0.5460
cappuccino	0.7920	0.2790
caprice	0.3330	0.6400
capricious	0.2210	0.6500
caps	0.5100	0.2210
capslock	0.3300	0.3940
capsule	0.5830	0.2900
captain	0.5520	0.6530
caption	0.8140	0.2920
captivate	0.6980	0.6040
captivating	0.8950	0.5940
captive	0.2350	0.5580
captivity	0.2250	0.4930
captor	0.3470	0.6250
capture	0.3570	0.6500
car	0.7760	0.5400
caramel	0.9010	0.3630
carat	0.8230	0.6040
caravan	0.6350	0.5590
carbon	0.6040	0.3600
carburetor	0.4690	0.6120
carcass	0.1150	0.5290
carcinoma	0.1530	0.6920
card	0.5310	0.2690
cardboard	0.5000	0.1730
cardiac	0.3440	0.7650
cardigan	0.5990	0.3240
cardinal	0.5830	0.3580
cardiologist	0.4580	0.6300
cardiology	0.2030	0.5450
cardiomyopathy	0.1770	0.6450
cards	0.5680	0.3170
care	0.7290	0.3700
career	0.7400	0.7120
carefree	0.7550	0.2200
careful	0.6250	0.5380
carefully	0.6980	0.3300
careless	0.2550	0.4310
carelessness	0.2450	0.4820
caress	0.8330	0.4180
caret	0.6560	0.4020
caretaker	0.7140	0.5310
cargo	0.4080	0.4440
caribou	0.5620	0.4520
caricature	0.6040	0.3730
caries	0.1150	0.5690
caring	0.6350	0.4690
carjack	0.4380	0.6820
carnage	0.4060	0.6000
carnal	0.4170	0.6790
carnation	0.6530	0.3570
carnival	0.9270	0.8880
carnivorous	0.2240	0.6130
carol	0.6730	0.4120
carols	0.8470	0.4200
carousel	0.7040	0.5000
carp	0.5310	0.3240
carpal	0.4490	0.3270
carpenter	0.5210	0.5500
carpentry	0.5610	0.4590
carpet	0.5200	0.1700
carpeting	0.5420	0.3120
carpool	0.6250	0.5090
carriage	0.6500	0.5380
carried	0.4900	0.3820
carrier	0.5330	0.5880
carrot	0.5000	0.2350
carry	0.6350	0.3800
carrying	0.6560	0.5570
carsick	0.2240	0.5740
cart	0.5200	0.3440
carte	0.5920	0.3200
cartel	0.4380	0.3940
carter	0.3120	0.4800
cartilage	0.4380	0.3700
cartographic	0.4900	0.3480
cartography	0.5200	0.3000
carton	0.2860	0.1860
cartoon	0.8670	0.4710
cartouche	0.4270	0.4580
cartridge	0.4580	0.5000
carve	0.4690	0.4430
carver	0.4180	0.5000
carving	0.5410	0.4440
cascade	0.7350	0.5090
case	0.4270	0.2750
casein	0.4700	0.4360
cash	0.8670	0.5520
cashier	0.6150	0.4130
cashmere	0.6530	0.4520
casing	0.4580	0.3270
casino	0.5420	0.6840
cask	0.4900	0.3980
casket	0.1250	0.4900
casserole	0.5700	0.3600
cassette	0.4900	0.3340
cast	0.5580	0.6200
castaway	0.2080	0.6460
caste	0.5100	0.3330
caster	0.6040	0.6700
castle	0.6800	0.3960
castor	0.5830	0.3370
castrate	0.1770	0.4850
castration	0.1980	0.7350
casual	0.6430	0.2240
casually	0.6580	0.2900
casualty	0.2350	0.2740
cat	0.6670	0.2600
catabolism	0.2650	0.5730
catalog	0.5610	0.2210
catalogue	0.6470	0.3270
catalysis	0.3850	0.5590
catalyst	0.6040	0.5090
catalytic	0.5620	0.5190
catamaran	0.5710	0.5660
catapult	0.4800	0.8300
cataract	0.4060	0.5450
catastrophe	0.1460	0.9520
catastrophic	0.0710	0.9340
catatonic	0.2550	0.5000
catch	0.5310	0.4370
catcher	0.6530	0.4130
catching	0.4900	0.7880
catchphrase	0.6980	0.4230
catchy	0.6770	0.4410
catechism	0.6560	0.2360
categorical	0.6150	0.4420
category	0.5710	0.2640
cater	0.8020	0.5000
caterer	0.5500	0.5570
caterpillar	0.4610	0.2860
cates	0.3700	0.3940
catfish	0.4580	0.3370
cathartic	0.4500	0.5100
cathedral	0.5980	0.3300
catheter	0.3360	0.4910
cathouse	0.3270	0.3750
catnip	0.4390	0.3810
cattle	0.6220	0.3400
catwalk	0.6980	0.4360
caucus	0.4180	0.3110
caudal	0.5000	0.4250
cauldron	0.5100	0.4860
cauliflower	0.4480	0.2550
caulk	0.3670	0.5000
causal	0.5620	0.3670
causality	0.5000	0.3780
causation	0.5620	0.4800
cause	0.4690	0.3730
caused	0.3440	0.5200
causeway	0.4530	0.3820
caution	0.5520	0.7120
cautionary	0.5100	0.5410
cautious	0.4700	0.4450
cautiously	0.5100	0.3880
cavalier	0.7350	0.4620
cavalry	0.6670	0.7270
cave	0.4590	0.3330
caveat	0.3440	0.6290
caveman	0.2350	0.6440
cavern	0.3230	0.3600
cavernous	0.3540	0.5480
caviar	0.9060	0.3940
caving	0.3780	0.4910
cavity	0.4660	0.3850
cayenne	0.6150	0.3060
cease	0.3880	0.2500
ceasefire	0.5420	0.5940
ceaseless	0.3780	0.7040
cedar	0.5600	0.2670
cede	0.2750	0.3270
ceiling	0.5200	0.2240
celebrant	0.8650	0.6560
celebrate	0.9170	0.8570
celebrated	0.8750	0.6900
celebrating	0.9270	0.8600
celebration	0.9390	0.8240
celebrations	0.9580	0.7940
celebratory	0.8570	0.6530
celebrity	0.7600	0.6190
celery	0.3960	0.1470
celestial	0.8170	0.3600
celibacy	0.3020	0.2760
celibate	0.4190	0.3870
cell	0.5410	0.3750
cellar	0.5100	0.2770
cellblock	0.1860	0.5700
cellist	0.6670	0.5000
cellmate	0.1670	0.6840
cello	0.6350	0.3240
cellophane	0.6480	0.2820
cellular	0.6430	0.3980
cellulite	0.2000	0.3840
celluloid	0.4690	0.4400
cement	0.5440	0.2650
cemented	0.4290	0.3820
cemetery	0.0510	0.6300
censor	0.3440	0.2760
censorship	0.2190	0.6980
censure	0.2190	0.6530
census	0.4490	0.2890
cent	0.4390	0.3670
centenary	0.6040	0.4400
centennial	0.5830	0.3940
center	0.6430	0.2310
centerfold	0.5710	0.4070
centerpiece	0.5940	0.2080
centimeter	0.4270	0.2800
centipede	0.2960	0.3990
central	0.6400	0.3560
centrality	0.5710	0.3120
centralization	0.5210	0.4400
centralize	0.6840	0.4270
centrally	0.7290	0.2800
centrifugal	0.3060	0.6510
centrifuge	0.4950	0.6220
centurion	0.5900	0.4470
century	0.4070	0.3470
ceramic	0.5210	0.2550
ceramics	0.5730	0.2500
cereal	0.6120	0.2060
cereals	0.7190	0.2240
cerebral	0.4080	0.5090
ceremonial	0.7710	0.5400
ceremony	0.7600	0.5590
certain	0.7600	0.3580
certainty	0.7810	0.4000
certifiable	0.7140	0.4270
certificate	0.7860	0.3770
certified	0.7810	0.4220
certify	0.8660	0.4000
cervical	0.3750	0.4130
cervix	0.4290	0.3600
cess	0.4270	0.3750
cessation	0.4140	0.3850
cesspool	0.1670	0.4600
cha cha	0.7140	0.5460
chaff	0.3330	0.3270
chafing	0.4300	0.4150
chagrin	0.1040	0.7040
chagrined	0.1120	0.7450
chai	0.5000	0.3750
chain	0.3780	0.5000
chainsaw	0.3670	0.8040
chair	0.5620	0.0820
chairman	0.6560	0.5670
chairperson	0.7300	0.6570
chairwoman	0.7190	0.6640
chaise	0.4060	0.3490
chalet	0.6530	0.3490
chalice	0.6330	0.2860
chalk	0.3850	0.1850
challenge	0.4690	0.9220
challenger	0.4170	0.7550
chamber	0.5830	0.3730
chambermaid	0.5940	0.3750
chambers	0.5420	0.4420
chameleon	0.4900	0.5800
champ	0.8540	0.7540
champagne	0.7600	0.6000
champion	0.8900	0.8800
championship	0.8330	0.8000
chance	0.8330	0.5510
chancellor	0.6460	0.5000
chandelier	0.6150	0.5420
chandler	0.5100	0.4520
change	0.6250	0.5750
changeable	0.4900	0.4800
changed	0.5940	0.3750
changer	0.5830	0.5190
changing	0.5710	0.5690
channel	0.4900	0.2870
chant	0.7710	0.6980
chaos	0.0160	0.9230
chaotic	0.1150	0.8470
chap	0.5500	0.4100
chapel	0.5730	0.2400
chaperon	0.5000	0.5200
chaplain	0.5820	0.3700
chapman	0.5620	0.5290
chaps	0.3500	0.4620
chapter	0.5800	0.3080
char	0.5540	0.3610
character	0.6670	0.3730
characteristic	0.5830	0.3280
characterize	0.7290	0.4710
charade	0.4580	0.5500
charcoal	0.3020	0.1860
chardonnay	0.6770	0.5670
charge	0.5100	0.6330
chargeable	0.5510	0.5500
charger	0.5310	0.4180
chariot	0.6840	0.5500
charisma	0.9380	0.5910
charismatic	0.9380	0.6840
charitable	0.8650	0.3800
charity	0.9200	0.2840
charlatan	0.2000	0.6400
charm	0.8330	0.3630
charmed	0.9380	0.5700
charmer	0.8820	0.6830
charming	0.9170	0.6600
charred	0.2080	0.6760
chart	0.4690	0.3170
charter	0.6770	0.3820
chartered	0.5690	0.4600
chase	0.3960	0.8780
chased	0.1880	0.8300
chaser	0.3750	0.8300
chasm	0.2650	0.5790
chassis	0.4060	0.3420
chaste	0.4080	0.2480
chastened	0.1560	0.5800
chastisement	0.1560	0.8520
chastity	0.4690	0.3920
chat	0.7290	0.4000
chateau	0.6150	0.4640
chatter	0.5600	0.4500
chatterbox	0.4590	0.5480
chattering	0.4600	0.6630
chatty	0.5940	0.5480
chauffeur	0.5000	0.3530
chauvinist	0.3100	0.5390
cheap	0.6120	0.4710
cheapened	0.4710	0.6110
cheapskate	0.1480	0.4820
cheat	0.1250	0.7760
cheater	0.1040	0.9200
check	0.5230	0.5520
checkbook	0.5520	0.2840
checker	0.3300	0.4170
checkered	0.4590	0.3160
checkers	0.6760	0.4510
checklist	0.5610	0.5210
checkmate	0.6670	0.7080
checkout	0.5970	0.5100
checkpoint	0.5710	0.3230
checkup	0.5000	0.4350
cheek	0.6700	0.3140
cheeks	0.7080	0.3240
cheeky	0.4340	0.6790
cheep	0.3670	0.3800
cheer	0.9380	0.7840
cheered	0.8750	0.6480
cheerful	0.9900	0.7200
cheerfulness	0.9690	0.8020
cheering	0.8150	0.8240
cheerleader	0.9230	0.7460
cheerleading	0.6980	0.7690
cheerless	0.2040	0.3730
cheers	0.9480	0.7700
cheery	0.9490	0.6570
cheese	0.7400	0.2800
cheeseburger	0.8020	0.5290
cheesecake	0.8600	0.2760
cheesy	0.4700	0.4710
cheetah	0.4690	0.7700
chef	0.8540	0.4110
chemical	0.3370	0.5600
chemise	0.5300	0.2750
chemist	0.4080	0.5750
chemistry	0.6250	0.5200
chemo	0.2140	0.6860
chemotherapy	0.1630	0.6890
cheque	0.6980	0.5290
cherish	0.8960	0.4910
cherishing	0.8360	0.3800
cherry	0.6880	0.1860
cherub	0.6630	0.3400
chess	0.6560	0.3630
chest	0.5200	0.4290
chestnut	0.7140	0.2100
chevron	0.4690	0.4690
chew	0.5200	0.4900
chewy	0.6250	0.4180
chic	0.8700	0.6240
chicane	0.3570	0.4600
chick	0.7710	0.6020
chicken	0.5940	0.3060
chicken pox	0.1940	0.5100
chickenpox	0.1730	0.5620
chief	0.5200	0.5440
chiefly	0.6000	0.5870
chieftain	0.3430	0.5290
chiffon	0.4060	0.2300
child	0.9120	0.4600
childbirth	0.6040	0.8610
childhood	0.8650	0.4130
childish	0.5730	0.4420
childless	0.3100	0.4000
childlike	0.6560	0.3720
childloss	0.2400	0.5710
children	0.8570	0.5380
chili	0.5920	0.5660
chill	0.8370	0.2060
chilled	0.5210	0.3400
chilling	0.2080	0.8500
chilly	0.3290	0.4590
chime	0.5730	0.5410
chimera	0.2920	0.5820
chimes	0.6250	0.4900
chimney	0.5830	0.2860
chimp	0.3940	0.5880
chimpanzee	0.5000	0.6330
chin	0.5710	0.3100
china	0.5610	0.4430
chinchilla	0.4800	0.4500
chine	0.5610	0.3600
chinook	0.4080	0.4970
chip	0.4790	0.3820
chipmunk	0.5730	0.5620
chipper	0.4180	0.5880
chipping	0.3540	0.4520
chiropractor	0.4200	0.5490
chirp	0.4690	0.6020
chirping	0.5000	0.4630
chisel	0.4690	0.4040
chiseler	0.4290	0.6060
chit	0.4900	0.3520
chitchat	0.6730	0.4550
chivalry	0.8570	0.3800
chloride	0.2650	0.3870
chlorine	0.3060	0.3270
chloroform	0.2810	0.3700
chocolate	0.8850	0.4800
choice	0.7450	0.5200
choir	0.7040	0.2980
choke	0.1670	0.7880
cholera	0.0200	0.8670
cholesterol	0.1980	0.5830
choose	0.6150	0.5420
choosing	0.7190	0.5290
choosy	0.2800	0.7600
chop	0.2500	0.6550
chopper	0.5940	0.5600
choppers	0.4690	0.7450
chopping	0.5600	0.6250
chops	0.6120	0.4200
choral	0.8520	0.2900
chord	0.7290	0.3940
chords	0.6390	0.4060
chore	0.4060	0.4620
choreographer	0.6460	0.6390
choreography	0.8120	0.7500
chorus	0.6200	0.4170
chosen	0.8650	0.4490
chow	0.5730	0.4900
chowder	0.5100	0.3240
christ	0.7810	0.5100
christen	0.6730	0.3560
christening	0.7250	0.3820
christmas	0.9590	0.5200
christmasbreak	0.8420	0.6400
christmaseve	0.8120	0.4910
christmasspirit	0.8670	0.6020
christmassy	0.8750	0.6980
christmastime	0.8370	0.5880
chromatic	0.4070	0.4130
chromatography	0.4800	0.5370
chrome	0.5820	0.3730
chromium	0.4580	0.4040
chromosome	0.5000	0.2960
chronic	0.2550	0.6150
chronicle	0.4270	0.5710
chronograph	0.5000	0.3920
chronological	0.5940	0.4450
chubby	0.5310	0.4270
chuck	0.5420	0.5090
chuckle	0.8440	0.7360
chug	0.4010	0.4130
chum	0.9110	0.3470
chummy	0.7600	0.4200
chump	0.3750	0.4510
chunk	0.3650	0.2870
chunky	0.5200	0.5170
church	0.7080	0.1980
churchyard	0.2960	0.4440
churn	0.3160	0.4910
chute	0.5800	0.7450
chutney	0.4590	0.3700
ciao	0.5420	0.4260
cider	0.5300	0.3460
cigar	0.3060	0.4630
cigarette	0.2190	0.5280
cilantro	0.4690	0.2600
cinch	0.4500	0.4900
cinder	0.3500	0.2600
cinema	0.6980	0.5380
cinematic	0.6630	0.4900
cinematographer	0.7920	0.4550
cinematography	0.7810	0.5710
cinnamon	0.6000	0.2500
cipher	0.4900	0.4140
circle	0.4800	0.2900
circling	0.5100	0.6540
circuit	0.5860	0.4610
circuitry	0.5960	0.6150
circular	0.5620	0.3420
circulate	0.6120	0.3880
circulation	0.7350	0.5200
circulatory	0.5920	0.5750
circumcision	0.3270	0.6570
circumference	0.4580	0.2550
circumferential	0.5510	0.4220
circumscribed	0.3650	0.5390
circumstance	0.5200	0.5650
circumstances	0.5620	0.5270
circumstantial	0.5000	0.5380
circumvent	0.3160	0.6420
circumvention	0.5310	0.5710
circus	0.7240	0.6370
cirque	0.6040	0.6470
cirrhosis	0.0790	0.6020
cirrus	0.4700	0.4510
cistern	0.5410	0.4130
citadel	0.5850	0.4640
citation	0.5700	0.5490
cite	0.6250	0.4540
citizen	0.6310	0.2500
citizenship	0.7860	0.4040
citrine	0.3750	0.4000
citrus	0.4690	0.3680
city	0.8470	0.5310
citywide	0.5920	0.5090
civic	0.6530	0.2400
civics	0.7000	0.2790
civil	0.5210	0.2810
civilian	0.7000	0.2290
civilians	0.4900	0.4480
civility	0.7600	0.3060
civilization	0.8230	0.4520
civilized	0.7920	0.2310
clad	0.5830	0.3730
claim	0.2550	0.7600
claimant	0.2710	0.6900
clairvoyant	0.7650	0.5310
clam	0.4420	0.3020
clambake	0.5420	0.5400
clammy	0.3540	0.4400
clamor	0.4380	0.6430
clamp	0.5410	0.3880
clan	0.5620	0.4910
clandestine	0.4250	0.6770
clang	0.4590	0.5200
clap	0.7790	0.7310
clapper	0.5000	0.2290
clapping	0.8230	0.8940
clarification	0.8020	0.4610
clarify	0.6520	0.5350
clarinet	0.5920	0.4530
clarion	0.5000	0.4430
clarity	0.7960	0.3100
clash	0.2930	0.9180
clashing	0.1770	0.7640
clasp	0.4480	0.3750
class	0.6560	0.3140
classic	0.6900	0.2600
classic rock	0.7290	0.5710
classical	0.6430	0.1980
classics	0.7500	0.3330
classification	0.5830	0.4230
classified	0.5710	0.4600
classify	0.6460	0.4110
classmate	0.7810	0.4000
classroom	0.5390	0.2920
classy	0.9170	0.4100
clatter	0.4180	0.8200
clause	0.4800	0.4090
clauses	0.4490	0.4290
claustrophobia	0.1250	0.8400
claustrophobic	0.0920	0.7550
clavicle	0.3980	0.4000
claw	0.2600	0.6000
claws	0.2810	0.6980
clay	0.5420	0.2500
clean	0.8270	0.1700
cleaner	0.6040	0.5560
cleaning	0.5950	0.3960
cleanliness	0.8160	0.3630
cleanly	0.8230	0.3520
cleanse	0.6250	0.3100
cleanser	0.6040	0.3530
cleansing	0.7290	0.2980
cleanup	0.7290	0.3140
clear	0.8570	0.3270
clearance	0.5420	0.4590
clearing	0.6800	0.3330
clearness	0.8750	0.3160
cleat	0.4860	0.2600
cleavage	0.5420	0.6020
cleave	0.2960	0.5450
cleaver	0.2400	0.6270
clef	0.6150	0.3600
cleft	0.3060	0.4420
clemency	0.5940	0.4170
clench	0.4380	0.6180
clergy	0.5310	0.3120
clergyman	0.5940	0.3300
cleric	0.5210	0.3240
clerical	0.5200	0.3960
clerk	0.5000	0.5790
clerkship	0.5820	0.3800
clever	0.8960	0.3530
cleverness	0.8780	0.5090
click	0.5360	0.3650
clicker	0.4180	0.4900
client	0.5830	0.4500
clientele	0.6250	0.5770
cliff	0.3610	0.6200
climate	0.6350	0.2400
climatology	0.5310	0.3670
climax	0.7350	0.8530
climb	0.6150	0.6600
climber	0.5730	0.7160
clinch	0.4690	0.5380
cling	0.4170	0.6200
clingy	0.2240	0.4600
clinic	0.4690	0.4390
clinical	0.3370	0.4120
clink	0.4580	0.4620
clip	0.4380	0.3100
clipboard	0.5940	0.2550
clipper	0.2930	0.4220
clipping	0.4600	0.5000
clique	0.4270	0.4300
clitoris	0.6250	0.8440
cloak	0.4690	0.1880
cloaking	0.5210	0.5950
cloakroom	0.6900	0.2540
clobber	0.3960	0.5780
clock	0.6770	0.1730
clockwork	0.4900	0.3730
clod	0.3750	0.4040
clog	0.1040	0.6180
cloister	0.4380	0.4130
clone	0.4060	0.4710
cloning	0.2160	0.6960
close	0.2920	0.2600
closed	0.2400	0.1640
closeness	0.7960	0.2370
closet	0.5310	0.2040
closure	0.2290	0.2200
clot	0.1500	0.5580
cloth	0.5100	0.1900
clothe	0.7970	0.3300
clothes	0.8330	0.2700
clothesline	0.5820	0.3240
clothing	0.7500	0.3430
cloud	0.7400	0.1330
clouded	0.2400	0.2130
cloudiness	0.4690	0.2500
clouds	0.7350	0.1950
cloudy	0.2810	0.2800
clout	0.5840	0.6360
clove	0.4390	0.2960
clover	0.6050	0.3400
cloves	0.4270	0.2180
clown	0.6500	0.5980
clowns	0.6000	0.6730
club	0.6460	0.6180
clubhouse	0.6940	0.5710
clubs	0.7230	0.5300
cluck	0.3900	0.4900
clue	0.6530	0.3800
clueless	0.3500	0.3330
clump	0.5510	0.4800
clumsy	0.1250	0.4200
clunk	0.4480	0.4720
cluster	0.4900	0.4580
clutch	0.3830	0.5000
clutches	0.5420	0.3730
clutter	0.1350	0.5980
coach	0.6330	0.8230
coachman	0.4790	0.3940
coagulation	0.3810	0.5580
coal	0.3600	0.2410
coalesce	0.4790	0.4340
coalition	0.4900	0.7300
coarse	0.3330	0.4810
coast	0.7190	0.3960
coastal	0.6040	0.3700
coaster	0.6120	0.7880
coastline	0.7450	0.2820
coat	0.6770	0.2560
coating	0.6200	0.4400
coax	0.3670	0.4000
cobalt	0.4080	0.3250
cobble	0.4480	0.3850
cobbler	0.5100	0.4150
cobra	0.3120	0.7120
cocaine	0.1560	0.8400
cock	0.4180	0.5620
cockamamie	0.4500	0.5000
cockeyed	0.4590	0.4600
cockpit	0.5200	0.4240
cockroach	0.1880	0.6670
cocksucker	0.0830	0.7640
cocktail	0.7400	0.4800
cocky	0.2600	0.7840
cocoa	0.7760	0.2550
coconut	0.6220	0.2650
cocoon	0.4700	0.2800
cod	0.5100	0.3210
code	0.5830	0.3080
codeine	0.3750	0.5820
codex	0.5310	0.4880
codfish	0.4900	0.2450
codification	0.4480	0.4000
codify	0.4480	0.4100
coding	0.4420	0.3440
coed	0.4690	0.5310
coefficient	0.6770	0.4150
coerce	0.2600	0.7410
coercion	0.3300	0.7080
coercive	0.4790	0.6700
coexist	0.7080	0.4600
coexistence	0.5880	0.4720
coexisting	0.5510	0.3490
coffee	0.8230	0.4180
coffee table	0.7200	0.3390
coffeehouse	0.6940	0.3570
coffeepot	0.7600	0.3330
coffin	0.0730	0.4320
cog	0.4270	0.3430
cogent	0.7650	0.4790
cognac	0.6150	0.5100
cognate	0.6150	0.3500
cognition	0.6350	0.3440
cognitive	0.5130	0.4010
cohabitation	0.6460	0.5260
coherence	0.7200	0.4060
coherent	0.6980	0.2810
cohesion	0.6040	0.5360
cohesive	0.5310	0.4700
cohort	0.4590	0.5510
coil	0.4480	0.3430
coiled	0.3780	0.5180
coin	0.6770	0.5740
coinage	0.5000	0.4000
coincide	0.6350	0.4900
coincidence	0.6120	0.4500
coincident	0.5620	0.3850
coincidental	0.6460	0.4810
coinciding	0.6730	0.3730
coke	0.4040	0.4610
cola	0.4690	0.3250
cold	0.3980	0.5380
coldly	0.3650	0.3580
coldness	0.0930	0.4700
coldsweat	0.4270	0.4910
coleslaw	0.7070	0.3120
colic	0.1350	0.7360
coliseum	0.6120	0.6630
collaborate	0.8160	0.4490
collaboration	0.8850	0.6280
collaborator	0.7290	0.3200
collage	0.6800	0.3210
collagen	0.5410	0.2450
collapse	0.2080	0.6890
collar	0.6560	0.4420
collarbone	0.4200	0.4270
collate	0.4380	0.4480
collateral	0.5310	0.4220
collation	0.5200	0.3330
colleague	0.7400	0.4130
collect	0.6350	0.4810
collected	0.5700	0.4020
collection	0.7250	0.3110
collective	0.5830	0.4580
collectively	0.8170	0.5730
collector	0.5520	0.4810
college	0.7000	0.4670
collegiate	0.5920	0.4610
collide	0.2710	0.8920
collie	0.5620	0.3080
collision	0.2450	0.8480
collocation	0.6370	0.3600
colloquial	0.6040	0.3630
collusion	0.3650	0.5100
cologne	0.6770	0.4130
colon	0.4490	0.3940
colonel	0.4590	0.5920
colonial	0.5530	0.3270
colonic	0.3330	0.4200
colonoscopy	0.2080	0.5240
colony	0.7160	0.3530
colophon	0.5000	0.4080
color	0.7860	0.2800
coloration	0.5410	0.5200
colored	0.8060	0.3170
colorful	0.8500	0.5200
coloring	0.7810	0.4690
colorless	0.3540	0.3400
colors	0.8750	0.3490
colossal	0.6980	0.6920
colt	0.5610	0.5870
columbine	0.5200	0.5210
column	0.4800	0.2500
columnar	0.4480	0.3400
columnist	0.6460	0.3650
com	0.3960	0.3820
coma	0.2190	0.2550
comatose	0.1430	0.4380
comb	0.4900	0.1230
combat	0.3020	0.8460
combatant	0.5310	0.8530
combative	0.3810	0.6900
combination	0.7080	0.4800
combinatorial	0.5610	0.4360
combine	0.6630	0.4420
combined	0.6220	0.3700
combo	0.6980	0.4390
combustible	0.3860	0.6500
combustion	0.4570	0.8070
come	0.5290	0.2690
comeback	0.5800	0.4090
comedian	0.8120	0.7350
comedy	0.9180	0.5550
comet	0.7040	0.6790
comfort	0.8630	0.2310
comfortable	0.9270	0.1630
comforter	0.6180	0.2750
comforting	0.9060	0.3370
comfy	0.9300	0.2410
comic	0.9170	0.4590
comical	0.8440	0.7370
comics	0.6900	0.5560
coming	0.6530	0.4170
comma	0.3440	0.2690
command	0.4270	0.7900
commandant	0.6220	0.7000
commandeer	0.5520	0.6390
commander	0.5310	0.6150
commanding	0.5620	0.6640
commandment	0.6560	0.4900
commando	0.3230	0.7100
commemorate	0.8120	0.6020
commemoration	0.7190	0.6150
commemorative	0.7500	0.4380
commence	0.7600	0.5850
commend	0.9060	0.6940
commendable	0.7860	0.5700
commendation	0.9110	0.5000
commensurate	0.6100	0.3040
comment	0.6670	0.4170
commentary	0.6020	0.4020
commentator	0.4920	0.5100
commerce	0.6460	0.5000
commercial	0.8060	0.4900
commie	0.3850	0.5190
commissary	0.3850	0.5000
commission	0.6770	0.4800
commissioner	0.6020	0.4490
commit	0.3650	0.5290
commitment	0.7140	0.7100
committal	0.4720	0.5190
committed	0.7100	0.5420
committee	0.5920	0.3920
commodity	0.6150	0.3940
commodore	0.4270	0.5300
common	0.6000	0.1270
commoner	0.4480	0.3650
commonly	0.6040	0.1700
commonplace	0.5200	0.3370
commons	0.6330	0.3960
commonwealth	0.6300	0.4060
commotion	0.4900	0.7000
communal	0.5920	0.3210
commune	0.5000	0.4880
communicable	0.7960	0.4910
communicate	0.8230	0.4100
communication	0.8370	0.4000
communicative	0.8470	0.5600
communicator	0.5730	0.5090
communion	0.7650	0.3570
communism	0.2640	0.5700
communist	0.2650	0.7020
community	0.7500	0.3500
commutation	0.4690	0.4310
commutative	0.6670	0.4420
commute	0.6220	0.5820
commuter	0.6460	0.5200
comp	0.5730	0.4500
compact	0.4580	0.4170
compaction	0.5310	0.4710
compactness	0.5820	0.3520
companion	0.7700	0.3770
companionless	0.2710	0.2590
companionship	0.8330	0.4380
company	0.9060	0.4250
comparable	0.5620	0.4430
comparative	0.4700	0.2730
comparatively	0.6040	0.3910
compare	0.5520	0.4080
comparison	0.5830	0.4560
compartment	0.5000	0.3890
compass	0.5410	0.3070
compassion	0.7350	0.2580
compassionate	0.8570	0.4040
compatibility	0.8160	0.4500
compatible	0.8920	0.3870
compel	0.2000	0.8470
compelled	0.3330	0.6540
compelling	0.6980	0.5700
compendium	0.6100	0.4610
compensate	0.6120	0.4290
compensation	0.7750	0.4690
compensatory	0.5890	0.4900
compete	0.5730	0.7450
competence	0.6150	0.8020
competency	0.7680	0.7750
competent	0.8650	0.5600
competition	0.5800	0.7900
competitive	0.4470	0.7180
competitor	0.6120	0.9590
compilation	0.5300	0.5120
compile	0.6000	0.4130
complacency	0.6040	0.5030
complacent	0.6250	0.4520
complain	0.1430	0.6820
complaint	0.1430	0.6060
complement	0.7600	0.2770
complementary	0.7140	0.3200
complete	0.7500	0.4140
completed	0.8230	0.3570
completely	0.7300	0.3700
completeness	0.8230	0.4330
completing	0.6140	0.5000
completion	0.6560	0.4700
complex	0.3880	0.6080
complexed	0.3120	0.5770
complexion	0.5210	0.5200
complexity	0.4790	0.6200
compliance	0.7500	0.4620
compliant	0.6770	0.3100
complicate	0.2100	0.6570
complicated	0.2110	0.6600
complication	0.3650	0.7260
complicity	0.3230	0.6840
compliment	0.8200	0.4900
complimentary	0.8230	0.4130
comply	0.8060	0.3700
complying	0.7290	0.4230
compo	0.5000	0.3460
component	0.5310	0.3820
compose	0.6390	0.4320
composed	0.6840	0.3850
composer	0.8220	0.5880
composite	0.5910	0.4590
composition	0.7650	0.4080
compost	0.4800	0.4040
composure	0.8020	0.3540
compound	0.6350	0.3850
comprehend	0.8750	0.3650
comprehension	0.9080	0.3870
comprehensive	0.7960	0.3850
compress	0.4060	0.4120
compressed	0.3230	0.3960
compressible	0.6220	0.3920
compression	0.6460	0.5210
compressor	0.4180	0.4810
comprise	0.8390	0.3730
compromise	0.6770	0.5200
comptroller	0.4020	0.4810
compulsion	0.1180	0.7600
compulsive	0.3470	0.8710
compulsory	0.3430	0.5410
computable	0.5700	0.4020
computation	0.5830	0.4290
compute	0.5310	0.4080
computer	0.8020	0.3560
computerized	0.6770	0.4500
computing	0.7450	0.3980
comrade	0.7810	0.4120
con	0.2550	0.7360
concatenation	0.4800	0.5930
concave	0.4410	0.3490
conceal	0.3120	0.4360
concealed	0.3440	0.3630
concealment	0.3020	0.5700
concede	0.6700	0.3240
conceit	0.3540	0.6250
conceited	0.1940	0.6670
conceivable	0.7300	0.3500
conceive	0.7080	0.5380
concentrate	0.7500	0.4390
concentration	0.7350	0.5000
concentric	0.7300	0.4790
concept	0.5730	0.2650
conception	0.6940	0.4900
concern	0.2500	0.7340
concerned	0.2920	0.6980
concert	0.9380	0.8670
concerto	0.6130	0.7590
concession	0.5880	0.4230
concessional	0.7700	0.4930
conch	0.5830	0.3060
concierge	0.4800	0.3430
conciliation	0.7920	0.4750
concise	0.5830	0.2980
conclave	0.5730	0.4400
conclude	0.5300	0.2670
concluding	0.5310	0.3820
conclusion	0.6150	0.3770
conclusive	0.5000	0.4270
concoction	0.4480	0.4590
concomitant	0.4270	0.4820
concord	0.6770	0.3200
concordance	0.6250	0.3580
concours	0.5000	0.5300
concourse	0.7400	0.6570
concrete	0.6330	0.4200
concubine	0.3880	0.5940
concur	0.4590	0.3940
concurrence	0.7640	0.6270
concurrent	0.5730	0.5470
concurring	0.5730	0.6000
concussion	0.0720	0.7080
condemn	0.1020	0.7930
condemnation	0.1330	0.7250
condensation	0.5100	0.3160
condensed	0.5980	0.4150
condescending	0.5830	0.3630
condescension	0.5210	0.3770
condiment	0.5200	0.3330
condition	0.5000	0.4690
conditional	0.5210	0.3430
conditionally	0.3960	0.4190
conditioned	0.4900	0.4170
conditioner	0.7810	0.3600
conditioning	0.4400	0.4680
conditions	0.5510	0.4410
condo	0.4390	0.2880
condolence	0.2600	0.4430
condolences	0.1980	0.4800
condom	0.4060	0.6370
condone	0.5710	0.4410
condor	0.5730	0.3880
conducive	0.7750	0.4790
conduct	0.4530	0.5100
conduction	0.5300	0.5570
conductivity	0.5830	0.5750
conductor	0.6770	0.6630
conduit	0.4700	0.3020
cone	0.4170	0.2080
confederacy	0.5900	0.5410
confederate	0.5510	0.5460
confederation	0.6630	0.4040
confer	0.5730	0.4820
conference	0.6880	0.6150
confess	0.3600	0.7120
confession	0.4690	0.6420
confessional	0.4580	0.3920
confessions	0.3250	0.5380
confetti	0.7810	0.5730
confidant	0.8370	0.6330
confide	0.6690	0.4720
confidence	0.9590	0.2760
confident	0.7650	0.3240
confidential	0.6430	0.4710
confidentiality	0.6670	0.4310
confidentially	0.6330	0.4690
configuration	0.5400	0.4430
confine	0.3270	0.5510
confined	0.2860	0.4720
confinement	0.3330	0.6560
confines	0.3960	0.3860
confirm	0.8020	0.4390
confirmation	0.8120	0.4800
confirmatory	0.6560	0.5000
confirmed	0.7600	0.4900
confiscate	0.2500	0.6250
confiscation	0.2080	0.7060
conflagration	0.3440	0.7210
conflict	0.3350	0.9060
conflicting	0.1730	0.7380
confluence	0.6770	0.5980
conform	0.4790	0.3800
conformance	0.6080	0.2780
conformation	0.6220	0.4350
conformity	0.6450	0.3630
confound	0.3470	0.5290
confounded	0.3330	0.5280
confront	0.2810	0.7600
confrontation	0.1770	0.8700
confuse	0.1000	0.5800
confused	0.2200	0.6500
confusing	0.2290	0.6900
confusion	0.2550	0.6670
conga	0.4690	0.5290
congenial	0.8200	0.4120
congenital	0.4480	0.4340
congestion	0.2710	0.6540
conglomerate	0.5000	0.5000
conglomeration	0.5410	0.7200
congrats	0.9300	0.7260
congratulate	0.9270	0.7240
congratulation	0.9480	0.7800
congratulations	0.9600	0.7550
congratulatory	0.9590	0.6160
congregate	0.6530	0.5300
congregation	0.5610	0.4900
congress	0.4490	0.4440
congressional	0.5520	0.4910
congressman	0.4380	0.4710
congruence	0.6560	0.4720
conic	0.5100	0.3680
conical	0.4900	0.4220
conjecture	0.3960	0.3980
conjugal	0.6980	0.5100
conjugate	0.5830	0.4200
conjugation	0.4790	0.4290
conjunction	0.5200	0.4720
conjunctive	0.4870	0.4440
conjure	0.3850	0.6790
conjuring	0.2240	0.6530
conk	0.3400	0.4690
connect	0.7240	0.2990
connected	0.8160	0.5500
connection	0.7290	0.5600
connective	0.7190	0.4910
connoisseur	0.7600	0.4610
conquer	0.6940	0.8730
conquering	0.7600	0.8730
conqueror	0.6040	0.8090
conquest	0.7100	0.7020
conscience	0.6630	0.3750
conscientious	0.6880	0.4040
conscious	0.7400	0.3330
consciousness	0.8400	0.4830
conscription	0.3960	0.7750
consecrated	0.6630	0.5000
consecration	0.7710	0.4180
consecutive	0.6630	0.4180
consensual	0.6630	0.4170
consensus	0.6270	0.3580
consent	0.7500	0.5000
consenting	0.7270	0.4060
consequence	0.2400	0.7210
consequent	0.6630	0.4710
conservation	0.8320	0.4010
conservatism	0.4060	0.3690
conservative	0.6150	0.3160
conservatory	0.6350	0.2400
conserve	0.6900	0.3470
consider	0.6770	0.3680
considerable	0.6530	0.3140
considerate	0.7810	0.3800
consideration	0.5890	0.3800
consignee	0.6350	0.3850
consignment	0.4900	0.4400
consist	0.8230	0.3860
consistency	0.7140	0.5000
consistent	0.7860	0.4310
consolation	0.4080	0.2500
console	0.6250	0.3980
consoled	0.7000	0.3430
consolidate	0.8800	0.4400
consolidated	0.7000	0.3660
consolidation	0.6040	0.4450
consonant	0.5000	0.3470
consort	0.6320	0.5090
conspicuous	0.4790	0.5200
conspiracy	0.1250	0.7870
conspirator	0.2710	0.7860
conspire	0.2060	0.7400
constable	0.5730	0.6670
constancy	0.7860	0.4430
constant	0.7400	0.2960
constantly	0.6630	0.5610
constellation	0.7190	0.5330
consternation	0.1670	0.6800
constipation	0.0790	0.6120
constituency	0.5000	0.4800
constituent	0.5730	0.5000
constituents	0.5730	0.4140
constitute	0.8120	0.3490
constitution	0.5900	0.3800
constitutional	0.6330	0.4180
constitutionality	0.6120	0.4390
constrain	0.2610	0.5000
constrained	0.1350	0.5370
constraint	0.3230	0.5500
construct	0.7500	0.6480
construction	0.8480	0.6120
constructive	0.8600	0.5700
construe	0.6020	0.5190
consul	0.5730	0.3540
consulate	0.5610	0.4530
consult	0.7550	0.3700
consultant	0.7700	0.3440
consultation	0.6600	0.4630
consume	0.4270	0.6200
consumer	0.5070	0.5510
consuming	0.5730	0.5410
consummate	0.5510	0.5400
consummation	0.5830	0.6760
consumption	0.3900	0.5310
contact	0.7190	0.4240
contagion	0.2080	0.6300
contagious	0.1840	0.7250
contain	0.5420	0.4900
container	0.5510	0.3960
containment	0.4110	0.4910
contaminate	0.1400	0.6110
contaminated	0.0400	0.5000
contamination	0.1250	0.6100
contemplate	0.7400	0.3470
contemplation	0.5520	0.3240
contemplative	0.7290	0.3080
contemporaneous	0.6400	0.3730
contemporary	0.7200	0.3650
contempt	0.2060	0.6350
contemptible	0.1460	0.6570
contemptuous	0.2040	0.5000
contend	0.5100	0.6570
contender	0.4800	0.7900
contending	0.4900	0.6980
content	0.7640	0.2960
contented	0.8570	0.6120
contention	0.3750	0.5100
contentious	0.4220	0.5730
contentment	0.8750	0.6100
contents	0.6560	0.3750
contest	0.6670	0.6980
contestant	0.7600	0.5300
context	0.5310	0.3000
contiguous	0.3750	0.4500
continence	0.4500	0.3960
continent	0.5510	0.3730
continental	0.4860	0.3500
contingency	0.3960	0.5000
contingent	0.4700	0.5310
continual	0.5000	0.4230
continually	0.6460	0.4380
continuance	0.7290	0.5100
continuation	0.6150	0.4700
continue	0.6300	0.4270
continued	0.6350	0.4400
continuing	0.6670	0.5000
continuity	0.7810	0.4390
continuous	0.6250	0.5090
continuously	0.7190	0.4170
continuum	0.6770	0.3900
contour	0.5890	0.2650
contraband	0.1770	0.8750
contraception	0.2960	0.5180
contract	0.5940	0.4120
contracted	0.3440	0.5570
contractile	0.4800	0.5860
contracting	0.5940	0.4900
contraction	0.2920	0.7550
contractor	0.5920	0.4790
contradict	0.1600	0.5980
contradiction	0.2500	0.6600
contradictory	0.3650	0.6510
contraption	0.4480	0.5900
contrary	0.3270	0.4490
contrast	0.4800	0.4060
contrasted	0.5210	0.5380
contravene	0.3570	0.6180
contravention	0.3440	0.6270
contribute	0.8060	0.3500
contribution	0.8540	0.4520
contributor	0.8440	0.5100
contrite	0.3470	0.3630
contrition	0.3470	0.5830
contrived	0.4080	0.5300
control	0.7290	0.3520
controller	0.4690	0.7120
controlling	0.4900	0.4410
controversial	0.2710	0.8580
controversy	0.2500	0.8190
contusion	0.1670	0.5650
conundrum	0.3540	0.5240
convalescent	0.4580	0.4800
convection	0.5210	0.4940
convene	0.5830	0.6760
convenience	0.7810	0.4480
conveniences	0.8020	0.4120
convenient	0.8460	0.4910
convent	0.4800	0.2170
convention	0.6220	0.6220
conventional	0.5940	0.2920
converge	0.6350	0.4710
convergence	0.5510	0.4910
convergent	0.7810	0.4900
conversant	0.7240	0.3600
conversation	0.7500	0.5100
conversational	0.7190	0.4310
conversationalist	0.7190	0.4670
converse	0.5940	0.4060
conversing	0.7550	0.4090
conversion	0.4800	0.6050
convert	0.5510	0.5380
converted	0.6630	0.4180
convertible	0.5420	0.5290
convex	0.4380	0.4270
convexity	0.4490	0.3540
convey	0.7190	0.6330
conveyance	0.6150	0.5200
conveyancing	0.3750	0.4790
convict	0.1770	0.8400
conviction	0.6150	0.7040
convince	0.7080	0.5390
convinced	0.7500	0.5000
convincing	0.7600	0.5270
convocation	0.5380	0.6110
convoluted	0.3230	0.6140
convolution	0.4170	0.5590
convoy	0.5000	0.6710
coo	0.4900	0.4390
cook	0.8470	0.5000
cookbook	0.6020	0.3460
cooker	0.5920	0.3730
cookery	0.6330	0.3680
cookie	0.7920	0.3060
cookies	0.8230	0.4510
cooking	0.6940	0.5100
cookout	0.6800	0.4060
cool	0.8850	0.5400
coolant	0.7200	0.4120
cooler	0.6640	0.3750
cooling	0.4690	0.3240
coolness	0.4900	0.3070
coon	0.4900	0.4600
coop	0.6120	0.4450
cooperate	0.8980	0.4510
cooperating	0.7600	0.3900
cooperation	0.8470	0.4730
cooperative	0.8160	0.4610
coordinate	0.6980	0.4290
coordination	0.6770	0.4540
coordinator	0.7500	0.5100
cop	0.3270	0.7700
copacetic	0.5100	0.4710
cope	0.5920	0.6470
copier	0.4590	0.3450
copilot	0.6400	0.5380
coping	0.5620	0.6300
copious	0.4270	0.4620
copper	0.5800	0.2600
copter	0.5710	0.7040
copy	0.4600	0.2400
copycat	0.4490	0.5800
copying	0.4480	0.3150
copyright	0.4580	0.4020
coral	0.8020	0.2310
coral snake	0.2760	0.7120
cord	0.3880	0.3780
cordial	0.8230	0.3120
cordless	0.6670	0.4410
cordon	0.4690	0.3170
corduroy	0.5700	0.3240
core	0.7210	0.3780
cork	0.3470	0.2500
corkscrew	0.4270	0.4430
corn	0.5940	0.1960
cornball	0.4790	0.3780
cornbread	0.6430	0.3040
cornea	0.5210	0.3460
corned	0.4590	0.4410
corner	0.4000	0.2960
cornerstone	0.5500	0.3880
cornet	0.5070	0.5200
cornfield	0.7190	0.3100
cornflakes	0.7290	0.3460
cornice	0.4580	0.4410
cornstarch	0.6430	0.2990
corny	0.4480	0.3700
corollary	0.4580	0.4690
corona	0.8180	0.4390
coronary	0.5670	0.6130
coronation	0.7920	0.5920
coroner	0.3230	0.5580
corporal	0.5820	0.4900
corporate	0.5920	0.4540
corporation	0.4290	0.3320
corporeal	0.5200	0.3500
corps	0.5510	0.4530
corpse	0.0940	0.6570
corpsman	0.4390	0.4690
corpus	0.5430	0.3400
corral	0.6060	0.6620
correct	0.8570	0.3060
correction	0.4480	0.4850
correctional	0.2920	0.7130
corrective	0.4480	0.5280
correctness	0.7960	0.4500
correlation	0.5960	0.4620
correlative	0.5100	0.4020
correspond	0.7100	0.4520
correspondence	0.6630	0.4230
correspondent	0.5730	0.5650
corresponding	0.7400	0.4230
corridor	0.6040	0.5890
corroborate	0.6710	0.4710
corroboration	0.6250	0.4310
corrosion	0.1560	0.6100
corrosive	0.1400	0.6180
corrupt	0.0200	0.8060
corrupting	0.0620	0.8040
corruption	0.0520	0.8300
corsage	0.5100	0.2940
corse	0.4480	0.4510
corset	0.4900	0.5200
cortex	0.5940	0.4390
cortical	0.3800	0.4230
cortisone	0.4270	0.3950
corvette	0.5510	0.5200
cosmetic	0.6250	0.3040
cosmetics	0.7650	0.4640
cosmic	0.6630	0.5380
cosmology	0.6510	0.4380
cosmopolitan	0.8230	0.5100
cosmos	0.8600	0.4780
cost	0.3650	0.4200
costly	0.3160	0.6500
costume	0.5480	0.5100
cosy	0.8470	0.2550
cot	0.6250	0.2300
cote	0.4390	0.3440
cottage	0.6000	0.2790
cotton	0.6390	0.0710
couch	0.5940	0.0820
cougar	0.4380	0.5880
cough	0.2550	0.6270
council	0.8750	0.2790
councilman	0.5310	0.3670
counsel	0.5940	0.5190
counseling	0.6670	0.4800
counsellor	0.8230	0.3270
counselor	0.8730	0.3650
count	0.5940	0.3890
countdown	0.4380	0.6920
countenance	0.6350	0.4400
counter	0.4390	0.4780
counteract	0.3780	0.5420
counterattack	0.2810	0.9510
counterbalance	0.5200	0.4800
counterclaim	0.3980	0.7600
counterfeit	0.0940	0.6940
counterpart	0.4480	0.6080
counterpoint	0.4380	0.5090
countess	0.5620	0.4400
countless	0.5200	0.5660
country	0.6980	0.3940
countryman	0.6730	0.4410
countrymusic	0.7950	0.4510
countryside	0.7320	0.2880
counts	0.3430	0.3730
county	0.4790	0.3680
coup	0.2750	0.8150
coupe	0.4790	0.4600
couple	0.8060	0.6050
coupled	0.6120	0.2860
coupling	0.5940	0.4790
coupon	0.7040	0.3000
courage	0.8300	0.7280
courageous	0.9180	0.5870
courier	0.5510	0.3830
courses	0.7350	0.4120
coursing	0.5420	0.4720
court	0.4790	0.7690
courteous	0.9370	0.3960
courtesy	0.9270	0.2870
courthouse	0.5710	0.5030
courtroom	0.3850	0.6700
courts	0.3670	0.7100
courtship	0.6670	0.4900
courtside	0.5920	0.3910
courtyard	0.5030	0.3650
cousin	0.6750	0.3940
cousins	0.7600	0.4090
cove	0.5000	0.3040
coven	0.4580	0.5780
covenant	0.5940	0.4620
cover	0.3650	0.2400
coverage	0.7670	0.4130
covered	0.5620	0.3400
covering	0.6150	0.3820
covert	0.5000	0.5700
covet	0.3020	0.7790
coveted	0.6610	0.7300
cow	0.4490	0.2300
coward	0.1020	0.4900
cowardice	0.1330	0.6210
cowardly	0.1020	0.3850
cowboy	0.5940	0.6250
cowgirl	0.5410	0.5660
cowhand	0.4380	0.4800
cowhide	0.4580	0.3240
cowl	0.4270	0.4500
coworker	0.6670	0.4900
coy	0.3470	0.3300
coyote	0.4590	0.4710
cozy	0.9100	0.3560
crab	0.4210	0.3960
crabby	0.1980	0.8120
crack	0.3020	0.6250
cracked	0.2240	0.5200
cracker	0.6040	0.3430
crackerjack	0.5670	0.5090
cracking	0.3270	0.5570
crackle	0.3270	0.6430
crackpot	0.2600	0.6020
cradle	0.7760	0.1940
craft	0.7600	0.3210
crafts	0.6670	0.3800
craftsman	0.7190	0.3100
craftsmanship	0.8230	0.3730
crafty	0.5890	0.6790
craig	0.4480	0.4490
cram	0.3540	0.7300
crammed	0.4060	0.7400
cramp	0.1940	0.7960
cramped	0.2400	0.5670
cranberry	0.7930	0.3300
cranberry juice	0.6220	0.3210
crane	0.3960	0.4170
cranial	0.3540	0.5100
cranium	0.4390	0.4910
crank	0.4480	0.2750
cranky	0.1940	0.7760
cranny	0.1940	0.4710
crap	0.0830	0.6440
crappy	0.0390	0.5820
craps	0.3750	0.4200
crash	0.1940	0.9060
crass	0.2230	0.4900
crate	0.4270	0.1730
crater	0.4500	0.6470
crave	0.6250	0.5100
craving	0.5100	0.7550
crawfish	0.5100	0.4270
crawl	0.4790	0.5190
crayon	0.6040	0.2600
crayons	0.6840	0.3660
craze	0.2550	0.6570
crazed	0.1530	0.8770
craziness	0.2380	0.9080
crazy	0.1560	0.8430
creak	0.3440	0.6700
creaking	0.3020	0.7430
cream	0.6880	0.2590
creamed	0.7230	0.2730
creamer	0.5940	0.1920
creamy	0.8230	0.3370
crease	0.4400	0.2860
create	0.7860	0.5880
creation	0.9270	0.5750
creative	0.9170	0.5180
creativity	0.9380	0.6840
creator	0.8650	0.5920
creature	0.6690	0.6250
credence	0.7600	0.4600
credential	0.7350	0.3370
credentials	0.7080	0.3730
credibility	0.8750	0.4270
credible	0.9170	0.4410
credit	0.6730	0.5490
credit card	0.6700	0.5500
creditable	0.8020	0.5100
credited	0.7810	0.3900
crediting	0.6730	0.5500
creditor	0.4790	0.5940
creed	0.5730	0.2450
creek	0.5520	0.3920
creep	0.3540	0.6470
creeper	0.4290	0.5580
creeping	0.2920	0.6130
creepy	0.1250	0.8610
cremation	0.0840	0.6200
creole	0.6670	0.3570
crepe	0.5620	0.2240
crescendo	0.7600	0.5750
crescent	0.6980	0.3820
crest	0.4580	0.3330
crestfallen	0.2350	0.3460
cretin	0.2650	0.5830
cretins	0.0940	0.7410
crevice	0.3610	0.4710
crew	0.6040	0.5980
crewman	0.6020	0.5800
crib	0.6530	0.2400
cricket	0.4230	0.5390
cried	0.1670	0.6120
crime	0.0710	0.9430
criminal	0.0210	0.8300
criminality	0.1220	0.8630
crimp	0.2600	0.5570
crimson	0.6670	0.3850
cringe	0.2450	0.8400
cripple	0.0940	0.3920
crippled	0.0350	0.3580
crippling	0.1560	0.5980
crisis	0.2080	0.8110
crisp	0.7760	0.6920
crispy	0.6560	0.5500
criterion	0.3960	0.4100
critic	0.2640	0.6040
critical	0.3120	0.8020
criticise	0.0730	0.7000
criticism	0.1150	0.5630
criticize	0.1430	0.7080
criticized	0.2400	0.6000
critique	0.3020	0.7600
critter	0.5420	0.5390
croak	0.3370	0.3460
croc	0.3270	0.4520
crock	0.3850	0.4120
crockery	0.5520	0.2160
crocodile	0.3440	0.7080
croft	0.5310	0.4290
croissant	0.7450	0.3300
crook	0.1710	0.7650
crooked	0.1460	0.5940
crop	0.6150	0.2600
croquet	0.5510	0.5190
cross	0.4480	0.3210
cross country	0.5310	0.4410
crossbow	0.3440	0.5980
crossed	0.4310	0.4900
crossfire	0.3160	0.8960
crossing	0.5490	0.3490
crossover	0.5590	0.5500
crosswalk	0.5570	0.4410
crossword	0.6110	0.4230
crotch	0.5210	0.6370
crouch	0.2810	0.6060
crouched	0.3330	0.3630
crouching	0.2610	0.4290
croupier	0.5310	0.5190
crow	0.2240	0.4390
crowbar	0.4060	0.5310
crowd	0.3500	0.8270
crowded	0.6940	0.2860
crowds	0.4690	0.7230
crown	0.7080	0.5720
crowning	0.7730	0.5940
crucial	0.5410	0.6570
cruciate	0.4290	0.4350
crucifix	0.4690	0.4800
crucifixion	0.1350	0.8570
crucify	0.1460	0.8780
crud	0.3120	0.3300
crude	0.1980	0.4020
cruel	0.1220	0.8660
cruelly	0.1460	0.7900
cruelty	0.0920	0.8360
cruise	0.7400	0.4420
cruise ship	0.8780	0.6500
cruiser	0.7370	0.4900
cruising	0.8860	0.5800
crumb	0.4170	0.2550
crumble	0.3330	0.4800
crumbling	0.1670	0.6960
crummy	0.1250	0.5310
crunch	0.2920	0.6300
crunchy	0.6250	0.5600
crusade	0.5920	0.7200
crusader	0.4390	0.5880
crush	0.2710	0.6760
crushed	0.1670	0.6470
crusher	0.2710	0.7090
crushing	0.2190	0.7550
crust	0.5420	0.3370
crusty	0.6250	0.5310
crutch	0.3020	0.2940
crux	0.4690	0.5580
cry	0.1330	0.6270
crybaby	0.3750	0.7020
crying	0.1530	0.7040
crypt	0.1560	0.4310
cryptic	0.2960	0.5160
cryptography	0.4900	0.4150
crystal	0.6180	0.2700
crystalline	0.7650	0.2350
crystallization	0.6000	0.4490
cub	0.6460	0.3820
cubby	0.3540	0.3850
cube	0.4690	0.2260
cubic	0.4580	0.3060
cubicle	0.4790	0.3430
cuckold	0.2100	0.5730
cuckoo	0.4200	0.4590
cucumber	0.4900	0.2350
cuddle	0.8850	0.5590
cuddled	0.9060	0.5470
cuddles	0.8470	0.3820
cuddling	0.9170	0.5620
cue	0.5210	0.4330
cuff	0.4690	0.4530
cuisine	0.7140	0.3650
culinary	0.6540	0.4430
cull	0.3650	0.7020
culminate	0.6670	0.5500
culmination	0.6560	0.5860
culpability	0.1120	0.7450
culpable	0.1400	0.7000
culprit	0.0620	0.6760
cult	0.4480	0.5350
cultivate	0.7080	0.4100
cultivated	0.8370	0.3430
cultivation	0.6250	0.3240
cultural	0.8020	0.3900
culture	0.7530	0.3040
cultured	0.6350	0.4290
culvert	0.3370	0.3240
cumbersome	0.2590	0.6230
cumulus	0.5700	0.4330
cunning	0.6040	0.6850
cunt	0.1350	0.6730
cup	0.6150	0.1670
cupboard	0.5530	0.2000
cupcake	0.6560	0.3330
cupping	0.4900	0.6100
cur	0.4400	0.5190
curable	0.8230	0.2920
curate	0.7260	0.4180
curative	0.6670	0.3180
curator	0.6880	0.3890
curb	0.4720	0.3710
curd	0.5420	0.4420
cure	0.7190	0.3770
curfew	0.2190	0.6180
curiosity	0.7500	0.7550
curious	0.6350	0.6000
curl	0.3850	0.4520
curling	0.5830	0.5920
currency	0.5830	0.4180
current	0.6250	0.3120
curriculum	0.7080	0.3060
curry	0.6330	0.3450
curse	0.0330	0.7200
cursed	0.0830	0.7830
cursing	0.1120	0.8600
cursory	0.4230	0.4510
curt	0.2450	0.6100
curtail	0.3060	0.4390
curtailment	0.2300	0.5780
curtain	0.6980	0.2780
curtains	0.6150	0.1230
curtsy	0.6350	0.4120
curvature	0.4170	0.3670
curve	0.4800	0.3750
curved	0.5420	0.4070
curvilinear	0.4800	0.5750
cushion	0.6530	0.2210
cushy	0.8230	0.2830
cusp	0.6670	0.7100
cuss	0.3540	0.5380
cussed	0.1560	0.6250
custard	0.6180	0.2600
custodial	0.4180	0.4620
custodian	0.5940	0.6250
custody	0.4940	0.4720
custom	0.5520	0.3820
customary	0.7000	0.2530
customer	0.5620	0.4300
customized	0.6250	0.5040
cut	0.4900	0.4900
cutaneous	0.3650	0.3700
cute	0.9200	0.5280
cuticle	0.3400	0.3200
cutie	0.6380	0.5280
cutlass	0.1730	0.6480
cutlery	0.5520	0.3000
cutoff	0.4320	0.5100
cutter	0.4270	0.7310
cutters	0.1970	0.6530
cutthroat	0.1100	0.8230
cutting	0.4480	0.3750
cutting board	0.3370	0.5400
cuttings	0.4790	0.3920
cwt	0.5000	0.4100
cyanide	0.2290	0.6670
cyberspace	0.6770	0.5940
cycle	0.6350	0.4000
cyclical	0.3800	0.4500
cyclist	0.6840	0.5820
cyclone	0.4160	0.7960
cylinder	0.4590	0.3240
cylindrical	0.4580	0.2940
cymbal	0.5420	0.3630
cynic	0.1350	0.6320
cynical	0.1560	0.7600
cynicism	0.1040	0.7800
cyst	0.1730	0.5780
cystic	0.3140	0.4810
cytomegalovirus	0.1860	0.6570
cytoplasm	0.3780	0.4420
czar	0.4800	0.3480
dab	0.5100	0.3370
dabble	0.5500	0.5300
dabbling	0.5620	0.7260
dad	0.8570	0.4120
daddy	0.7950	0.4000
dado	0.5100	0.2400
daemon	0.3330	0.4900
daft	0.2550	0.4360
dagger	0.2240	0.7970
daily	0.6530	0.3470
dainty	0.6040	0.2840
daiquiri	0.6700	0.5190
dairy	0.6330	0.2550
daisy	0.5620	0.3670
dak	0.5100	0.4170
dale	0.6220	0.2700
dam	0.2500	0.5530
damage	0.0590	0.7260
damaged	0.1040	0.6350
damages	0.0820	0.7600
dame	0.6940	0.4800
damn	0.0730	0.7840
damnation	0.1350	0.7500
damned	0.1000	0.7600
damp	0.3600	0.2790
dampened	0.2710	0.4220
damper	0.4590	0.3780
damsel	0.7190	0.4750
dance	0.8940	0.8400
dancer	0.7400	0.7680
dancing	0.8850	0.8680
dandruff	0.3980	0.2980
dandy	0.6730	0.5200
danger	0.1150	0.9230
dangerous	0.0200	0.9410
dangerously	0.0820	0.9300
dangit	0.3960	0.6060
dangle	0.3620	0.4690
dank	0.3900	0.3810
dapper	0.7700	0.5600
dare	0.6770	0.7880
daredevil	0.4290	0.7140
daresay	0.5400	0.4510
daring	0.5830	0.8400
dark	0.1980	0.3980
darken	0.2500	0.4710
darkened	0.1350	0.4400
darkly	0.2190	0.5480
darkness	0.1020	0.6020
darkroom	0.1880	0.6270
darkside	0.1020	0.6900
darling	0.8850	0.3700
darn	0.1150	0.7650
dart	0.4170	0.6080
dash	0.5740	0.3120
dashboard	0.5100	0.3710
dashed	0.2760	0.3930
dashing	0.6120	0.6270
dastardly	0.2080	0.6880
data	0.5000	0.2500
database	0.6040	0.2860
date	0.6040	0.2310
datenight	0.7080	0.6370
daughter	0.9080	0.4150
dawdle	0.4790	0.4640
dawn	0.8270	0.2350
dawned	0.6940	0.4710
day	0.7190	0.2690
daybreak	0.8020	0.3580
daycare	0.7760	0.4810
daydream	0.7500	0.3370
daydreaming	0.7760	0.3600
daylight	0.8650	0.4200
daymade	0.6460	0.4500
dayoff	0.7600	0.3680
daytime	0.7500	0.3240
daze	0.2450	0.7350
dazed	0.3000	0.6970
dazzle	0.7300	0.7820
dazzling	0.8540	0.8800
deacon	0.5310	0.4300
deactivate	0.2350	0.4470
dead	0.0520	0.4540
deadbeat	0.2290	0.4530
deadline	0.2140	0.6150
deadlines	0.4060	0.7690
deadlock	0.1700	0.4180
deadly	0.1430	0.8490
deafening	0.2810	0.8350
deafness	0.1250	0.4130
deal	0.7190	0.5990
dealer	0.7990	0.6150
dealership	0.5410	0.4300
dealing	0.7240	0.4150
dealings	0.6000	0.4910
dean	0.6120	0.4690
dear	0.8800	0.4340
dearest	0.9020	0.4270
dearth	0.1560	0.5390
death	0.0310	0.7200
deathbed	0.0510	0.6520
deathly	0.0730	0.7710
debacle	0.1560	0.6060
debased	0.2190	0.5290
debatable	0.1810	0.6100
debate	0.4080	0.6910
debauchery	0.3540	0.9010
debenture	0.4170	0.5000
debilitating	0.1250	0.4900
debit	0.3330	0.4000
debrief	0.2470	0.3430
debriefing	0.4270	0.5800
debris	0.1350	0.3960
debt	0.2040	0.5980
debtor	0.2190	0.5460
debut	0.8060	0.6060
debutante	0.7710	0.6270
decade	0.5310	0.4020
decadence	0.2370	0.4550
decadent	0.2900	0.5590
decaf	0.4800	0.3240
decanter	0.4380	0.5670
decathlon	0.5730	0.7530
decay	0.1430	0.3120
decayed	0.0170	0.3750
decaying	0.0730	0.5100
deceased	0.0210	0.5380
decedent	0.4230	0.4810
deceit	0.0200	0.6960
deceitful	0.0710	0.7880
deceive	0.0940	0.7750
deceived	0.0590	0.6730
deceiving	0.0990	0.6360
december	0.7400	0.5400
decency	0.7500	0.2350
decent	0.8230	0.2960
deception	0.0900	0.7450
deceptive	0.0270	0.6050
decide	0.6560	0.5400
decidedly	0.7500	0.4800
deciduous	0.3850	0.3530
decimal	0.5070	0.2590
decimeter	0.5200	0.2920
decipher	0.4170	0.6300
decision	0.6460	0.5100
decisive	0.7400	0.5090
deck	0.4200	0.3330
declaration	0.5510	0.5900
declaratory	0.6350	0.5820
declare	0.6770	0.6230
declination	0.2500	0.5490
decline	0.1730	0.4910
declining	0.3280	0.4000
deco	0.6250	0.2740
decode	0.5510	0.5100
decoder	0.5620	0.3400
decompose	0.1940	0.5960
decomposed	0.0730	0.4420
decomposition	0.1330	0.6000
decompress	0.4380	0.4300
decompression	0.2080	0.5200
decontamination	0.6110	0.5380
decor	0.7340	0.3110
decorate	0.9540	0.3700
decorating	0.8630	0.5480
decoration	0.8780	0.5530
decorative	0.9080	0.4600
decorator	0.8400	0.4710
decorum	0.8020	0.3270
decoy	0.1490	0.4600
decrease	0.1250	0.3600
decreased	0.2240	0.2710
decreasing	0.3200	0.3460
decree	0.5520	0.4780
decrement	0.2550	0.4270
decrepit	0.1560	0.4900
decry	0.4000	0.8140
decryption	0.4590	0.4450
dedicate	0.8230	0.4310
dedication	0.8670	0.4710
deduce	0.4900	0.5100
deduct	0.3550	0.3300
deductible	0.3750	0.2860
deduction	0.4380	0.4620
deed	0.5200	0.3200
deejay	0.5510	0.6300
deem	0.5940	0.5290
deep	0.4900	0.4730
deepen	0.6250	0.5300
deer	0.5830	0.3750
defamation	0.1100	0.6700
defamatory	0.1430	0.6880
default	0.4590	0.3430
defeat	0.0920	0.5000
defeated	0.1040	0.5820
defeatist	0.1630	0.5670
defect	0.1350	0.5610
defection	0.1460	0.5940
defective	0.1220	0.5800
defector	0.1630	0.6960
defend	0.6980	0.7220
defendant	0.2500	0.7100
defended	0.6630	0.4510
defender	0.6390	0.7080
defending	0.6040	0.8710
defense	0.6520	0.6980
defenseless	0.1430	0.3570
defensible	0.7400	0.5090
defensive	0.5420	0.6400
defer	0.2450	0.4590
deference	0.5100	0.3960
deferral	0.7650	0.5420
deferring	0.3430	0.5000
defiance	0.3330	0.7800
defiant	0.2500	0.7920
defibrillator	0.3980	0.6630
deficiency	0.0730	0.3730
deficient	0.2400	0.4640
deficit	0.3580	0.5000
define	0.6880	0.4150
defined	0.6700	0.2140
definite	0.7080	0.2920
definition	0.5730	0.3750
definitive	0.5830	0.4790
deflate	0.1480	0.4040
deflation	0.2870	0.5360
deflect	0.1330	0.4910
deflection	0.1880	0.5000
defloration	0.1880	0.6900
deform	0.1120	0.6540
deformed	0.1980	0.4350
deformity	0.1600	0.5690
defraud	0.1750	0.6350
defray	0.3750	0.5980
defrost	0.4270	0.3170
deft	0.7190	0.5750
defunct	0.1120	0.4910
defuse	0.1670	0.4800
defy	0.3530	0.8840
degeneracy	0.1430	0.7200
degenerate	0.0690	0.7240
degeneration	0.2450	0.5780
degradation	0.1600	0.6080
degrade	0.0830	0.5000
degraded	0.1670	0.4330
degrading	0.0310	0.5830
degree	0.7240	0.3650
dehydrated	0.3100	0.6850
dehydration	0.1880	0.4720
dejected	0.1040	0.6540
delay	0.2040	0.5100
delayed	0.1880	0.4900
delectable	0.7810	0.6420
delegate	0.6120	0.4910
delegation	0.5620	0.4310
delete	0.2920	0.2980
deleterious	0.2970	0.7250
deletion	0.0620	0.5060
deli	0.5610	0.4480
deliberate	0.5510	0.6540
deliberation	0.5610	0.6780
deliberative	0.3920	0.5520
delicacy	0.8120	0.2790
delicate	0.5830	0.2940
delicatessen	0.6560	0.4740
delicious	0.9270	0.6500
delight	0.9490	0.6660
delighted	0.9380	0.6640
delightful	0.9180	0.7350
delineate	0.4480	0.4300
delineation	0.5210	0.4020
delinquency	0.1350	0.8600
delinquent	0.0510	0.9040
delirious	0.2190	0.7740
delirium	0.2330	0.6940
deliver	0.5830	0.3700
deliverance	0.7500	0.5200
delivery	0.7040	0.4610
dell	0.4580	0.3800
delta	0.5510	0.3430
delude	0.1430	0.6270
deluge	0.2450	0.7140
delusion	0.3440	0.6470
delusional	0.2190	0.7450
deluxe	0.7920	0.6120
delve	0.4690	0.5290
demand	0.2920	0.6730
demanding	0.3960	0.7500
demeaned	0.2710	0.5200
demeaning	0.1040	0.6450
demeanor	0.6330	0.4330
demented	0.0880	0.7870
dementia	0.0920	0.7790
demise	0.1040	0.5960
demo	0.5100	0.3140
democracy	0.6800	0.5000
democrat	0.5820	0.4000
democratic	0.8020	0.5190
demographic	0.4590	0.3560
demolish	0.1250	0.6320
demolished	0.2710	0.6470
demolition	0.1330	0.8270
demon	0.0370	0.9080
demonic	0.1460	0.8750
demonstrable	0.7350	0.4710
demonstrate	0.7710	0.5520
demonstrated	0.6170	0.5000
demonstrating	0.6980	0.5710
demonstration	0.5510	0.6760
demonstrative	0.6560	0.5280
demonstrator	0.5200	0.5980
demoralized	0.0820	0.5900
demos	0.4180	0.3700
demure	0.6900	0.3150
den	0.5100	0.3470
deniability	0.2300	0.5090
denial	0.1940	0.4350
denied	0.1880	0.6040
denim	0.5200	0.3820
denomination	0.4900	0.3630
denominational	0.4580	0.3750
denominator	0.4500	0.4100
denote	0.4480	0.4710
denounce	0.0830	0.7800
dense	0.3540	0.3430
density	0.6020	0.4710
dent	0.3060	0.6060
dental	0.5730	0.4040
dentist	0.4790	0.6200
dentistry	0.4290	0.5700
dentists	0.3640	0.6000
denunciation	0.1460	0.8300
deny	0.3160	0.6670
denying	0.0800	0.5420
deodorant	0.4800	0.2650
depart	0.3980	0.4800
departed	0.2450	0.5360
department	0.7080	0.3580
departmental	0.6120	0.4220
departure	0.5730	0.5000
depend	0.3880	0.4290
dependable	0.8800	0.3570
dependant	0.3570	0.4040
dependence	0.2500	0.4510
dependency	0.4290	0.3650
dependent	0.3540	0.4550
depict	0.6630	0.5290
depicting	0.4900	0.5660
depletion	0.1530	0.3700
deplorable	0.1350	0.6570
deplore	0.1350	0.5750
deploy	0.5000	0.5200
deployment	0.5100	0.5200
deport	0.1670	0.6670
deportation	0.1040	0.7860
depose	0.2860	0.4200
deposit	0.5400	0.3790
depositary	0.6040	0.4310
deposition	0.3940	0.5100
depository	0.5510	0.3730
depot	0.6350	0.2550
depraved	0.0310	0.8370
depravity	0.1150	0.8540
depreciate	0.2700	0.6230
depreciated	0.1350	0.6720
depreciation	0.1430	0.5710
depress	0.2190	0.6350
depressed	0.0240	0.4450
depressing	0.1460	0.5590
depression	0.0310	0.5200
depressive	0.1430	0.4340
depresson	0.1350	0.4000
deprivation	0.1940	0.6100
deprive	0.2710	0.5910
deprived	0.3540	0.5060
depth	0.7080	0.5610
deputy	0.4290	0.5300
derail	0.1080	0.8020
deranged	0.3760	0.8680
derelict	0.2080	0.4700
derision	0.2650	0.6700
derivation	0.5210	0.5190
derivative	0.5410	0.4910
derive	0.3960	0.3240
dermal	0.3850	0.4060
dermatologist	0.5310	0.3580
dermatology	0.4220	0.5000
derogation	0.2080	0.4600
derogatory	0.1220	0.5800
descend	0.3850	0.5350
descendant	0.6840	0.4200
descendent	0.3910	0.4800
descending	0.2190	0.4930
descent	0.3000	0.4020
describe	0.5420	0.4720
description	0.5820	0.4250
descriptive	0.6670	0.3520
desecrate	0.2550	0.8060
desecration	0.1250	0.8330
desert	0.4690	0.2790
deserted	0.1560	0.4800
deserter	0.1220	0.7100
desertion	0.1220	0.6300
deserve	0.8020	0.4360
deserved	0.7810	0.5820
deserving	0.8020	0.5960
design	0.7960	0.3270
designate	0.5310	0.5380
designated	0.5000	0.4120
designation	0.6120	0.5710
designed	0.7450	0.3800
designer	0.8750	0.5190
designing	0.7920	0.3550
desirability	0.6840	0.5500
desirable	0.7400	0.7350
desire	0.8960	0.6920
desiring	0.8140	0.8210
desirous	0.7190	0.8240
desist	0.2200	0.3580
desk	0.5100	0.1350
desolate	0.1040	0.3200
desolation	0.0730	0.4810
despair	0.1150	0.7940
despairing	0.0730	0.7350
despatch	0.4480	0.4000
desperado	0.2600	0.7450
desperate	0.0830	0.8420
desperation	0.1250	0.9040
despicable	0.1460	0.7100
despise	0.1670	0.7450
despondent	0.1330	0.3780
despotic	0.1410	0.8240
despotism	0.2550	0.6960
dessert	0.7550	0.4910
destination	0.7080	0.4710
destined	0.6980	0.4620
destiny	0.7810	0.4130
destitute	0.1300	0.4510
destroy	0.0460	0.9350
destroyed	0.0310	0.6960
destroyer	0.0830	0.8300
destroying	0.0410	0.8280
destruct	0.0710	0.8680
destruction	0.1020	0.9290
destructive	0.1770	0.8700
detach	0.3570	0.6250
detached	0.2800	0.3960
detachment	0.2430	0.7000
detail	0.5140	0.4060
detailed	0.6030	0.3140
details	0.5830	0.3670
detain	0.3510	0.3450
detainee	0.3060	0.5100
detect	0.5310	0.5200
detectable	0.4790	0.5390
detection	0.7080	0.5670
detective	0.5000	0.7640
detector	0.4590	0.6300
detention	0.2650	0.6980
deter	0.3440	0.5370
detergent	0.4580	0.3040
deteriorate	0.0830	0.4710
deteriorated	0.0530	0.5490
deteriorating	0.1040	0.4590
deterioration	0.1300	0.5120
determinable	0.6250	0.5650
determinate	0.6300	0.3140
determination	0.7760	0.7250
determine	0.6120	0.3680
determined	0.7600	0.5280
deterrent	0.2920	0.4610
detest	0.0830	0.8000
detestation	0.1770	0.6370
detonate	0.3750	0.8500
detonation	0.1670	0.9310
detonator	0.2070	0.8750
detour	0.3980	0.5390
detract	0.3440	0.4380
detriment	0.2810	0.5380
detrimental	0.2030	0.6790
detritus	0.2760	0.3530
deuce	0.4790	0.3380
deutschmark	0.4390	0.4310
devalued	0.3210	0.4620
devastate	0.0210	0.7960
devastated	0.1200	0.5440
devastating	0.1040	0.8560
devastation	0.0900	0.9040
develop	0.7710	0.6700
developer	0.8440	0.6530
developing	0.8330	0.5870
development	0.8270	0.5000
deviant	0.0940	0.5890
deviate	0.1730	0.5620
deviating	0.3540	0.6340
deviation	0.1050	0.5130
device	0.5620	0.4040
devil	0.1610	0.9000
deviled	0.3470	0.5590
devilish	0.0730	0.8650
devious	0.2500	0.5190
devise	0.5510	0.5570
devoid	0.2190	0.4360
devolution	0.3450	0.4340
devolve	0.3670	0.4270
devote	0.8020	0.4900
devoted	0.8670	0.3200
devotee	0.8160	0.4610
devotion	0.8020	0.5610
devotional	0.7400	0.3940
devour	0.3440	0.8880
devout	0.6200	0.3570
dew	0.6040	0.2250
dexter	0.4580	0.4730
dexterity	0.7710	0.6730
dextrose	0.3330	0.4020
diabetes	0.0510	0.4720
diabetic	0.1250	0.2690
diabolical	0.1020	0.9120
diagnose	0.3780	0.5200
diagnosis	0.5710	0.5000
diagnostic	0.4170	0.4830
diagnostics	0.5400	0.4400
diagonal	0.5000	0.3430
diagram	0.5620	0.3570
dial	0.6200	0.4270
dialect	0.6350	0.4220
dialectic	0.5100	0.5400
dialogue	0.5990	0.4410
dialysis	0.1940	0.5670
diameter	0.4270	0.2980
diamond	0.9100	0.6060
diamonds	0.9270	0.6840
diaper	0.4090	0.2740
diaphragm	0.4590	0.3370
diarrhea	0.0920	0.6840
diarrhoea	0.0380	0.6920
diary	0.6980	0.2920
diatribe	0.3540	0.5690
dib	0.4790	0.3700
dibs	0.5100	0.4100
dice	0.4580	0.4410
dicey	0.2900	0.8330
dichotomous	0.3650	0.4520
dichotomy	0.3230	0.4820
dick	0.2080	0.5000
dickhead	0.1150	0.6080
dicks	0.3100	0.6940
dictate	0.4800	0.4230
dictation	0.2550	0.3780
dictator	0.0730	0.7600
dictatorial	0.2040	0.7700
dictatorship	0.0820	0.8060
diction	0.4390	0.3730
dictionary	0.6200	0.2500
dictum	0.3850	0.5100
didactic	0.6450	0.4800
diddle	0.4290	0.5660
die	0.0310	0.7650
died	0.0210	0.6500
diesel	0.4900	0.3270
diet	0.4290	0.2350
dietary	0.5510	0.2200
differ	0.2300	0.3980
difference	0.4740	0.5600
differences	0.3650	0.5820
different	0.6120	0.3940
differential	0.5200	0.3780
differentiation	0.3670	0.5610
differently	0.4800	0.4310
differing	0.4180	0.4100
difficult	0.2350	0.7000
difficulties	0.0820	0.7840
difficulty	0.0790	0.7400
diffuse	0.4300	0.4310
diffusion	0.3560	0.6150
dig	0.3670	0.5850
digest	0.7200	0.4130
digestion	0.5310	0.4100
digestive	0.5420	0.4130
digit	0.4470	0.2860
digital	0.7400	0.3820
dignified	0.7660	0.4810
dignify	0.8540	0.5880
dignity	0.8440	0.3910
digress	0.2710	0.6250
digs	0.4480	0.6700
dike	0.3600	0.3840
dilapidated	0.2290	0.6180
dilatation	0.3850	0.5740
dilation	0.3470	0.4900
dildo	0.5360	0.5870
dilemma	0.1530	0.5900
diligence	0.6880	0.4230
diligent	0.7600	0.4260
dill	0.4270	0.3600
diluent	0.4170	0.3440
dilute	0.2750	0.1920
diluted	0.4690	0.3100
dilution	0.4450	0.3370
dim	0.3980	0.3210
dime	0.6530	0.3170
dimension	0.5920	0.4150
dimensional	0.5610	0.4840
diminish	0.2400	0.3570
diminished	0.1560	0.2690
diminution	0.3160	0.2960
diminutive	0.3230	0.2000
dimwit	0.2550	0.4590
din	0.4400	0.4170
dine	0.8210	0.5190
diner	0.6430	0.3020
dinghy	0.5100	0.2690
dingo	0.6080	0.4720
dingy	0.1560	0.4830
dining	0.7240	0.3500
dinky	0.3570	0.4510
dinner	0.8230	0.3920
dinnertime	0.7960	0.4060
dinosaur	0.4480	0.6300
dint	0.3780	0.4800
diocesan	0.5200	0.2830
diocese	0.5100	0.2880
diorama	0.5920	0.4410
dioxide	0.3540	0.4330
dip	0.5160	0.5830
diploma	0.7500	0.4620
diplomacy	0.7400	0.3960
diplomat	0.5630	0.2620
diplomatic	0.6530	0.3630
dipper	0.5480	0.3610
dippy	0.4300	0.4020
dipstick	0.3650	0.3120
dire	0.2140	0.6600
direct	0.7930	0.4030
directed	0.5420	0.4900
direction	0.7190	0.3300
directive	0.6040	0.5300
directly	0.7470	0.4000
director	0.6880	0.5800
directory	0.4390	0.4130
dirt	0.1120	0.5000
dirty	0.1530	0.4600
disability	0.0730	0.4820
disable	0.1150	0.4300
disabled	0.3080	0.4430
disadvantage	0.1500	0.3770
disaffected	0.1760	0.4100
disagree	0.1330	0.5900
disagreeable	0.0420	0.6430
disagreeing	0.2550	0.6430
disagreement	0.1040	0.6180
disallow	0.1560	0.5190
disallowed	0.1350	0.5000
disapointment	0.1040	0.4180
disappear	0.1430	0.4410
disappearance	0.2140	0.6980
disappearing	0.1670	0.4270
disappoint	0.1500	0.6330
disappointed	0.0710	0.4720
disappointing	0.0730	0.6400
disappointment	0.1150	0.4900
disapproval	0.0850	0.5510
disapprove	0.1600	0.5940
disapproved	0.1040	0.5500
disapproving	0.2450	0.6250
disarm	0.2920	0.5280
disarray	0.1980	0.6570
disaster	0.0820	0.8920
disastrous	0.0710	0.7410
disband	0.3020	0.4910
disbelief	0.1880	0.4090
disbelieve	0.1880	0.4410
disburse	0.4180	0.4730
disbursement	0.2400	0.4430
disc	0.6220	0.4100
discard	0.2400	0.3430
discarded	0.2290	0.4600
discards	0.2400	0.4640
discern	0.4590	0.5660
discernible	0.4270	0.4410
discerning	0.5420	0.5840
discernment	0.4080	0.4710
discharge	0.4270	0.5380
disciple	0.7650	0.3850
disciplinary	0.5620	0.5930
discipline	0.6150	0.4710
disciplined	0.7280	0.4500
disclaim	0.2350	0.5090
disclaimer	0.3670	0.5710
disclose	0.4900	0.5700
disclosed	0.2710	0.5750
disclosure	0.5000	0.6150
disco	0.7100	0.8060
discoloration	0.2240	0.3730
discolored	0.2040	0.3400
discomfort	0.1530	0.7190
disconcerted	0.1000	0.6120
disconcerting	0.1060	0.5490
disconnect	0.4380	0.2920
disconnected	0.2920	0.2760
disconnection	0.1670	0.2830
disconnects	0.2560	0.3570
discontent	0.2400	0.5300
discontinuance	0.1230	0.7410
discontinue	0.3540	0.3960
discontinuity	0.3030	0.4390
discontinuous	0.2330	0.4090
discord	0.1150	0.8820
discount	0.7240	0.5300
discounted	0.6770	0.4710
discourage	0.1840	0.4430
discouraged	0.2200	0.3040
discouragement	0.1120	0.3190
discouraging	0.1670	0.4690
discourse	0.4100	0.5500
discover	0.7710	0.7930
discovery	0.8230	0.6270
discredit	0.0750	0.5290
discredited	0.1120	0.4910
discreet	0.5520	0.2160
discrepancy	0.2600	0.6430
discrete	0.5850	0.2310
discretion	0.5520	0.3200
discretionary	0.5200	0.3650
discriminate	0.1250	0.7610
discriminating	0.1600	0.7830
discrimination	0.0510	0.7240
discus	0.5420	0.4230
discuss	0.3960	0.7690
discussion	0.3330	0.8420
disdain	0.1530	0.4460
disdainful	0.0970	0.4800
disease	0.0410	0.5390
diseased	0.1230	0.5100
disembodied	0.1670	0.6200
disengage	0.4060	0.5290
disengagement	0.3270	0.3730
disfigured	0.1530	0.6130
disgrace	0.0610	0.5310
disgraced	0.0710	0.6610
disgraceful	0.0820	0.7020
disgruntled	0.1040	0.6580
disguise	0.5730	0.6940
disguised	0.5000	0.6150
disgust	0.0520	0.7750
disgusted	0.0510	0.7730
disgusting	0.0310	0.7960
dish	0.5520	0.2550
disheartened	0.1530	0.3430
disheartening	0.0100	0.3530
dishonest	0.1910	0.4910
dishonesty	0.0940	0.5920
dishonor	0.1040	0.6200
dishonorable	0.1120	0.6410
dishwasher	0.4800	0.2960
disillusionment	0.0510	0.5190
disinclination	0.1250	0.4910
disincline	0.4580	0.4540
disinclined	0.3850	0.4420
disinfect	0.4480	0.3880
disinfectant	0.5310	0.4290
disinfection	0.5170	0.5560
disinformation	0.2300	0.5770
disingenuous	0.1940	0.5090
disintegrate	0.1430	0.6600
disintegration	0.0940	0.5510
disinterested	0.3980	0.2840
disjoint	0.3510	0.3850
disjointed	0.3230	0.5180
disjunctive	0.2860	0.4810
disk	0.5730	0.4230
diskette	0.5310	0.2550
dislike	0.1560	0.4060
disliked	0.0620	0.5100
disliking	0.1630	0.6370
dislocated	0.1250	0.6250
dislocation	0.2290	0.5650
dislodge	0.2140	0.7690
disloyal	0.0620	0.5820
disloyalty	0.1870	0.7160
dismal	0.1940	0.4500
dismantle	0.3470	0.6440
dismay	0.3140	0.6810
dismayed	0.1650	0.7350
dismemberment	0.1040	0.8600
dismiss	0.1670	0.5410
dismissal	0.1530	0.7230
dismissive	0.1880	0.5410
dismount	0.3610	0.4230
disobedience	0.0510	0.8680
disobedient	0.2760	0.7060
disobey	0.1430	0.5560
disorder	0.1150	0.8160
disordered	0.2100	0.7140
disorderly	0.1880	0.7480
disorganized	0.0520	0.5070
disorientation	0.1630	0.4720
disoriented	0.2270	0.6430
disown	0.1530	0.6370
disparage	0.0920	0.6630
disparaging	0.1020	0.6260
disparate	0.4380	0.5000
disparity	0.2080	0.4820
dispassionate	0.1990	0.2170
dispatch	0.3170	0.4170
dispatcher	0.3650	0.7040
dispel	0.3880	0.4020
dispensary	0.4060	0.3800
dispensation	0.3880	0.4620
dispense	0.5610	0.5200
dispenser	0.5830	0.3920
dispersal	0.3880	0.5070
disperse	0.3750	0.5690
dispersed	0.3440	0.4900
dispersion	0.2700	0.6040
dispirited	0.2040	0.2800
displace	0.4240	0.5410
displaced	0.2810	0.4720
displacement	0.2760	0.5310
displacency	0.5000	0.5280
display	0.6770	0.3250
displease	0.0210	0.7020
displeased	0.1350	0.6900
displeasure	0.1150	0.5590
disposable	0.2710	0.4390
disposal	0.1350	0.6080
dispose	0.5480	0.5380
disposed	0.6880	0.4410
disposition	0.6630	0.5420
dispossessed	0.3540	0.5770
disprove	0.3750	0.6250
dispute	0.2190	0.7500
disqualification	0.0660	0.6770
disqualified	0.1290	0.4640
disqualify	0.2080	0.5950
disquieted	0.2290	0.8500
disregard	0.1770	0.6470
disregarded	0.2600	0.4580
disrelish	0.3750	0.4710
disreputable	0.1040	0.6880
disrepute	0.2080	0.6300
disrespect	0.0620	0.6370
disrespectful	0.0310	0.6940
disrupt	0.2650	0.6400
disrupting	0.1860	0.5570
disruption	0.2350	0.7350
disruptive	0.2550	0.7550
dissatisfaction	0.1150	0.6630
dissatisfied	0.0420	0.5610
dissect	0.3670	0.7500
dissection	0.2760	0.6320
disseminate	0.5620	0.6080
dissemination	0.4760	0.5510
dissension	0.2500	0.6180
dissent	0.3000	0.6550
dissenting	0.2080	0.5520
dissertation	0.3120	0.5750
disservice	0.2500	0.7940
dissident	0.3500	0.5820
dissimilar	0.2760	0.4610
dissipate	0.3850	0.3680
dissipated	0.2810	0.4210
dissociation	0.1350	0.5550
dissociative	0.2810	0.6150
dissolution	0.2040	0.4640
dissolve	0.2710	0.4900
dissonance	0.1730	0.4710
dissuade	0.4820	0.5000
distal	0.4100	0.4010
distance	0.2330	0.3170
distant	0.2290	0.3240
distaste	0.1840	0.6250
distasteful	0.2640	0.6760
distillate	0.5000	0.3470
distillation	0.3960	0.4360
distilled	0.4270	0.5730
distinct	0.5420	0.5780
distinction	0.5840	0.5710
distinctive	0.8850	0.5200
distinguish	0.6750	0.4710
distinguishable	0.6350	0.5300
distinguished	0.8230	0.5930
distinguishing	0.6220	0.3630
distort	0.1000	0.7400
distorted	0.2500	0.5210
distortion	0.2990	0.5700
distract	0.2410	0.6090
distracted	0.1940	0.3920
distracting	0.4450	0.5830
distraction	0.4020	0.5570
distraught	0.1150	0.9030
distress	0.0730	0.8400
distressed	0.1430	0.7710
distressing	0.0750	0.7500
distribute	0.6430	0.5960
distribution	0.6350	0.5480
distributor	0.7020	0.4470
district	0.4380	0.3270
distrust	0.0600	0.6700
disturb	0.1750	0.7600
disturbance	0.1460	0.9070
disturbed	0.1250	0.8700
disturbing	0.1460	0.7920
disuse	0.2290	0.2290
disused	0.2500	0.3020
ditch	0.3570	0.3640
ditto	0.4490	0.4180
ditty	0.4700	0.4330
diurnal	0.7140	0.2960
diva	0.6600	0.6570
divan	0.7500	0.2020
dive	0.5830	0.5310
diver	0.5940	0.5200
diverge	0.3750	0.6570
divergence	0.4290	0.6150
divergent	0.4490	0.6600
diverging	0.4170	0.6130
divers	0.5830	0.5800
diverse	0.5620	0.5190
diversified	0.6020	0.5380
diversify	0.6560	0.5880
diversion	0.7400	0.8210
diversionary	0.5510	0.5870
diversity	0.8060	0.4720
divert	0.3440	0.6220
diverting	0.3960	0.5710
divest	0.3650	0.5470
divested	0.3330	0.4490
divestment	0.3020	0.5090
divide	0.3330	0.5200
divided	0.2710	0.6230
dividend	0.5830	0.4910
divination	0.5000	0.6500
divine	0.9180	0.5710
divinity	0.8960	0.5590
divisible	0.3230	0.4620
division	0.3700	0.4810
divisor	0.3440	0.5170
divorce	0.0420	0.7000
divorcee	0.1530	0.6100
divulge	0.5310	0.7180
divvy	0.3510	0.4620
dizziness	0.2290	0.5550
dizzy	0.1990	0.5820
do	0.6700	0.5480
doable	0.7600	0.4040
doc	0.4580	0.3170
docile	0.6040	0.2590
dock	0.4900	0.4090
docked	0.2810	0.7540
docket	0.5050	0.5090
docking	0.3540	0.5960
doctor	0.7000	0.5310
doctorate	0.7760	0.4790
doctrinal	0.5100	0.3730
doctrine	0.5000	0.3940
document	0.5940	0.2400
documentary	0.6220	0.2130
documentation	0.7190	0.2900
documents	0.5300	0.2500
dodge	0.3330	0.7600
dodger	0.4270	0.4540
dodging	0.3960	0.6540
dodgy	0.2810	0.5100
dodo	0.4380	0.3060
doe	0.5500	0.3360
doer	0.7240	0.5500
dog	0.7040	0.5000
dogface	0.2190	0.4700
dogged	0.2550	0.7500
doggy	0.6460	0.4910
doghouse	0.4380	0.4170
dogma	0.5300	0.4600
dogmatic	0.4480	0.5200
dogsick	0.5710	0.4900
doings	0.6040	0.4910
doit	0.5000	0.5190
dojo	0.5000	0.4350
doldrums	0.2290	0.4250
dole	0.4480	0.4020
doll	0.7290	0.3210
dollar	0.7550	0.6320
dollhouse	0.6430	0.2450
dolor	0.1670	0.6350
dolphin	0.7760	0.3500
domain	0.5730	0.5490
dome	0.6200	0.3980
domestic	0.7290	0.3270
domesticated	0.6350	0.3600
domestication	0.5940	0.3900
domicile	0.6040	0.2920
domiciled	0.5420	0.3400
dominance	0.5420	0.7750
dominant	0.4060	0.8540
dominate	0.4390	0.8140
dominating	0.4270	0.7690
domination	0.5050	0.7860
dominatrix	0.3900	0.7270
dominion	0.5420	0.7040
domino	0.5940	0.5100
don	0.6460	0.4540
donate	0.7740	0.4620
donation	0.7920	0.3980
donkey	0.4060	0.3670
donor	0.7140	0.4900
dontlikeyou	0.0550	0.5000
dontmess	0.3960	0.4820
dontmesswithme	0.3120	0.6350
dontpanic	0.4690	0.4650
dontunderstand	0.2190	0.3570
doodle	0.6040	0.4020
doom	0.0730	0.7500
doomed	0.0410	0.7550
doomsday	0.1250	0.8610
door	0.5490	0.1890
doorbell	0.5640	0.5000
doorknob	0.4060	0.5530
doorman	0.5700	0.3710
doormat	0.4580	0.2690
doornail	0.4590	0.3700
doorstep	0.5310	0.2740
doorway	0.5730	0.3040
dopamine	0.5480	0.4690
dope	0.2950	0.8550
dopey	0.3200	0.3800
dork	0.2720	0.5190
dorky	0.3020	0.4800
dorm	0.7190	0.1940
dormant	0.3850	0.2450
dormitory	0.6330	0.2040
dorsal	0.4490	0.3600
dosage	0.3440	0.4500
dose	0.4580	0.4900
dossier	0.3570	0.3800
dot	0.4340	0.2900
doting	0.8880	0.4150
dotted	0.4800	0.3470
dotty	0.3750	0.4020
double	0.6770	0.3780
doubled	0.4270	0.5360
doublet	0.4200	0.4310
doubling	0.4590	0.4520
doubt	0.3950	0.3510
doubtful	0.2500	0.4650
doubting	0.2240	0.5600
doubtless	0.6880	0.4150
doubts	0.3060	0.4480
douche	0.4900	0.4130
douchebags	0.3270	0.5870
dough	0.5880	0.2290
doughboy	0.3650	0.4430
doughnut	0.6630	0.3800
dour	0.3600	0.4040
douse	0.3650	0.4530
dove	0.7290	0.2350
down	0.2080	0.3300
downcast	0.0710	0.5000
downer	0.1200	0.5940
downfall	0.2000	0.7170
downfield	0.5210	0.3300
downhearted	0.1190	0.4610
downhill	0.2920	0.5730
download	0.6020	0.4900
downpour	0.3280	0.6020
downright	0.6250	0.4540
downriver	0.5420	0.4690
downside	0.1900	0.4000
downtime	0.2400	0.2260
downward	0.1880	0.3470
downy	0.6300	0.1700
dowry	0.6040	0.4530
doze	0.5920	0.2000
dozen	0.5830	0.3430
drab	0.3270	0.3000
draft	0.4380	0.3600
drafty	0.4580	0.5000
drag	0.3880	0.6060
dragon	0.5410	0.8210
dragonfly	0.5710	0.3730
drain	0.2770	0.4700
drainage	0.2190	0.3540
drained	0.3100	0.4410
draining	0.3370	0.3960
drainpipe	0.4170	0.4130
drake	0.4670	0.4110
drama	0.4300	0.7550
dramaqueen	0.3370	0.6820
dramatic	0.3670	0.7800
drape	0.4170	0.4390
drapery	0.4790	0.2200
drastic	0.1940	0.8390
drat	0.3020	0.5160
draught	0.4650	0.2450
draw	0.7040	0.4490
drawback	0.3020	0.4220
drawbridge	0.5510	0.5570
drawer	0.4290	0.1960
drawers	0.5390	0.2600
drawing	0.6980	0.2160
dread	0.1530	0.7920
dreaded	0.1220	0.7060
dreadful	0.0920	0.7860
dreadfully	0.2460	0.8060
dreading	0.1250	0.7600
dream	0.8440	0.1570
dreamboat	0.7760	0.4910
dreamer	0.8200	0.3940
dreaming	0.8540	0.3200
dreamland	0.8440	0.4710
dreams	0.8650	0.4150
dreamt	0.8120	0.3800
dreamy	0.8370	0.3500
dreary	0.2600	0.4900
dredge	0.4270	0.4450
drenched	0.3020	0.3610
dress	0.7600	0.3000
dresser	0.6040	0.3980
dressmaker	0.6980	0.4600
dressy	0.8000	0.5700
dribble	0.4170	0.5510
dried	0.4270	0.2600
drier	0.3060	0.3470
drift	0.3160	0.5200
drifted	0.3120	0.5420
drifter	0.4490	0.5120
driftwood	0.3210	0.2830
drill	0.2500	0.6020
drink	0.6500	0.5520
drinker	0.3650	0.7350
drinking	0.5620	0.4590
drinks	0.7290	0.6560
drip	0.3920	0.1930
dripping	0.3020	0.2570
drive	0.6250	0.6890
drivel	0.3980	0.4690
driver	0.5530	0.5380
driveway	0.6120	0.3920
drizzle	0.5210	0.3530
droll	0.4590	0.5730
drone	0.4290	0.6860
drones	0.3980	0.5770
drool	0.3850	0.3980
drooping	0.2450	0.5580
droopy	0.4380	0.3500
drop	0.4790	0.3210
droplet	0.6250	0.2080
dropout	0.2530	0.5500
dropper	0.3330	0.2160
drought	0.1330	0.3530
drove	0.5410	0.5280
drown	0.0710	0.8600
drowsiness	0.2600	0.1940
drowsy	0.3750	0.1800
drudgery	0.0940	0.5220
drug	0.2140	0.7900
drug dealing	0.0420	0.8430
drugged	0.1020	0.7500
druggist	0.2400	0.5610
drugs	0.1670	0.7500
drugstore	0.4900	0.3430
druid	0.5170	0.4450
drum	0.6150	0.6790
drummer	0.6460	0.7000
drumming	0.5940	0.7500
drunk	0.1940	0.8000
drunk driving	0.0730	0.9000
drunkard	0.2400	0.8730
drunken	0.1550	0.8490
drunkenness	0.2140	0.7740
dry	0.3630	0.1690
dryer	0.4790	0.3430
dryness	0.2920	0.2960
dual	0.5730	0.3300
dualism	0.4900	0.4060
duality	0.4380	0.5200
dub	0.5100	0.4800
dubious	0.4140	0.4800
duchess	0.6560	0.5480
duck	0.5940	0.3370
ducking	0.3440	0.5730
duckling	0.6020	0.3530
ducky	0.5200	0.4300
duct	0.4490	0.4350
ductile	0.5080	0.4200
dud	0.1670	0.4550
dude	0.8090	0.3560
duds	0.3470	0.3110
due	0.5620	0.3400
duel	0.2710	0.6960
dues	0.3670	0.4610
duet	0.6940	0.6930
duffel	0.5000	0.4000
dugout	0.4900	0.3700
duh	0.3570	0.4610
duke	0.6670	0.4400
dull	0.1940	0.1200
dullard	0.4500	0.4800
dumb	0.1880	0.3300
dumbasses	0.3160	0.5900
dumbbell	0.3020	0.4690
dumbbitch	0.2810	0.6360
dumfound	0.2710	0.5510
dumfounder	0.4060	0.4810
dummy	0.4400	0.1440
dump	0.3450	0.5000
dumpling	0.5800	0.3210
dumps	0.3020	0.5830
dumpster	0.2290	0.4180
dun	0.4580	0.4310
dunce	0.1880	0.3270
dune	0.4590	0.1730
dung	0.1040	0.5490
dungeon	0.2760	0.6080
dunk	0.4060	0.3330
duo	0.5100	0.5000
dupe	0.1840	0.7600
duplex	0.5920	0.4520
duplicate	0.5210	0.4900
duplication	0.4800	0.5640
duplicity	0.4060	0.5000
durability	0.7500	0.3980
durable	0.7400	0.2940
duration	0.6560	0.3700
duress	0.3020	0.5690
dusk	0.5320	0.2760
dusky	0.2290	0.5280
dust	0.3440	0.2460
duster	0.4080	0.2650
dustpan	0.6090	0.4660
dusty	0.4060	0.2940
dutiful	0.7240	0.2450
duty	0.5830	0.5790
dwarf	0.3700	0.3400
dwarfed	0.3650	0.2650
dweeb	0.3540	0.4460
dwell	0.6980	0.2450
dweller	0.6150	0.3040
dwelling	0.7650	0.3300
dye	0.4790	0.3140
dying	0.0400	0.6640
dyke	0.4380	0.3960
dynamic	0.7240	0.7500
dynamical	0.7860	0.7300
dynamics	0.7450	0.6820
dynamite	0.3440	0.8600
dynamo	0.5310	0.6500
dynasty	0.7250	0.5880
dysentery	0.2600	0.5280
dysfunction	0.1560	0.4100
dysfunctional	0.1250	0.5580
dyspepsia	0.2120	0.4700
eager	0.5210	0.8120
eagerness	0.4060	0.6210
eagle	0.6040	0.5940
ear	0.4690	0.2160
earful	0.5330	0.4620
earl	0.5820	0.4610
earlier	0.5620	0.3520
early	0.6330	0.3730
earn	0.8650	0.7690
earnest	0.6530	0.3800
earnestly	0.8470	0.4900
earnestness	0.8120	0.3730
earnings	0.9380	0.6500
earpiece	0.5830	0.2860
earring	0.5830	0.5200
earrings	0.6760	0.3460
earshot	0.5520	0.3320
earth	0.7500	0.2250
earthenware	0.5520	0.2100
earthling	0.5310	0.4120
earthly	0.6250	0.3180
earthquake	0.0730	0.9300
earthy	0.3750	0.4130
ease	0.7960	0.3850
easel	0.6940	0.3400
easement	0.4790	0.3450
easily	0.8850	0.2790
east	0.5100	0.2500
eastbound	0.5410	0.4080
eastern	0.5210	0.4200
easy	0.8650	0.1940
easygoing	0.8230	0.2760
eat	0.7310	0.5000
eater	0.4590	0.3370
eating	0.8470	0.4910
eatingdisorders	0.3650	0.6080
eavesdrop	0.3750	0.7100
eavesdropping	0.4900	0.3800
ebb	0.3540	0.4510
ebony	0.4900	0.3170
ebullient	0.6590	0.8560
eccentric	0.5310	0.8060
eccentricity	0.4080	0.7350
ecclesiastical	0.6730	0.2700
echelon	0.4900	0.4040
echinacea	0.5920	0.4180
echo	0.5730	0.3730
eclectic	0.6460	0.5420
eclipse	0.5410	0.4690
ecliptic	0.5310	0.5200
ecological	0.8850	0.2900
economic	0.5610	0.4080
economical	0.6670	0.5640
economics	0.6250	0.4810
economy	0.5830	0.4340
ecosystem	0.7290	0.2590
ecstasy	0.7960	0.9220
ecstatic	0.8750	0.7690
ecumenical	0.5610	0.4500
eddy	0.5000	0.3940
edema	0.2500	0.5190
edge	0.4390	0.4700
edging	0.4790	0.3940
edgy	0.2810	0.8950
edible	0.7500	0.4250
edict	0.3160	0.5470
edification	0.6250	0.4810
edifice	0.5510	0.4030
edit	0.5100	0.4100
editing	0.6040	0.4040
edition	0.5420	0.4550
editor	0.7720	0.4310
editorial	0.5830	0.3300
educate	0.7600	0.3800
educated	0.8160	0.2970
education	0.8960	0.2750
educational	0.7450	0.4570
educator	0.8270	0.3170
eeeek	0.3670	0.5400
eeek	0.3330	0.4900
eek	0.2920	0.5290
eel	0.2920	0.5640
eerie	0.2650	0.7710
effect	0.5700	0.5180
effective	0.8440	0.6320
effectiveness	0.6400	0.6540
effects	0.4700	0.5780
effectual	0.7760	0.5590
effectually	0.7240	0.5000
effectuate	0.5100	0.6020
effeminate	0.3370	0.6190
efficacious	0.8230	0.6980
efficacy	0.8020	0.4900
efficiency	0.8020	0.5090
efficient	0.9590	0.6040
effigy	0.5100	0.4400
effort	0.6980	0.7780
effortless	0.6260	0.0900
effusion	0.3440	0.7300
effyou	0.3540	0.5290
egg	0.6840	0.2410
egghead	0.3160	0.4920
eggnog	0.6350	0.3600
eggplant	0.5920	0.1520
eggshell	0.4080	0.2690
ego	0.3280	0.5760
egomaniac	0.1330	0.7080
egotistical	0.1560	0.6670
egregious	0.1500	0.7160
egress	0.4900	0.4290
eight	0.5400	0.1990
eighteen	0.5230	0.3400
eighth	0.5310	0.2260
eighty	0.5000	0.3000
ejaculate	0.6040	0.8960
ejaculation	0.6150	0.8930
eject	0.4340	0.6560
ejection	0.1880	0.8360
elaborate	0.5610	0.3670
elaboration	0.7080	0.5000
elan	0.5620	0.3670
elapse	0.5140	0.4400
elapsed	0.5830	0.4510
elastic	0.6560	0.5180
elasticity	0.6350	0.4520
elated	0.7920	0.9600
elation	0.7400	0.8530
elbow	0.4480	0.1330
eld	0.4710	0.2920
elder	0.4480	0.1530
elders	0.6020	0.2600
eldest	0.6250	0.4710
elect	0.6670	0.5540
election	0.6250	0.5190
elective	0.6120	0.3800
elector	0.4790	0.5200
electoral	0.4900	0.6310
electorate	0.5600	0.3800
electric	0.4580	0.7080
electric slide	0.5420	0.6600
electrical	0.5310	0.6200
electrician	0.4490	0.5900
electricity	0.6980	0.8100
electrify	0.5200	0.7690
electrocute	0.2710	0.7310
electrocution	0.1770	0.8440
electromagnetic	0.5310	0.6320
electron	0.5200	0.4550
electronic	0.5710	0.4900
electronics	0.7080	0.5450
elegance	0.9180	0.3960
elegant	0.8650	0.5000
element	0.5310	0.2590
elemental	0.6270	0.3060
elementary	0.5940	0.2860
elements	0.5100	0.3120
elephant	0.5310	0.5100
elevate	0.8120	0.5000
elevated	0.7040	0.5940
elevation	0.7600	0.7590
elevator	0.5620	0.6040
eleven	0.4490	0.2500
eleventh	0.5940	0.3290
elf	0.4600	0.4570
elicit	0.4060	0.5940
eligible	0.7500	0.4000
eliminate	0.2650	0.6700
elimination	0.0520	0.6670
elite	0.6880	0.7040
elitist	0.5000	0.6060
elixir	0.7080	0.5870
elk	0.4390	0.3370
ell	0.4690	0.4180
ellipse	0.5310	0.4100
ellipsis	0.6530	0.3580
ellipsoid	0.5000	0.4400
elliptic	0.5000	0.4310
elliptical	0.3380	0.3850
elm	0.5100	0.3450
elongate	0.5830	0.3850
elongation	0.5610	0.5000
elope	0.3960	0.6940
eloquence	0.7290	0.4900
eloquent	0.8700	0.6800
elucidate	0.5830	0.5090
elucidation	0.6500	0.5740
elude	0.4380	0.5210
elusive	0.2290	0.6150
emaciated	0.1030	0.5410
email	0.6980	0.2300
emanate	0.6530	0.4640
emancipation	0.7040	0.6840
embankment	0.6770	0.4380
embargo	0.2290	0.5640
embark	0.5410	0.5500
embarrass	0.0820	0.6670
embarrassed	0.1840	0.5600
embarrassing	0.2260	0.8090
embarrassment	0.1430	0.6850
embassy	0.6220	0.3330
embattled	0.2350	0.7240
embed	0.4170	0.5540
embellish	0.8420	0.5000
embellishment	0.6730	0.4490
embers	0.4900	0.4810
embezzlement	0.1430	0.8270
embezzler	0.1460	0.8230
emblem	0.6400	0.3300
emblematic	0.7710	0.4590
embodiment	0.5620	0.6900
embolism	0.1040	0.6600
embossed	0.5310	0.4810
embrace	0.9490	0.4900
embroidered	0.6770	0.2790
embroidery	0.7810	0.3580
embroiled	0.3370	0.7210
embryo	0.6730	0.4690
embryonic	0.5730	0.4530
emcee	0.6940	0.5770
emerald	0.7400	0.3630
emerge	0.6020	0.5940
emergence	0.2760	0.8570
emergency	0.2000	0.9000
emeritus	0.6330	0.4020
emery	0.4690	0.5830
emetophobia	0.2430	0.6200
emigrate	0.3560	0.8120
emigration	0.5640	0.6640
eminence	0.8160	0.6440
eminent	0.7400	0.6200
eminently	0.6940	0.6070
emir	0.5100	0.3960
emissary	0.5620	0.4620
emission	0.5100	0.4530
emit	0.6380	0.4450
emo	0.3540	0.3140
emotion	0.6930	0.8730
emotional	0.7790	0.7140
emotive	0.9170	0.7410
empathic	0.7600	0.5700
empathize	0.8020	0.5910
empathy	0.7290	0.3490
emperor	0.6510	0.7040
emphasis	0.6530	0.7450
emphasize	0.5100	0.6050
emphatic	0.6150	0.7070
emphysema	0.1560	0.5560
empire	0.6880	0.7300
empirical	0.5000	0.5100
empiricism	0.5830	0.4600
employ	0.7290	0.4810
employee	0.5820	0.3610
employer	0.6630	0.5180
employment	0.7500	0.5940
emporium	0.6220	0.5560
empower	0.6940	0.7790
empress	0.7160	0.6690
emptiness	0.1770	0.1730
emption	0.5700	0.4060
empty	0.1880	0.1830
emu	0.4200	0.3580
emulate	0.4380	0.3400
emulsion	0.5620	0.4310
enable	0.7600	0.4910
enablement	0.6000	0.4510
enact	0.6800	0.5640
enactment	0.6670	0.6120
enamel	0.5940	0.2800
encampment	0.6770	0.5730
enchant	0.8730	0.6500
enchanted	0.9170	0.6330
enchanting	0.9170	0.6810
enchantment	0.8160	0.7750
enchantress	0.3980	0.6630
enchilada	0.5420	0.5530
encircle	0.4600	0.5000
encircling	0.5100	0.3680
enclave	0.5310	0.3330
enclose	0.5310	0.4770
enclosure	0.4170	0.3750
encode	0.4900	0.5000
encomiastic	0.5410	0.5000
encomium	0.5410	0.4510
encompass	0.5200	0.2980
encore	0.5100	0.4230
encounter	0.8650	0.7020
encourage	0.8960	0.5800
encouraged	0.9530	0.7020
encouragement	0.8650	0.7000
encouraging	0.8230	0.5830
encroach	0.3020	0.7420
encroachment	0.2550	0.7360
encrypt	0.5000	0.3870
encryption	0.5470	0.4150
encumbrance	0.3000	0.5210
encyclopedia	0.6790	0.3200
end	0.1980	0.3490
end table	0.5410	0.4800
endanger	0.1150	0.8850
endangered	0.0830	0.8850
endangerment	0.1670	0.8730
endearing	0.6630	0.4340
endeavor	0.6770	0.7550
ended	0.3020	0.5000
endemic	0.4060	0.4800
endgame	0.4490	0.5380
ending	0.3440	0.3650
endless	0.3470	0.4620
endocarditis	0.2350	0.5870
endorse	0.5920	0.3920
endorsement	0.8340	0.3600
endow	0.6840	0.3980
endowed	0.7550	0.5100
endowment	0.6850	0.5780
endpapers	0.5420	0.4000
endpoint	0.3110	0.4100
endurance	0.5920	0.7450
endure	0.3200	0.6100
enduring	0.6330	0.4590
enema	0.2810	0.6730
enemy	0.1350	0.7940
energetic	0.8470	0.8680
energize	0.7920	0.8100
energy	0.9440	0.7250
enforce	0.5830	0.6440
enforcement	0.5940	0.5710
enforcer	0.3980	0.6120
engage	0.7710	0.7960
engaged	0.8370	0.5960
engagement	0.9060	0.5870
engaging	0.9480	0.6120
engender	0.5610	0.7410
engine	0.6150	0.6440
engineer	0.7190	0.5000
engineering	0.7350	0.4710
engrave	0.4860	0.4420
engraved	0.5420	0.3750
engraver	0.5520	0.4170
engraving	0.6040	0.4300
engrossed	0.5410	0.4710
engrossing	0.6980	0.7020
engulf	0.3980	0.5730
enhance	0.8020	0.5780
enhancement	0.8770	0.4900
enigma	0.5130	0.7000
enigmatic	0.4690	0.5890
enjoin	0.5940	0.4540
enjoy	0.9590	0.7250
enjoyable	1.0000	0.4810
enjoying	0.9080	0.7590
enjoyment	0.9300	0.6120
enlarge	0.7350	0.6060
enlarged	0.6730	0.4900
enlargement	0.6770	0.5770
enlighten	0.7290	0.5490
enlightened	0.9560	0.5660
enlightening	0.8250	0.7290
enlightenment	0.8370	0.5490
enlist	0.5100	0.3700
enliven	0.8330	0.6830
enmity	0.0940	0.7060
ennui	0.4060	0.4610
enormity	0.5940	0.6480
enormous	0.6770	0.6650
enormously	0.7600	0.6940
enraged	0.0830	0.9620
enrich	0.8960	0.7310
enroll	0.6960	0.5300
enrollment	0.6670	0.3910
ensemble	0.6970	0.4180
ensign	0.6630	0.2700
enslave	0.0730	0.8000
enslaved	0.1040	0.7200
enslavement	0.0860	0.6350
ensue	0.6980	0.3630
ensure	0.7370	0.4060
entail	0.4840	0.6300
entangled	0.3190	0.5780
entanglement	0.3020	0.7650
enter	0.7080	0.4700
enterprise	0.7600	0.3920
enterprising	0.8650	0.7840
entertain	0.9180	0.6840
entertained	0.9020	0.6440
entertainer	0.8880	0.7090
entertaining	0.8330	0.6580
entertainment	0.8470	0.7500
enthralled	0.7450	0.6020
enthusiasm	0.9380	0.8160
enthusiast	0.8670	0.8100
enthusiastic	0.8850	0.8680
entice	0.5210	0.8870
entire	0.6890	0.4620
entirety	0.8540	0.4600
entitle	0.7290	0.3330
entity	0.5420	0.4020
entomology	0.4380	0.3960
entourage	0.4910	0.5670
entrails	0.3650	0.5380
entrance	0.6980	0.3930
entrapment	0.1770	0.6040
entreat	0.3040	0.5600
entree	0.6150	0.4770
entrepreneur	0.8850	0.7040
entrust	0.6930	0.3100
entry	0.5520	0.3530
enumerate	0.5210	0.3900
enumeration	0.5480	0.3270
envelope	0.6040	0.2750
envious	0.1100	0.7540
environ	0.7240	0.2210
environment	0.6460	0.1940
environmental	0.6330	0.3130
environs	0.5610	0.2880
envision	0.6250	0.4490
envoy	0.5310	0.3750
envy	0.2400	0.7040
enzyme	0.5620	0.2770
ephemeral	0.5000	0.3120
ephemeris	0.6400	0.3800
epic	0.8570	0.7130
epidemic	0.0920	0.8300
epidermis	0.4180	0.4900
epidural	0.3470	0.4520
epilepsy	0.0610	0.8540
epileptic	0.1460	0.7940
epilogue	0.5820	0.3530
epiphany	0.6250	0.5960
episcopal	0.5420	0.3140
episode	0.7190	0.3670
episodic	0.5310	0.5420
epistle	0.6040	0.4170
epitaph	0.2760	0.3230
epithet	0.5300	0.3940
epitome	0.5100	0.5000
epoch	0.5530	0.3430
equal	0.7810	0.1780
equality	0.8980	0.3050
equalization	0.6250	0.4220
equalize	0.7380	0.2810
equalizer	0.6040	0.4510
equally	0.6250	0.2640
equate	0.7240	0.3820
equation	0.4790	0.3840
equator	0.5500	0.3020
equatorial	0.5500	0.2710
equestrian	0.6330	0.5190
equidistant	0.3750	0.4060
equilibration	0.7240	0.3170
equilibrium	0.6760	0.2350
equip	0.6500	0.5190
equipment	0.7450	0.4950
equitable	0.7140	0.2860
equity	0.7920	0.3040
equivalence	0.6630	0.2500
equivalent	0.6460	0.3470
equivocal	0.3270	0.4820
era	0.6150	0.4070
eradicate	0.2600	0.6900
eradication	0.2080	0.7880
erase	0.2400	0.2600
eraser	0.4580	0.2090
erasure	0.2810	0.3600
ere	0.4790	0.3120
erect	0.6430	0.8850
erectile	0.5420	0.7960
erection	0.6400	0.8560
ergo	0.3850	0.4000
erode	0.2080	0.6430
erosion	0.3120	0.7700
erotic	0.6250	0.9460
erotica	0.7810	0.8700
err	0.1460	0.6600
errand	0.3850	0.5190
errant	0.2050	0.6020
erratic	0.2710	0.5030
erratum	0.3270	0.5280
erroneous	0.0570	0.5610
error	0.0940	0.5590
erst	0.2770	0.4220
erudite	0.7190	0.4340
erupt	0.1880	0.8200
eruption	0.1560	0.9130
escalade	0.4800	0.7240
escalate	0.6530	0.7140
escalating	0.6460	0.7240
escalation	0.5710	0.8070
escalator	0.5000	0.5300
escape	0.3670	0.7650
escaped	0.3650	0.7550
escarpment	0.4060	0.5530
eschew	0.1840	0.4380
escort	0.7290	0.4800
escrow	0.4490	0.5200
esophagus	0.4290	0.4540
esoteric	0.5000	0.6760
especial	0.8270	0.4190
espionage	0.3120	0.7500
espouse	0.8020	0.5290
espresso	0.6770	0.6200
esprit	0.5520	0.4310
esquire	0.6040	0.5420
essay	0.5590	0.4110
essayist	0.6560	0.4600
essence	0.6630	0.3690
essential	0.8120	0.4050
essentially	0.7500	0.3730
establish	0.7080	0.5000
established	0.7960	0.3940
establishment	0.6900	0.3980
estate	0.6530	0.3850
esteem	0.7450	0.3800
esteemed	0.6940	0.4180
esthetic	0.6350	0.3600
estimable	0.7960	0.4080
estimate	0.7190	0.4690
estimation	0.7400	0.4800
estoppel	0.3540	0.4590
estranged	0.1560	0.3820
estrogen	0.5800	0.5000
estuary	0.4690	0.2780
etch	0.5100	0.3670
etching	0.5670	0.4910
eternal	0.8540	0.4090
eternity	0.7650	0.5200
ethanol	0.3330	0.4100
ether	0.4900	0.3060
ethereal	0.5200	0.4190
ethic	0.7860	0.2600
ethical	0.8540	0.3240
ethics	0.6580	0.2960
ethnic	0.5830	0.3730
ethnography	0.5710	0.3730
etiology	0.5000	0.3850
etiquette	0.6040	0.3500
etymology	0.5310	0.3700
eucalyptus	0.6020	0.3080
euchre	0.4700	0.4590
eugenics	0.4480	0.5300
eulogistic	0.7400	0.6230
eulogium	0.5420	0.4820
eulogize	0.8500	0.5180
eulogy	0.6250	0.4430
euphemism	0.4180	0.4530
euphoria	0.7690	0.9550
euphoric	0.7450	0.9040
euro	0.6800	0.4410
euthanasia	0.2290	0.7160
evacuate	0.3540	0.7920
evacuation	0.1600	0.7550
evade	0.3040	0.4900
evaluate	0.6630	0.6400
evaluation	0.5420	0.6670
evanescence	0.5270	0.5190
evangelical	0.6020	0.3890
evangelist	0.5820	0.4640
evangelistic	0.6600	0.3750
evaporate	0.3570	0.4690
evaporation	0.5560	0.3460
evasion	0.2290	0.5100
evasive	0.1170	0.5960
eve	0.6120	0.3780
evening	0.4580	0.1850
evens	0.5920	0.4300
event	0.7450	0.6730
eventful	0.5430	0.8370
eventual	0.6330	0.4590
eventuality	0.4690	0.6270
evergreen	0.7290	0.4710
everlasting	0.7400	0.4130
evermore	0.6770	0.4500
everyday	0.7400	0.3920
everyman	0.5220	0.3330
evict	0.0420	0.6320
eviction	0.1850	0.7310
evidence	0.5000	0.5000
evident	0.6330	0.4440
evidentiary	0.4480	0.5410
evil	0.0400	0.8270
evoke	0.4380	0.3410
evolution	0.7810	0.6570
evolutionary	0.7960	0.6730
evolve	0.6550	0.6920
ewe	0.4290	0.2160
ex	0.2500	0.5200
exacerbate	0.3230	0.7760
exacerbation	0.3440	0.8100
exact	0.7190	0.3540
exacting	0.4480	0.6730
exaggerate	0.1930	0.7600
exaggerated	0.2240	0.8850
exaggeration	0.3120	0.7750
exalt	0.6560	0.7500
exaltation	0.5940	0.8920
exalted	0.6760	0.8450
exam	0.4790	0.6630
examination	0.3780	0.6570
examine	0.6150	0.6230
examiner	0.4060	0.5750
example	0.5420	0.3370
exasperated	0.2290	0.8160
exasperation	0.2140	0.8330
excavate	0.5830	0.6130
excavation	0.5400	0.6440
excavator	0.4270	0.6730
exceed	0.5000	0.8270
exceeding	0.5000	0.8020
excel	0.5610	0.3630
excellence	0.9580	0.6200
excellent	0.9700	0.5870
excelsior	0.7000	0.6250
excepting	0.4080	0.4130
exception	0.4690	0.6000
exceptional	0.8060	0.7400
excerpt	0.4370	0.3670
excess	0.3850	0.8890
excessive	0.4170	0.7310
excessively	0.4490	0.8820
exchange	0.7400	0.5690
excise	0.4480	0.5610
excision	0.2600	0.4800
excitability	0.9060	0.9100
excitable	0.8030	0.9390
excitation	0.7920	0.9580
excite	0.8230	0.9500
excited	0.9080	0.9310
excitement	0.8960	0.6840
exciting	0.9500	0.7920
exclaim	0.6350	0.7110
exclamation	0.6120	0.7450
exclude	0.2920	0.5000
excluded	0.0610	0.5400
excluding	0.2710	0.5500
exclusion	0.2400	0.5300
exclusive	0.7920	0.6300
excrement	0.0410	0.5580
excretion	0.2850	0.6500
excruciating	0.0830	0.8370
excursion	0.6250	0.7140
excuse	0.2400	0.6960
exec	0.6400	0.3520
execute	0.3270	0.7080
execution	0.1600	0.8110
executioner	0.2350	0.8160
executive	0.7040	0.4490
executor	0.3650	0.7550
exegesis	0.4580	0.4720
exemplar	0.8440	0.5370
exemplary	0.8330	0.3430
exemplify	0.7350	0.5060
exempt	0.5880	0.4550
exemption	0.5310	0.5780
exercise	0.7500	0.7890
exert	0.6940	0.7350
exertion	0.6630	0.7550
exhale	0.5420	0.4900
exhaust	0.5460	0.7100
exhausted	0.1230	0.4230
exhaustion	0.3660	0.6330
exhaustive	0.3880	0.6350
exhibit	0.6880	0.6330
exhibition	0.6980	0.5900
exhilarated	0.8900	0.9630
exhilarating	0.9170	0.8230
exhilaration	0.7920	0.8680
exhort	0.3780	0.6600
exhortation	0.5310	0.6240
exhumation	0.1770	0.5860
exhume	0.1840	0.6270
exigent	0.3850	0.6110
exile	0.1840	0.6300
exist	0.8570	0.4210
existence	0.7600	0.5130
existent	0.6350	0.4900
existential	0.5830	0.5100
existing	0.8020	0.3440
exit	0.3700	0.3530
exodus	0.2860	0.6630
exonerate	0.5920	0.5000
exorbitant	0.3980	0.8650
exorcism	0.1630	0.9800
exorcist	0.2190	0.9060
exotic	0.8400	0.7110
expand	0.7920	0.5590
expanded	0.7600	0.4060
expanse	0.5940	0.5290
expansion	0.7760	0.6180
expansive	0.7080	0.6500
expatriate	0.2650	0.7640
expect	0.4690	0.3270
expectance	0.5520	0.7240
expectancy	0.5810	0.6220
expectant	0.7080	0.6500
expectation	0.7710	0.6900
expected	0.7290	0.4120
expecting	0.5610	0.4500
expediency	0.6040	0.4430
expedient	0.8850	0.4610
expedite	0.5710	0.8580
expedition	0.7350	0.8020
expeditious	0.6020	0.6450
expel	0.2810	0.7250
expendable	0.4790	0.4900
expenditure	0.2500	0.6080
expense	0.3170	0.4510
expenses	0.2400	0.6330
expensive	0.3230	0.5400
experience	0.8270	0.6180
experienced	0.7710	0.6130
experiences	0.7930	0.6470
experiment	0.4790	0.7200
experimental	0.4170	0.7640
experimentation	0.6370	0.7690
experimenter	0.7080	0.7100
expert	0.7760	0.6460
expertise	0.7920	0.5890
expiration	0.2650	0.5390
expire	0.5730	0.7450
expired	0.1980	0.3940
expiry	0.1940	0.4340
explain	0.7190	0.5170
explanation	0.6150	0.6100
explanatory	0.5730	0.4330
expletive	0.3570	0.5670
explication	0.5100	0.4450
explicit	0.5620	0.6940
explode	0.2770	0.8850
exploit	0.3120	0.8780
exploitation	0.1560	0.9200
exploration	0.5940	0.6500
exploratory	0.6530	0.6900
explore	0.7760	0.6600
explorer	0.7290	0.6630
explosion	0.1670	0.9600
explosions	0.1230	0.8600
explosive	0.1560	0.9430
expo	0.6100	0.5620
exponent	0.5290	0.5100
exponential	0.7040	0.5880
export	0.5670	0.6610
exportation	0.7600	0.6330
expose	0.3440	0.6430
exposed	0.4710	0.6610
exposition	0.5210	0.6270
expository	0.7060	0.6530
exposure	0.5700	0.8300
expound	0.4380	0.5750
express	0.7600	0.6230
expression	0.7900	0.6500
expressive	0.7550	0.7240
expressway	0.6330	0.6350
expropriation	0.1880	0.7350
expulsion	0.1900	0.7900
exquisite	0.8920	0.6440
exquisitely	0.8490	0.7280
extant	0.6460	0.3900
extend	0.6460	0.5700
extendable	0.6600	0.5920
extended	0.5700	0.3040
extension	0.4900	0.5100
extensive	0.6350	0.5200
extent	0.6460	0.4510
exterior	0.5420	0.4000
exterminate	0.1770	0.8570
extermination	0.1900	0.8600
exterminator	0.3440	0.8040
external	0.4790	0.3410
externally	0.6430	0.5210
extinct	0.1120	0.4910
extinction	0.1040	0.7500
extinguish	0.2400	0.5760
extinguisher	0.7070	0.3790
extol	0.5820	0.6670
extort	0.0520	0.8270
extortion	0.1120	0.8680
extra	0.6560	0.5510
extract	0.5650	0.4020
extracting	0.5210	0.7090
extraction	0.4180	0.7400
extractor	0.3020	0.5360
extracurricular	0.4570	0.4710
extradition	0.2290	0.6270
extrajudicial	0.3650	0.6860
extramural	0.3360	0.5590
extraneous	0.2760	0.6250
extraordinaire	0.8470	0.8640
extraordinary	0.9690	0.7280
extraterrestrial	0.5100	0.8330
extravagance	0.5310	0.8020
extravagant	0.7200	0.7630
extravaganza	0.6460	0.7860
extreme	0.3180	0.8000
extreme anticipation	0.5510	0.7400
extreme disgust	0.0520	0.8730
extreme surprise	0.8330	0.9350
extreme trust	0.8260	0.7130
extremely	0.6350	0.8270
extremely negative	0.0300	0.7860
extremely positive	0.9930	0.7300
extremity	0.4080	0.5880
extricate	0.5420	0.5100
extrinsic	0.5100	0.4790
extrusion	0.2290	0.6600
exuberance	0.6980	0.8160
exude	0.3750	0.5190
eye	0.5310	0.2650
eyeball	0.5260	0.4220
eyebrow	0.5100	0.1980
eyeful	0.8020	0.5000
eyeglass	0.5310	0.2360
eyeglasses	0.5610	0.2690
eyelash	0.4800	0.2500
eyelet	0.6320	0.2980
eyeliner	0.6880	0.3490
eyepiece	0.4180	0.3470
eyes	0.7600	0.2790
eyesight	0.7500	0.2260
eyewitness	0.5410	0.6860
fab	0.4900	0.3800
fable	0.6630	0.3870
fabled	0.6250	0.5380
fabric	0.6350	0.1900
fabricate	0.6360	0.4910
fabricated	0.4180	0.4270
fabrication	0.5730	0.5870
fabulous	0.9790	0.6600
facade	0.5200	0.3330
face	0.5710	0.1730
faceless	0.2300	0.4060
facet	0.6670	0.3240
facial	0.5940	0.4290
facile	0.7400	0.2640
facilitate	0.8120	0.3330
facility	0.6250	0.5000
facing	0.6040	0.4060
facsimile	0.4900	0.5000
fact	0.6830	0.3330
faction	0.4690	0.4300
factor	0.6350	0.3650
factory	0.5000	0.5000
facts	0.6880	0.4710
factual	0.6560	0.4400
faculties	0.6430	0.4310
faculty	0.6150	0.4120
fad	0.6630	0.5200
fade	0.3540	0.3330
faded	0.3020	0.2750
faeces	0.1840	0.4760
fag	0.1220	0.6530
faggot	0.2190	0.6430
fail	0.1770	0.5780
failing	0.1250	0.4900
failure	0.1670	0.5750
fain	0.4790	0.4170
faint	0.0630	0.4290
fainting	0.3330	0.5100
fair	0.8120	0.5570
fairly	0.7900	0.4060
fairness	0.7400	0.3170
fairway	0.5410	0.5100
fairy	0.7760	0.4080
faith	0.8330	0.2200
faithful	0.8880	0.3330
faithfulness	0.8330	0.4260
faithless	0.1020	0.6830
fake	0.0730	0.5540
faker	0.2450	0.6300
falafel	0.5600	0.4020
falcon	0.5570	0.5800
fall	0.1770	0.6570
fallacious	0.2710	0.5870
fallacy	0.1120	0.5610
fallback	0.4580	0.3580
fallible	0.3650	0.5370
falling	0.2020	0.7160
fallopian	0.2970	0.3900
fallout	0.4280	0.3560
fallow	0.3750	0.3680
false	0.1200	0.4040
falsehood	0.0310	0.6250
falsely	0.0830	0.4800
falsification	0.1730	0.7200
falsified	0.0420	0.6300
falsify	0.1150	0.6570
falsity	0.1200	0.6890
falter	0.4210	0.6500
fame	0.8960	0.7550
famed	0.8780	0.7500
familiar	0.9060	0.3300
familiarity	0.8540	0.3460
familiarize	0.7600	0.3650
family	0.9680	0.3830
familytime	0.9390	0.4200
famine	0.1630	0.6790
famished	0.1770	0.6540
famous	0.9160	0.7750
famously	0.8560	0.7650
fan	0.7810	0.4290
fanatic	0.5730	0.7800
fanatical	0.5550	0.8300
fanaticism	0.2920	0.8960
fanciful	0.6770	0.5920
fancy	0.8540	0.6730
fandango	0.4900	0.5910
fanfare	0.6560	0.6400
fang	0.1750	0.4910
fangs	0.2860	0.5980
fanning	0.6150	0.3300
fantasia	0.8980	0.6940
fantasize	0.7710	0.6600
fantastic	0.9690	0.6960
fantasy	0.8800	0.6270
faraway	0.3650	0.3560
farce	0.2650	0.6670
farcical	0.4060	0.4810
fare	0.4900	0.4250
farewell	0.1300	0.5000
farm	0.7810	0.3270
farmer	0.6770	0.4320
farmhouse	0.6900	0.3300
farming	0.5800	0.4140
farmland	0.7290	0.3630
faro	0.5440	0.3490
fart	0.1940	0.4390
farther	0.4180	0.5000
fascia	0.4800	0.3660
fascinate	0.8540	0.6830
fascinated	0.8120	0.7140
fascinating	0.9790	0.8170
fascination	0.8850	0.7730
fascism	0.1040	0.7400
fascist	0.2000	0.7550
fashion	0.8270	0.6160
fashionable	0.7500	0.5100
fastball	0.6880	0.6790
fasten	0.4580	0.5850
fastener	0.5770	0.3770
fastening	0.5940	0.4730
fasting	0.3880	0.3700
fat	0.1980	0.3530
fatal	0.0610	0.7750
fatalism	0.2080	0.6940
fatality	0.0620	0.7980
fate	0.5710	0.4790
fated	0.5820	0.4720
fateful	0.2900	0.5830
fathead	0.2960	0.5270
father	0.8120	0.3330
fatherhood	0.8850	0.5190
fatherland	0.7290	0.4690
fatherly	0.8650	0.3630
fathom	0.5200	0.4100
fatigue	0.1730	0.3780
fatigued	0.1460	0.4330
fatso	0.2860	0.3940
fatten	0.3750	0.5490
fatty	0.2860	0.3610
faucet	0.4270	0.2780
fault	0.1880	0.5580
faultless	0.7920	0.5000
faulty	0.1840	0.5200
faun	0.4900	0.3030
fauna	0.6460	0.3460
faux	0.2910	0.4900
favor	0.8120	0.3080
favorable	0.9520	0.3800
favorite	0.8850	0.5900
favoriteholiday	0.8670	0.6180
favoritism	0.5820	0.5590
fawn	0.6260	0.3600
fax	0.4060	0.3680
faze	0.4170	0.5150
fear	0.0730	0.8400
feared	0.2400	0.7330
fearful	0.0830	0.4820
fearfully	0.1120	0.5670
fearing	0.1250	0.5660
fearless	0.8100	0.8060
fears	0.0610	0.8210
fearsome	0.1150	0.9000
feasibility	0.6530	0.4900
feasible	0.6940	0.3880
feast	0.9790	0.7240
feat	0.7500	0.7060
feather	0.6770	0.2080
feathered	0.4380	0.2880
feature	0.6670	0.3140
features	0.6670	0.4330
febrile	0.4290	0.5780
fecal	0.2550	0.5280
feces	0.2400	0.4070
fecundity	0.6880	0.5910
fed	0.6020	0.3700
federal	0.5300	0.4590
federation	0.6330	0.3540
fedup	0.3270	0.5000
fee	0.3540	0.3860
feeble	0.1570	0.2800
feed	0.8120	0.4290
feedback	0.6220	0.5570
feeder	0.6040	0.4520
feel	0.8020	0.6020
feelgood	0.9900	0.4410
feeling	0.8060	0.3290
feelingdown	0.4900	0.4570
feelinggood	0.9400	0.4490
feet	0.5100	0.2400
feign	0.3400	0.3940
feigned	0.1730	0.6020
feisty	0.5920	0.8530
felicity	0.9130	0.7040
feline	0.6150	0.7450
fell	0.2550	0.4620
feller	0.4060	0.6220
fellow	0.7450	0.2980
fellowship	0.9000	0.4290
felon	0.1110	0.8980
felony	0.2060	0.8080
felt	0.6430	0.4170
feminine	0.8020	0.5200
femininity	0.7500	0.4790
feminism	0.5410	0.5700
femme	0.5510	0.5290
femoral	0.4170	0.3240
femur	0.4080	0.2890
fen	0.4900	0.2760
fence	0.5000	0.1980
fenced	0.3230	0.4300
fencing	0.5420	0.6540
fend	0.6460	0.7310
fender	0.3690	0.4590
fennel	0.5730	0.2770
ferment	0.3750	0.5310
fermentation	0.4200	0.5670
fern	0.6020	0.2400
ferocious	0.1670	0.9150
ferocity	0.2350	0.9060
ferret	0.3850	0.3910
ferry	0.6040	0.5090
ferryboat	0.5940	0.4520
fertile	0.8880	0.4080
fertility	0.8850	0.5290
fertilize	0.7080	0.4430
fertilizer	0.4380	0.4630
fervent	0.6460	0.6320
fervor	0.5730	0.7690
fess	0.3950	0.4200
fest	0.7040	0.5740
festival	0.8700	0.7060
festive	0.8540	0.7400
fetal	0.3880	0.3080
fetch	0.4790	0.3630
fete	0.5800	0.5510
fetish	0.3070	0.7060
fetus	0.4790	0.5190
feud	0.1460	0.7960
feudal	0.3670	0.3700
feudalism	0.2290	0.4650
fever	0.1940	0.6740
feverish	0.3850	0.6960
fiancee	0.9590	0.6260
fiasco	0.1670	0.6000
fiat	0.5200	0.4180
fib	0.4380	0.5100
fiber	0.7190	0.2840
fiberglass	0.4510	0.4510
fibrosis	0.1600	0.4690
fibrous	0.4800	0.4410
fickle	0.4060	0.4810
fiction	0.4380	0.6570
fictional	0.4300	0.4900
fictitious	0.2240	0.4440
fiddle	0.5710	0.4490
fiddler	0.6150	0.5800
fidelity	0.7650	0.5800
fidgety	0.2290	0.7860
fiduciary	0.3750	0.4000
field	0.6400	0.3800
field hockey	0.6020	0.7860
fielder	0.5830	0.3780
fiend	0.1460	0.9030
fiendish	0.1670	0.8460
fierce	0.2810	0.8770
fiery	0.4180	0.8500
fiesta	0.9270	0.7790
fiesty	0.5710	0.6630
fifteen	0.4900	0.2900
fifty	0.5710	0.3680
fig	0.5730	0.3900
fight	0.5310	0.8680
fighter	0.6370	0.7600
fighting	0.2920	0.8850
fights	0.0700	0.9200
figment	0.5520	0.3160
figurative	0.4790	0.4500
figure	0.6880	0.3280
figurine	0.7600	0.2830
filament	0.5100	0.4520
filamentous	0.5310	0.4800
file	0.4800	0.3160
filet	0.6150	0.3920
filibuster	0.2710	0.7140
filigree	0.5760	0.4080
filing	0.6200	0.4200
filings	0.3230	0.4120
fill	0.7290	0.4490
filler	0.5310	0.3470
fillet	0.7450	0.4150
filling	0.5100	0.3820
filly	0.4790	0.5640
film	0.8230	0.4910
filmmaker	0.7040	0.5100
filmy	0.5830	0.5100
filter	0.4400	0.2960
filth	0.1940	0.5920
filthy	0.1150	0.7140
filtration	0.4070	0.5200
fin	0.3330	0.3400
final	0.2760	0.5750
finale	0.4060	0.3300
finalist	0.8330	0.6860
finality	0.6150	0.3680
finalize	0.5560	0.5500
finalized	0.2450	0.2100
finally	0.5830	0.4330
finance	0.7530	0.4310
financial	0.6670	0.5000
financier	0.6020	0.5000
finch	0.4380	0.4440
find	0.7740	0.5550
finder	0.3600	0.5500
finding	0.7960	0.4690
fine	0.8230	0.2400
finery	0.5620	0.4790
finesse	0.7400	0.3870
finger	0.3210	0.2640
fingernail	0.4180	0.4150
fingerprint	0.5830	0.4040
fingerscrossed	0.5730	0.5400
finish	0.4710	0.4290
finished	0.5100	0.3870
finite	0.3840	0.3470
fink	0.4100	0.5140
fir	0.5210	0.2750
fire	0.3800	0.8040
firearm	0.0860	0.9430
firearms	0.2200	0.9430
fireball	0.3020	0.7770
firecracker	0.4740	0.7410
firefight	0.1530	0.9200
firefighter	0.6370	0.7700
firefly	0.6220	0.4100
firehouse	0.5940	0.6890
firelight	0.6770	0.5040
fireman	0.5830	0.7450
fireplace	0.6670	0.3800
firepower	0.3750	0.9410
fireproof	0.6840	0.6790
fireside	0.6840	0.3770
firestorm	0.1800	0.9290
firewall	0.4850	0.6020
firewood	0.5200	0.3480
firework	0.7860	0.9040
fireworks	0.7350	0.8630
firing	0.1880	0.9310
firm	0.6350	0.3800
firmament	0.7500	0.4070
firmly	0.7860	0.5100
firmness	0.8230	0.4790
first	0.6250	0.5000
firstborn	0.7860	0.4900
firstworldprobs	0.4580	0.6120
fiscal	0.5000	0.5820
fish	0.5100	0.2800
fisherman	0.6560	0.4610
fishery	0.5740	0.5030
fishing	0.6770	0.2830
fishing boat	0.5210	0.4030
fishy	0.2240	0.6010
fissile	0.3330	0.4900
fission	0.3860	0.5000
fissure	0.3330	0.5100
fist	0.3330	0.6860
fistfight	0.2080	0.9020
fistful	0.5000	0.5090
fistula	0.3120	0.4810
fit	0.6040	0.4500
fitness	0.8750	0.5290
fits	0.5710	0.3630
fitted	0.5070	0.4040
fitting	0.6120	0.4410
fittings	0.5310	0.4040
five	0.5100	0.2210
fiver	0.4580	0.4690
fix	0.7600	0.5380
fixable	0.7240	0.4700
fixation	0.5620	0.4590
fixed	0.6840	0.1670
fixer	0.6330	0.3750
fixture	0.6630	0.2160
fixtures	0.6430	0.3300
fizz	0.4590	0.7080
fjord	0.5100	0.4040
flabbergast	0.4800	0.6790
flabbergasted	0.3120	0.8020
flabby	0.2920	0.3580
flaccid	0.1560	0.4000
flag	0.5920	0.3780
flagging	0.5210	0.5190
flagpole	0.5000	0.3940
flagrant	0.2860	0.6730
flagship	0.5920	0.5870
flagstaff	0.5200	0.5170
flair	0.7750	0.4710
flak	0.3900	0.6000
flake	0.3850	0.3880
flaky	0.3630	0.5090
flamboyant	0.6150	0.7940
flame	0.4480	0.5740
flamethrower	0.1600	0.8820
flaming	0.4060	0.6450
flamingo	0.6670	0.4510
flammable	0.2160	0.8000
flan	0.6040	0.3040
flange	0.5000	0.3060
flank	0.4480	0.4580
flanked	0.3330	0.4310
flanking	0.4900	0.6220
flannel	0.4900	0.2500
flap	0.2750	0.3850
flapping	0.4580	0.7280
flare	0.5580	0.8230
flares	0.5800	0.6420
flaring	0.6250	0.7710
flash	0.5710	0.5900
flashback	0.2650	0.4000
flashing	0.6040	0.5740
flashlight	0.6530	0.4140
flashy	0.7040	0.6000
flask	0.4180	0.4120
flat	0.4080	0.2360
flatbed	0.4900	0.2500
flatfoot	0.2650	0.3330
flatness	0.4790	0.2800
flatten	0.2860	0.4690
flatter	0.5210	0.4180
flattered	0.8650	0.6080
flattering	0.7550	0.6860
flattery	0.4700	0.5750
flatulence	0.2100	0.6320
flaunt	0.4380	0.6110
flavor	0.8850	0.4790
flaw	0.3190	0.4910
flawed	0.1330	0.4900
flawless	0.7290	0.4200
flea	0.2860	0.3530
fleabag	0.2710	0.5570
fled	0.2240	0.6390
flee	0.2920	0.7960
fleece	0.5610	0.2500
fleet	0.5470	0.4300
fleeting	0.4390	0.6500
flesh	0.6040	0.3900
fleshy	0.5000	0.5180
flex	0.6040	0.3780
flexibility	0.8670	0.4020
flexible	0.7190	0.4600
flexin	0.5520	0.5590
flexion	0.4490	0.5510
flick	0.6880	0.5410
flicker	0.6350	0.3210
flickering	0.4900	0.4440
flier	0.5410	0.4900
flight	0.6460	0.6300
flighty	0.2190	0.6020
flimsy	0.3020	0.3960
flinch	0.3500	0.8040
fling	0.4390	0.6960
flint	0.5210	0.4390
flip	0.2810	0.5290
flip flop	0.4170	0.5190
flipper	0.6770	0.4200
flipping	0.5530	0.5510
flirt	0.7920	0.7900
flirtation	0.6530	0.7190
flirting	0.5900	0.7730
flirty	0.7140	0.7210
float	0.6880	0.3940
floater	0.4800	0.4330
flock	0.5000	0.5460
flog	0.4080	0.5200
flood	0.2080	0.7780
floor	0.4300	0.2300
flooring	0.5620	0.2350
floozy	0.4100	0.4770
flop	0.0810	0.6420
floppy	0.5490	0.3000
flora	0.8330	0.3240
floral	0.8330	0.2350
florist	0.7710	0.4100
floss	0.5000	0.2800
flotation	0.5100	0.3530
flounder	0.7110	0.3330
flour	0.5300	0.2350
flourish	0.9390	0.5730
flow	0.6960	0.3160
flower	0.8020	0.1890
flowering	0.9060	0.6270
flowers	0.8750	0.3240
flowery	0.7920	0.3320
flows	0.5710	0.4800
flu	0.2300	0.5470
fluctuate	0.2850	0.6170
fluctuating	0.2920	0.5910
fluctuation	0.3470	0.7500
flue	0.3540	0.6880
fluency	0.7760	0.5040
fluent	0.7600	0.5000
fluff	0.5200	0.2640
fluffy	0.7810	0.4310
fluid	0.6730	0.4070
fluidity	0.7290	0.5100
fluke	0.4460	0.4500
flunk	0.1040	0.5480
flunky	0.2050	0.4520
fluorescence	0.6670	0.4900
fluorescent	0.6020	0.5950
flurries	0.4220	0.7600
flurry	0.3020	0.7600
flush	0.4080	0.7550
flustered	0.3160	0.9030
flute	0.6350	0.3300
fluted	0.4380	0.4380
flutter	0.4790	0.5480
fluvial	0.5710	0.3630
flux	0.4730	0.4720
fly	0.7600	0.7750
flyboy	0.5410	0.6470
flyer	0.4800	0.3000
flying	0.8770	0.6060
flywheel	0.6670	0.4800
foal	0.5420	0.5780
foam	0.6980	0.2300
foaming	0.6430	0.2400
foamy	0.6630	0.3060
fob	0.3270	0.4020
focal	0.3670	0.3650
focus	0.6900	0.3820
fodder	0.3160	0.3580
foe	0.0710	0.8270
fog	0.5100	0.2130
foggy	0.3540	0.3370
foil	0.3120	0.2040
foiled	0.2350	0.4700
fold	0.3850	0.4120
folded	0.1790	0.3730
folder	0.4900	0.2790
foliage	0.6200	0.3730
folio	0.5130	0.2650
folk	0.6630	0.4330
folklore	0.7550	0.5850
follicle	0.4060	0.3310
follicular	0.4010	0.3050
follow	0.6670	0.5090
follower	0.6460	0.4880
folly	0.1840	0.8330
fond	0.8850	0.6020
fondle	0.8230	0.4850
fondling	0.7940	0.5640
fondness	0.8850	0.3910
fondue	0.6560	0.3630
font	0.6150	0.3360
food	0.8880	0.3240
foodie	0.7810	0.4650
fool	0.1600	0.5600
fooled	0.0510	0.6920
foolhardy	0.5410	0.8160
fooling	0.1670	0.7550
foolish	0.3160	0.2550
foolishness	0.2350	0.4720
foolproof	0.4790	0.4840
foot	0.4900	0.2900
foot stool	0.4690	0.3170
footage	0.6250	0.2350
football	0.7550	0.7600
footbridge	0.5820	0.3750
foothold	0.6730	0.3360
footing	0.7600	0.3460
footlocker	0.5000	0.4170
footloose	0.5490	0.5950
footpath	0.6770	0.3210
footprint	0.5920	0.2920
footwear	0.6430	0.3370
footwork	0.4480	0.5400
fop	0.2810	0.5610
forage	0.5830	0.3890
foray	0.4180	0.6180
forbearance	0.5200	0.4710
forbid	0.1150	0.6860
forbidding	0.1980	0.7810
force	0.6120	0.7500
forced	0.1800	0.7210
forceful	0.5330	0.6730
forceps	0.3540	0.6150
forces	0.5510	0.6860
forcibly	0.3650	0.7040
ford	0.5210	0.3400
fore	0.6670	0.4170
forearm	0.4690	0.3040
foreboding	0.4390	0.7060
forecast	0.7830	0.4190
forecaster	0.6350	0.6110
foreclose	0.2200	0.5820
foreclosure	0.1670	0.6510
forefathers	0.6900	0.4120
forefinger	0.5100	0.2540
forefront	0.5730	0.5590
forego	0.3960	0.6610
foregoing	0.4200	0.3460
foregone	0.2710	0.5670
foreground	0.7080	0.4910
forehead	0.4700	0.3080
foreign	0.5730	0.6810
foreigner	0.5000	0.5190
foreman	0.4580	0.6120
foremost	0.7350	0.5930
forensic	0.4390	0.6270
forensics	0.2350	0.5450
foreplay	0.7240	0.6270
forerunner	0.6940	0.5400
foresee	0.5830	0.4520
foreseen	0.5660	0.3610
foresight	0.6800	0.4820
forest	0.7290	0.2700
forestall	0.5400	0.5500
forethought	0.7650	0.4910
foreveralone	0.2960	0.3750
forevermore	0.8430	0.4250
forewarned	0.4800	0.6180
foreword	0.5900	0.3140
forfeit	0.0830	0.6350
forfeited	0.1560	0.6500
forfeiture	0.1840	0.5880
forge	0.5200	0.4240
forger	0.1560	0.6730
forgery	0.2350	0.6540
forget	0.3120	0.3820
forgetful	0.2400	0.3430
forgetfulness	0.2710	0.3850
forgive	0.7810	0.4080
forgiven	0.7500	0.3020
forgiveness	0.6670	0.4300
forgiving	0.8850	0.3170
forgotten	0.2350	0.2800
fork	0.4060	0.3000
forked	0.3330	0.5850
forking	0.3270	0.5960
forklift	0.4800	0.5370
forlorn	0.3160	0.5710
form	0.5100	0.3020
formal	0.7350	0.2500
formaldehyde	0.2960	0.4150
formalism	0.8380	0.2890
formality	0.5940	0.3530
format	0.5620	0.3080
formation	0.6150	0.4530
formative	0.6880	0.4420
formed	0.6560	0.2720
formidable	0.7080	0.7090
forming	0.7290	0.3430
formless	0.3980	0.2010
formula	0.5210	0.4500
formulary	0.5310	0.4700
formulate	0.8510	0.4560
fornicate	0.3960	0.9330
fornication	0.3650	0.9510
forsake	0.1020	0.5670
forsaken	0.0500	0.4900
forsooth	0.4900	0.4500
fort	0.7800	0.6730
forte	0.8290	0.7370
forthcoming	0.6600	0.5090
forthright	0.6630	0.4110
forthwith	0.6880	0.6060
fortification	0.6520	0.7690
fortify	0.7450	0.8240
fortitude	0.8230	0.6080
fortnight	0.7700	0.6500
fortnightly	0.5920	0.3370
fortress	0.8160	0.5000
fortuitous	0.6250	0.4690
fortunate	0.9270	0.6390
fortune	0.9260	0.7310
fortunes	0.8240	0.7060
forty	0.4580	0.3670
forum	0.5560	0.4900
forward	0.8730	0.4120
forwarding	0.5830	0.5370
fossil	0.4800	0.2920
fossils	0.5200	0.3140
foul	0.2240	0.4600
found	0.8330	0.4460
foundation	0.7710	0.3850
founder	0.7600	0.4650
founding	0.6980	0.4040
foundry	0.5310	0.4910
fountain	0.7040	0.2920
four	0.5520	0.2800
fourfold	0.5300	0.4080
foursome	0.6150	0.4970
fourteen	0.5520	0.2790
fourth	0.5590	0.2800
fowl	0.5100	0.3880
fox	0.3230	0.5550
foxhole	0.3120	0.5390
foxtrot	0.5620	0.5200
foxy	0.5520	0.6420
foyer	0.5520	0.3700
fraction	0.4170	0.3300
fractional	0.3060	0.3600
fracture	0.1350	0.7400
fragile	0.3020	0.1630
fragility	0.3160	0.3060
fragment	0.2110	0.3160
fragmentary	0.4380	0.5200
fragrance	0.8470	0.3570
fragrant	0.6150	0.5980
frail	0.2550	0.3330
frailty	0.3850	0.4000
frame	0.4690	0.3330
framework	0.4590	0.3300
franc	0.7100	0.4510
franchise	0.6630	0.4000
frank	0.6250	0.3580
frankenstorm	0.3570	0.7260
frankness	0.5710	0.6120
frantic	0.2100	0.8900
frantically	0.3750	0.8980
frat	0.7140	0.3710
fraternal	0.8440	0.3360
fraternity	0.8920	0.5360
fraud	0.1110	0.6880
fraudulent	0.1500	0.7740
fraught	0.2660	0.6620
fray	0.3370	0.5420
frayed	0.3120	0.3630
frazzled	0.3440	0.4150
freak	0.0520	0.8390
freaked	0.1350	0.9170
freakedout	0.3230	0.6880
freakingout	0.2190	0.7690
freakish	0.1350	0.9150
freakout	0.2500	0.6960
freaky	0.1900	0.6150
freckle	0.5420	0.3960
free	0.8960	0.5000
freebie	0.7960	0.5960
freedom	0.9690	0.5440
freehold	0.6350	0.6300
freelance	0.8330	0.5770
freelancer	0.6140	0.5640
freely	0.8750	0.4560
freeman	0.8230	0.4540
freestyle	0.7650	0.6520
freeway	0.5310	0.6440
freeze	0.1910	0.4060
freezer	0.3960	0.4060
freezing	0.3270	0.3670
freight	0.4110	0.5280
freighter	0.4060	0.4450
french horn	0.5730	0.4710
frenetic	0.4290	0.9300
frenzied	0.3650	0.9510
frenzy	0.6100	0.9650
frequency	0.5610	0.5570
frequent	0.5940	0.4810
frequently	0.5960	0.4230
fresco	0.8270	0.2800
fresh	0.9080	0.2920
freshair	0.6880	0.3770
freshen	0.8060	0.3630
freshener	0.7040	0.3800
freshman	0.6770	0.5700
freshness	0.9170	0.3330
freshstart	0.7650	0.5800
freshwater	0.8540	0.2840
fret	0.2890	0.4600
fretful	0.4090	0.6890
friar	0.5100	0.2600
fricking	0.3330	0.6420
friction	0.2710	0.7780
friday	0.6240	0.4110
fridge	0.5710	0.2920
fried	0.4790	0.4820
friend	0.9060	0.4130
friendless	0.1020	0.3600
friendliness	0.9810	0.2700
friendly	0.9170	0.3980
friends	0.9290	0.5100
friendship	0.9580	0.3430
frigate	0.4900	0.5100
friggen	0.3900	0.5500
fright	0.1770	0.8160
frighten	0.2550	0.8430
frightened	0.1530	0.8170
frightening	0.1220	0.9690
frightful	0.1250	0.7550
frigid	0.2190	0.4810
fringe	0.5200	0.3870
fringed	0.4580	0.3700
frisbee	0.7060	0.5430
frisk	0.4900	0.5470
frisky	0.7000	0.6320
frivolous	0.2710	0.5650
frock	0.6320	0.3270
frog	0.4390	0.3110
froggy	0.5000	0.5600
frolic	0.7810	0.8640
front	0.6770	0.3500
frontage	0.5100	0.3560
frontal	0.4590	0.4340
frontier	0.4380	0.5500
fronting	0.5000	0.4800
frontispiece	0.4380	0.4530
frost	0.4490	0.4550
frostbite	0.2030	0.3800
frosted	0.7480	0.4710
frosting	0.8230	0.4800
frosty	0.4270	0.4800
froth	0.6120	0.2870
frothy	0.7740	0.3980
frown	0.2140	0.6020
frowning	0.1940	0.5820
frozen	0.3440	0.3460
frugal	0.4800	0.3550
fruit	0.8960	0.2910
fruit punch	0.8370	0.3630
fruitcake	0.8650	0.4400
fruitful	0.7300	0.6180
fruition	0.7760	0.5670
fruitless	0.2600	0.5800
fruits	0.8650	0.3570
fruity	0.6830	0.4140
frustrate	0.1000	0.8090
frustrated	0.0800	0.6510
frustrates	0.1460	0.6530
frustrating	0.0420	0.6960
frustration	0.0600	0.7300
fry	0.5200	0.6100
fryer	0.5730	0.4590
fuchsia	0.6330	0.2750
fuck	0.1980	0.9300
fuckedoff	0.1220	0.6960
fucker	0.0940	0.7880
fucking	0.2290	0.8120
fuckoff	0.1900	0.7000
fucksake	0.2400	0.7020
fucktard	0.2140	0.6430
fuckyeah	0.4900	0.8110
fudge	0.8530	0.4180
fuel	0.4450	0.5280
fugitive	0.1040	0.9220
fulcrum	0.4100	0.3200
fulfill	0.7840	0.4610
fulfilled	0.8960	0.4800
fulfilling	0.8230	0.4170
fulfillment	0.8330	0.5280
full	0.6020	0.2550
fullback	0.5000	0.5940
fullness	0.8680	0.4020
fully	0.7630	0.4500
fulsome	0.5100	0.5090
fumble	0.3600	0.5510
fume	0.3000	0.4540
fumigation	0.3270	0.6270
fumin	0.3540	0.4200
fuming	0.2400	0.6600
fun	0.9180	0.8430
function	0.6940	0.2960
functional	0.7500	0.5000
fund	0.5210	0.3600
fundamental	0.7080	0.4220
fundamentalist	0.4900	0.4300
fundamentally	0.6530	0.4410
funday	0.7430	0.5490
funding	0.7290	0.4800
fundraiser	0.6100	0.5770
fundraising	0.7600	0.6200
funds	0.6330	0.3300
funeral	0.0730	0.3800
fungus	0.3880	0.3370
funk	0.4660	0.5890
funky	0.5310	0.7550
funnel	0.3540	0.2740
funny	0.9180	0.6100
fur	0.5830	0.3920
furious	0.0620	0.9530
furiously	0.0620	0.9250
furlong	0.4180	0.4460
furlough	0.5310	0.4320
furnace	0.4290	0.5290
furnish	0.7550	0.4870
furnishings	0.5920	0.1770
furniture	0.6880	0.2600
furor	0.5000	0.8630
furrow	0.4080	0.4200
furry	0.4280	0.4000
furtherance	0.6980	0.4410
fury	0.0620	0.8750
fuse	0.3730	0.5650
fuselage	0.3120	0.5580
fusion	0.6350	0.5610
fuss	0.4060	0.8760
fussy	0.4170	0.6430
fustrated	0.1630	0.6840
futile	0.1220	0.3320
futility	0.1250	0.3200
futon	0.4290	0.3510
future	0.8880	0.6440
fuzz	0.5210	0.4820
fuzzy	0.3060	0.4720
gab	0.5000	0.4710
gaby	0.5100	0.3470
gad	0.5100	0.4700
gadget	0.6350	0.5590
gaff	0.3330	0.4180
gag	0.3230	0.6600
gaga	0.4790	0.3960
gage	0.5520	0.4510
gaggle	0.5420	0.5290
gahhh	0.3230	0.5570
gaiety	0.8540	0.7590
gain	0.9170	0.6400
gainful	0.7300	0.5890
gaining	0.8370	0.6180
gait	0.5100	0.3980
gal	0.5000	0.4690
gala	0.7550	0.4430
galactic	0.6560	0.6700
galaxy	0.7500	0.5710
gale	0.2710	0.6910
gall	0.4170	0.5100
gallant	0.9080	0.5390
gallantry	0.9060	0.6630
gallbladder	0.3540	0.4710
galled	0.2700	0.7310
gallery	0.6590	0.4330
galley	0.5200	0.4450
gallon	0.5310	0.3270
gallop	0.5000	0.7750
galloping	0.6430	0.7350
gallows	0.1670	0.7120
galore	0.8230	0.5740
galvanic	0.3960	0.4900
gamble	0.5680	0.7980
gambler	0.4580	0.6940
gambling	0.3650	0.8060
game	0.7350	0.7880
gameday	0.7290	0.5930
gametime	0.7350	0.5710
gaming	0.8960	0.6330
gamma	0.4800	0.4290
gammon	0.5100	0.4180
gamut	0.4900	0.3400
gander	0.5100	0.4100
gang	0.2170	0.8500
gangland	0.4020	0.6070
gangrene	0.1330	0.6530
gangster	0.2920	0.8330
gangway	0.4900	0.5750
gaol	0.2400	0.7500
gap	0.3960	0.4510
gape	0.4930	0.6510
gaping	0.4080	0.6680
garage	0.5310	0.2830
garb	0.5620	0.3700
garbage	0.1880	0.5100
garbled	0.0740	0.7200
garden	0.7700	0.2300
gardener	0.6730	0.3460
gardening	0.8540	0.3330
gardens	0.7750	0.2020
gargle	0.4100	0.5940
gargoyle	0.2860	0.5360
garish	0.3060	0.6250
garlic	0.4600	0.3230
garment	0.5310	0.3330
garner	0.4790	0.4600
garnet	0.6430	0.4180
garnish	0.7650	0.4180
garrison	0.5100	0.5270
garter	0.5210	0.4060
gas	0.3960	0.4080
gaseous	0.3980	0.4620
gash	0.4290	0.5600
gasification	0.3440	0.5090
gasket	0.5410	0.3670
gasoline	0.4170	0.5620
gasp	0.4400	0.7540
gasping	0.2080	0.7040
gassy	0.3540	0.4970
gastric	0.3270	0.5590
gastronomy	0.8120	0.5190
gate	0.5100	0.2350
gatekeeper	0.5100	0.4900
gateway	0.5920	0.3760
gather	0.6480	0.5100
gatherer	0.5100	0.4250
gathering	0.8540	0.6570
gator	0.4180	0.5200
gatorade	0.7190	0.5290
gauche	0.2540	0.3980
gaudy	0.6530	0.7350
gauge	0.4380	0.6460
gauging	0.4800	0.4630
gaunt	0.2140	0.4900
gauntlet	0.4200	0.4910
gauze	0.4600	0.2750
gavel	0.5200	0.4180
gawk	0.3330	0.4720
gaze	0.6330	0.5880
gazebo	0.4690	0.4020
gazelle	0.6690	0.4480
gazette	0.4690	0.3900
gazetteer	0.5310	0.4170
gazillion	0.5310	0.5340
gazing	0.6770	0.4130
gear	0.5100	0.5770
geek	0.4790	0.3920
geeky	0.4790	0.4310
geez	0.4170	0.3960
geezer	0.4580	0.3740
geisha	0.5210	0.6790
gel	0.5240	0.2060
gelatin	0.5620	0.4020
geld	0.4060	0.4600
gelding	0.3980	0.5200
gem	0.9170	0.4800
gemini	0.5310	0.3200
gender	0.6880	0.3460
genealogy	0.4790	0.3700
general	0.8340	0.4840
generality	0.6040	0.3600
generalization	0.5420	0.4590
generally	0.5620	0.2550
generate	0.7710	0.4230
generation	0.9030	0.4800
generative	0.7240	0.5490
generator	0.7040	0.5680
generic	0.5200	0.3570
generosity	0.9580	0.4430
generous	1.0000	0.4100
genesis	0.6120	0.4290
genetic	0.5620	0.2880
genetics	0.5520	0.4600
genial	0.8670	0.6300
genie	0.7600	0.6000
genital	0.3850	0.6940
genitalia	0.3230	0.6670
genius	0.8780	0.6670
genocide	0.0200	0.8780
genome	0.5070	0.3660
genre	0.5200	0.4330
gent	0.5730	0.4940
genteel	0.9170	0.3330
gentile	0.8330	0.2500
gentle	0.8470	0.3530
gentleman	0.8230	0.4390
gentlemanly	0.9180	0.4510
gentleness	0.9270	0.2780
gently	0.9170	0.2550
gentry	0.5600	0.4800
genuine	0.8750	0.4500
genus	0.5820	0.3490
geographic	0.6980	0.3300
geographical	0.5000	0.3170
geography	0.7190	0.1500
geological	0.6670	0.3240
geologist	0.5940	0.4310
geology	0.6350	0.3210
geometric	0.5420	0.3560
geometry	0.4900	0.2700
geranium	0.6350	0.2500
gerbil	0.4530	0.3060
geriatric	0.4790	0.2470
germ	0.2650	0.4210
german	0.4380	0.2900
germane	0.5700	0.5000
germinate	0.6040	0.4720
germination	0.4390	0.4900
germs	0.1350	0.5100
gestation	0.5610	0.5380
gesture	0.6670	0.4810
get	0.7400	0.5940
getaway	0.5000	0.7600
getoverit	0.3270	0.4810
getoveryourself	0.4700	0.4810
getup	0.5410	0.5820
getyourown	0.4690	0.5470
ghastly	0.1250	0.7900
ghetto	0.3020	0.6300
ghost	0.2650	0.7550
ghostly	0.2600	0.7640
ghoul	0.2600	0.5610
giant	0.6460	0.8140
gibberish	0.3750	0.5100
giddy	0.4380	0.8470
gift	0.8800	0.5390
gifted	0.9020	0.6470
gifts	0.8650	0.7550
gig	0.8160	0.7550
gigantic	0.7500	0.7760
giggle	0.7190	0.6180
giggles	0.8650	0.6840
giggling	0.8860	0.7260
gigolo	0.4000	0.7060
gilded	0.7190	0.4710
gill	0.5210	0.4730
gills	0.4790	0.5830
gilt	0.5830	0.4170
gimmick	0.3800	0.6630
gimp	0.4690	0.4420
gin	0.4490	0.5510
ginger	0.4060	0.3750
gingerbread	0.5970	0.3330
gingerly	0.6020	0.4060
ginseng	0.6770	0.3600
giraffe	0.5610	0.3470
girder	0.3880	0.2450
girdle	0.5000	0.3400
girlfriend	0.7120	0.7630
girlie	0.6040	0.5400
girlish	0.6770	0.4770
girly	0.5950	0.4620
girth	0.5200	0.3530
gist	0.6220	0.4500
give	0.7500	0.3460
giveaway	0.8650	0.6180
giver	0.6880	0.4150
giving	0.7950	0.3330
gizmo	0.5100	0.4900
gizzard	0.4220	0.4230
glabrous	0.4130	0.4740
glacial	0.4390	0.3270
glacier	0.5730	0.3960
glad	0.9380	0.7600
glade	0.6000	0.3850
gladiator	0.5000	0.8330
gladness	0.8960	0.6700
glamorous	0.9180	0.6300
glamour	0.8230	0.6060
glance	0.6250	0.3570
gland	0.3960	0.3820
glare	0.6980	0.7350
glaring	0.6940	0.7940
glass	0.4900	0.4040
glasses	0.5310	0.2100
glassware	0.6330	0.3560
glaucoma	0.2080	0.5000
glaze	0.6500	0.3400
glazed	0.6220	0.4100
gleam	0.7810	0.5200
gleaming	0.8270	0.6350
glean	0.3980	0.5310
glee	0.6980	0.5800
gleeful	0.9060	0.8060
glen	0.5730	0.3370
glib	0.4380	0.4330
glide	0.5610	0.7060
glider	0.6180	0.5480
glimmer	0.6150	0.4620
glimpse	0.6460	0.4800
glint	0.6770	0.5380
glisten	0.7650	0.6080
glitch	0.4440	0.4480
glitter	0.8140	0.7500
glittering	0.8600	0.5880
gloat	0.5000	0.6370
global	0.5830	0.5200
globe	0.7600	0.3150
globular	0.5420	0.3750
gloom	0.1350	0.4040
gloomy	0.1070	0.4100
glorification	0.8210	0.5410
glorified	0.8650	0.5700
glorify	0.9400	0.5910
glorious	0.9590	0.6730
glory	0.9480	0.7350
gloss	0.7570	0.4660
glossary	0.5700	0.2040
glossy	0.8020	0.5190
glove	0.5000	0.2300
gloves	0.5420	0.2250
glow	0.9180	0.5000
glowing	0.9400	0.6200
glucose	0.5620	0.3160
glue	0.4500	0.3450
glum	0.2440	0.3370
glut	0.4170	0.5240
gluten	0.3850	0.3080
glutton	0.4380	0.5190
gluttony	0.5000	0.7020
glycerin	0.4270	0.4020
gnat	0.3570	0.3450
gnome	0.4290	0.4790
go	0.5100	0.4410
goal	0.8300	0.3560
goalie	0.5730	0.3890
goals	0.7190	0.4900
goat	0.4480	0.3040
goatee	0.4790	0.2900
gob	0.2800	0.3570
gobble	0.3900	0.6230
goblet	0.7860	0.3530
goblin	0.3330	0.5420
god	0.7580	0.5180
godbless	0.8230	0.3950
goddamn	0.1250	0.7600
goddamned	0.0420	0.7580
goddess	0.8650	0.5600
godfather	0.6940	0.4500
godforsaken	0.4390	0.5200
godisgood	0.7400	0.4340
godisgreat	0.7120	0.5960
godless	0.3160	0.5570
godlike	0.8540	0.6480
godly	0.7470	0.2980
godmother	0.7330	0.3110
godsend	0.8650	0.5620
godson	0.6800	0.5150
gofuckyourself	0.1670	0.6540
goggle	0.5250	0.2860
goggles	0.6670	0.3600
gold	0.9390	0.6860
golden	0.8020	0.4910
goldfish	0.7860	0.2960
golf	0.5730	0.3580
golfer	0.6020	0.4020
golfing	0.6250	0.4270
gondola	0.5200	0.4040
gone	0.2920	0.2300
goner	0.4100	0.4610
gong	0.4900	0.5290
gonorrhea	0.1060	0.6350
goo	0.4390	0.3960
goober	0.4690	0.4440
good	0.9380	0.3680
goodbye	0.2400	0.3890
goodday	0.9610	0.3570
goodfeeling	0.9390	0.4590
goodhealth	0.9380	0.4020
goodie	0.8540	0.3270
goodies	0.9500	0.6220
goodlife	0.9170	0.4710
goodly	0.7010	0.4710
goodmood	0.8230	0.4910
goodmorning	0.9220	0.4610
goodmusic	0.7560	0.5000
goodness	0.9690	0.3210
goodnews	0.9610	0.7400
goods	0.8880	0.3960
goodtimes	0.9100	0.5260
goodvibes	0.8270	0.5000
goodwill	0.9380	0.3270
goody	0.7860	0.3370
gooey	0.3920	0.4800
goof	0.4480	0.4900
goofball	0.5610	0.5500
goofy	0.2810	0.2240
goon	0.3120	0.4810
gooood	0.8570	0.6520
goop	0.4690	0.3940
goose	0.4790	0.2830
gopher	0.4490	0.4400
gore	0.2600	0.6080
gorge	0.3650	0.6440
gorgeous	0.9200	0.5600
gorilla	0.5650	0.7200
gory	0.1400	0.8750
gospel	0.7400	0.3330
gossip	0.1730	0.7650
gothic	0.1970	0.3330
gouge	0.3960	0.4410
goulash	0.5820	0.4290
gourd	0.4270	0.2710
gourmet	0.9110	0.3870
gout	0.3540	0.3140
govern	0.5730	0.7020
governess	0.4260	0.5000
governing	0.6350	0.7000
government	0.4270	0.5300
governmental	0.5210	0.5410
governor	0.5000	0.6830
gown	0.6250	0.2830
grab	0.4480	0.7060
grace	0.9060	0.3040
graceful	0.9060	0.5100
gracias	0.8330	0.3560
gracious	0.9180	0.6340
graciously	0.9480	0.3530
grad	0.8060	0.5380
gradation	0.4870	0.4770
grade	0.6980	0.3600
graded	0.5620	0.3400
grader	0.5830	0.3170
grades	0.5210	0.3490
gradient	0.4800	0.4230
gradschool	0.6160	0.6020
gradual	0.5710	0.3500
gradually	0.5830	0.3850
graduate	0.8980	0.5490
graduation	0.8800	0.6700
graffiti	0.5820	0.6330
graft	0.4100	0.5280
grail	0.5730	0.3840
grain	0.3900	0.1980
gram	0.5780	0.3330
grammar	0.5600	0.2870
grand	0.8980	0.7400
grand theft auto	0.4930	0.6630
grandchild	0.7810	0.4330
grandchildren	0.7960	0.5450
granddad	0.7400	0.2480
granddaddy	0.7080	0.2910
granddaughter	0.8230	0.4450
grandeur	0.8850	0.7960
grandfather	0.8270	0.2790
grandiose	0.9000	0.6820
grandma	0.7960	0.2080
grandmother	0.7920	0.2830
grandpa	0.8060	0.2960
grandson	0.7780	0.3330
grandstand	0.5000	0.6790
grange	0.5310	0.3400
granite	0.5720	0.3430
granny	0.7960	0.2400
granola	0.6250	0.2400
grant	0.7190	0.3800
granted	0.8820	0.3480
grantee	0.8650	0.4770
grantor	0.5420	0.5000
granular	0.4780	0.3370
granule	0.4060	0.3730
grape	0.7290	0.1220
grape juice	0.6960	0.3040
grapefruit	0.5210	0.2810
grapes	0.7840	0.2400
grapevine	0.5410	0.3430
graph	0.5100	0.2860
graphic	0.6020	0.4940
graphics	0.5420	0.4310
graphite	0.4790	0.3770
grapple	0.4900	0.5770
grappling	0.4480	0.6760
grasp	0.5600	0.6230
grasping	0.3270	0.5610
grass	0.6040	0.1640
grasshopper	0.5000	0.4620
grassy	0.6470	0.3230
grate	0.3330	0.2500
grated	0.3570	0.4620
grateful	0.9580	0.3530
gratification	0.8670	0.6430
gratified	0.7810	0.5190
gratify	0.8370	0.5390
gratifying	0.8570	0.6060
grating	0.5120	0.3370
gratis	0.7960	0.5100
gratitude	0.8850	0.4410
gratuitous	0.7350	0.6500
gratuity	0.8650	0.5000
grave	0.1530	0.3850
gravel	0.3900	0.3700
graver	0.1020	0.6220
graveyard	0.0410	0.4410
gravitate	0.4790	0.4720
gravitation	0.6980	0.5920
gravitational	0.5280	0.5100
gravity	0.5100	0.6350
gravy	0.6080	0.4500
gray	0.3350	0.1530
graze	0.5600	0.2550
grease	0.2550	0.4040
greased	0.2500	0.4610
greaser	0.4080	0.5180
greasy	0.3990	0.4420
great	0.9580	0.6650
great anticipation	0.7860	0.7350
great aunt	0.8960	0.4190
great disgust	0.0420	0.8360
great grandfather	0.7290	0.2410
great grandma	0.7710	0.2210
great grandmother	0.8020	0.2360
great grandpa	0.8570	0.2800
great surprise	0.9390	0.9410
great trust	0.9390	0.5280
great uncle	0.7290	0.3980
greatday	0.8230	0.5710
greater	0.7550	0.5190
greatest	0.8470	0.6270
greatfriends	0.9080	0.5930
greatful	0.9230	0.5710
greatly	0.7500	0.7080
greatly negative	0.0510	0.6400
greatly positive	0.9670	0.5380
greatness	0.9900	0.7500
greatnight	0.9180	0.3490
greed	0.1730	0.7800
greedy	0.1250	0.6600
green	0.6300	0.3060
green bean	0.4690	0.2800
green pepper	0.5000	0.4310
green snake	0.2290	0.6340
greenhouse	0.7190	0.4380
greenish	0.5740	0.2900
greenwood	0.5310	0.3820
greet	0.8850	0.5390
greeted	0.7810	0.3170
greeting	0.8540	0.5560
gregarious	0.5510	0.4710
grenade	0.2810	0.7770
grey	0.3470	0.1400
greyhound	0.5200	0.4900
grid	0.5620	0.4260
gridiron	0.6670	0.4910
grief	0.0700	0.6400
grievance	0.0920	0.6350
grieve	0.1220	0.5000
grieved	0.1040	0.4600
grieving	0.0930	0.6730
grievous	0.1460	0.6400
griffin	0.4180	0.3370
grill	0.7550	0.4910
grille	0.3370	0.3270
grilled	0.7020	0.5000
grim	0.3100	0.4830
grime	0.1980	0.5000
grimy	0.1120	0.5970
grin	0.8850	0.5700
grind	0.4800	0.2760
grinder	0.4590	0.6150
grinding	0.4150	0.4500
grindstone	0.5410	0.4530
gringo	0.5400	0.4520
grip	0.5200	0.5490
gripe	0.1840	0.5260
grisly	0.0830	0.8630
grist	0.3170	0.3910
grit	0.4490	0.2960
grits	0.4580	0.3330
gritty	0.4170	0.3730
grizzly	0.3980	0.6790
groan	0.3960	0.7500
grocer	0.6250	0.2500
groceries	0.7400	0.3630
grocery	0.6870	0.5400
groggy	0.2350	0.2650
groin	0.2960	0.4520
groom	0.6980	0.5000
groove	0.5520	0.4480
groovy	0.6150	0.5380
grope	0.4200	0.5590
gross	0.1150	0.5750
grotesque	0.1350	0.7880
grotto	0.5100	0.3940
grouch	0.3420	0.5930
grouchy	0.1430	0.7080
ground	0.3980	0.3430
grounded	0.5310	0.6010
groundhog	0.3850	0.3240
grounding	0.5210	0.4520
groundless	0.3330	0.5350
grounds	0.6670	0.5000
groundwork	0.5000	0.3750
group	0.5730	0.4230
groupie	0.5210	0.5830
grouping	0.7450	0.5800
grouse	0.4480	0.4010
grout	0.4050	0.3560
grove	0.6040	0.2450
grovel	0.3600	0.5000
grow	0.9140	0.6150
growl	0.1940	0.7640
growling	0.1190	0.8870
growls	0.1250	0.6750
grownup	0.7350	0.4000
growth	0.9170	0.5880
growthefuckup	0.2290	0.6920
grr	0.2290	0.5380
grrr	0.2710	0.7550
grrrrr	0.2810	0.6330
grub	0.6020	0.4060
grubby	0.1560	0.5830
grudge	0.1150	0.6470
grudging	0.0920	0.6360
grudgingly	0.1560	0.6100
gruel	0.3820	0.3040
grueling	0.1800	0.7630
gruesome	0.0940	0.8370
gruff	0.3230	0.6110
grumble	0.1010	0.7500
grump	0.2600	0.4690
grumpy	0.1980	0.8080
grunt	0.2860	0.7980
grunting	0.1980	0.8270
guacamole	0.6840	0.3170
guano	0.2960	0.3430
guarantee	0.9490	0.3370
guaranty	0.6460	0.3370
guard	0.5920	0.5100
guarded	0.7580	0.6860
guardhouse	0.5100	0.4350
guardian	0.6560	0.6860
guardianship	0.5920	0.3700
guards	0.4480	0.6630
gubernatorial	0.5520	0.6040
guerilla	0.1460	0.8450
guerrilla	0.2190	0.9170
guess	0.6400	0.4630
guesser	0.5420	0.6700
guesswork	0.4170	0.4510
guest	0.7190	0.4900
guesthouse	0.7290	0.3370
guidance	0.7290	0.4710
guide	0.6880	0.3150
guidebook	0.6770	0.2600
guidelines	0.4590	0.5000
guiding	0.6670	0.5200
guild	0.5800	0.4590
guile	0.4100	0.4170
guillotine	0.1630	0.8170
guilt	0.2080	0.5670
guilty	0.1350	0.7700
guinea	0.5210	0.4400
guise	0.5310	0.5470
guitar	0.8440	0.5420
guitarist	0.8270	0.7400
gules	0.4690	0.4430
gulf	0.5200	0.3650
gull	0.5940	0.3170
gullet	0.3850	0.4900
gullible	0.4400	0.4420
gully	0.3160	0.5190
gulp	0.5510	0.6600
gum	0.5730	0.2270
gumbo	0.5000	0.4220
gummy	0.5210	0.3020
gumption	0.4800	0.5380
gun	0.1470	0.9200
gunboat	0.1390	0.6630
gunfight	0.0510	0.9610
gunfighter	0.1560	0.9100
gunfire	0.1560	0.9300
gunk	0.2500	0.4780
gunman	0.1670	0.9220
gunmen	0.0730	0.9420
gunner	0.2500	0.8530
gunnery	0.2810	0.8610
gunplay	0.1330	0.9060
gunpoint	0.1880	0.8170
gunpowder	0.4250	0.8530
gunshot	0.0420	0.9530
gunslinger	0.3160	0.8730
gurney	0.4080	0.3040
guru	0.5730	0.3600
gush	0.5100	0.4900
gusher	0.4060	0.5200
gusset	0.4270	0.4250
gust	0.4900	0.7550
gusto	0.6920	0.7290
gusty	0.6870	0.6310
gut	0.4080	0.3670
gutless	0.2500	0.3810
guts	0.5920	0.6490
gutsy	0.6350	0.5730
gutter	0.4660	0.2600
guy	0.5830	0.3670
guzzler	0.3930	0.5370
guzzling	0.4600	0.4900
gym	0.6350	0.6900
gymnasium	0.6670	0.5610
gymnast	0.6700	0.7600
gymnastic	0.8100	0.7060
gymnastics	0.7450	0.6770
gynecologist	0.5520	0.5660
gynecology	0.4080	0.5900
gypsy	0.3750	0.6650
gyroscope	0.5000	0.3900
habit	0.6250	0.2260
habitat	0.6330	0.3430
habitation	0.7810	0.2310
habitual	0.5270	0.2080
habitually	0.6000	0.3240
hacienda	0.6880	0.4020
hack	0.1350	0.7170
hacker	0.2710	0.7550
hacksaw	0.4060	0.6450
hadenough	0.3230	0.5660
hag	0.1880	0.6950
haggard	0.1150	0.5100
haggle	0.4800	0.6010
haiku	0.5830	0.3560
hail	0.4590	0.6270
hair	0.5820	0.1860
hairball	0.3700	0.3020
hairbrush	0.4540	0.2160
haircut	0.6770	0.3430
hairdo	0.5520	0.3200
hairdresser	0.7080	0.5090
hairdryer	0.6420	0.4020
hairless	0.1360	0.2350
hairline	0.4180	0.1540
hairpin	0.4590	0.3630
hairspray	0.5490	0.2790
hairstyle	0.7710	0.3800
hairy	0.5420	0.3800
hale	0.4790	0.4350
half	0.5000	0.2740
half dollar	0.5730	0.4080
halfback	0.4900	0.4290
halftime	0.4580	0.3520
halfway	0.5100	0.2540
halibut	0.4490	0.4120
hall	0.5100	0.3400
hallelujah	0.7700	0.5540
hallmark	0.6460	0.3150
hallowed	0.7400	0.5000
hallucination	0.3960	0.7060
hallway	0.5730	0.2300
halo	0.4900	0.3700
halt	0.1670	0.3600
halter	0.4480	0.4510
halting	0.2550	0.5960
halve	0.3160	0.3470
halving	0.2920	0.4740
ham	0.6730	0.2450
hamburger	0.8090	0.5510
hamlet	0.5730	0.2700
hammer	0.3120	0.5090
hammerhead	0.3370	0.4900
hammering	0.3470	0.7790
hammock	0.6730	0.2550
hamper	0.2040	0.7110
hamster	0.5200	0.3940
hamstring	0.4060	0.4710
hand	0.5420	0.3140
handbag	0.5620	0.2400
handball	0.5610	0.4930
handbook	0.6000	0.2240
handcuff	0.3100	0.5900
handful	0.5210	0.4810
handgun	0.1560	0.9140
handheld	0.6460	0.3500
handicap	0.1330	0.3940
handicapped	0.2040	0.4670
handicraft	0.7240	0.3330
handiwork	0.7530	0.4300
handkerchief	0.5100	0.1920
handle	0.6980	0.5710
handler	0.4390	0.5930
handmade	0.7760	0.3830
handout	0.5600	0.3300
handprint	0.6350	0.2890
handshake	0.8160	0.6540
handsome	0.8900	0.6000
handwriting	0.6150	0.3780
handy	0.7410	0.3780
handyman	0.6600	0.3730
hang	0.3230	0.5290
hangar	0.4900	0.4560
hanger	0.4390	0.4620
hanging	0.3780	0.4710
hangman	0.1530	0.8770
hangout	0.5730	0.5000
hangover	0.1880	0.5650
hangry	0.2190	0.7940
hank	0.5100	0.3750
hankering	0.6040	0.5400
hanky	0.4600	0.2760
hap	0.5030	0.4310
haphazard	0.4690	0.5300
hapless	0.2710	0.4420
happen	0.6770	0.6700
happening	0.6460	0.5290
happier	0.9900	0.7600
happiest	0.9900	0.7160
happily	1.0000	0.6900
happiness	0.9600	0.7320
happy	1.0000	0.7350
happydance	0.8570	0.7600
happyday	0.9290	0.6500
happyheart	0.9490	0.5750
happyholidays	0.9270	0.7400
happynewyear	0.9690	0.8150
happyplace	0.9380	0.5890
happytweet	0.8470	0.5880
happyvalentinesday	0.9290	0.7840
harass	0.1600	0.7750
harassing	0.1200	0.8730
harassment	0.0830	0.8960
harbinger	0.4900	0.3890
harbor	0.5940	0.3560
hard	0.3020	0.7080
hardball	0.5420	0.6670
hardcore	0.2500	0.7210
harden	0.2760	0.5980
hardened	0.4060	0.6180
hardening	0.3880	0.6730
hardheaded	0.1560	0.6990
hardness	0.4170	0.5800
hardship	0.0940	0.7750
hardware	0.5940	0.2890
hardwood	0.4170	0.3630
hardworking	0.7190	0.5830
hardy	0.5710	0.5690
hare	0.6200	0.4100
harebrained	0.2960	0.5510
harem	0.5210	0.5780
hark	0.5710	0.5000
harlot	0.1980	0.7980
harm	0.0730	0.6790
harmful	0.0940	0.7500
harmless	0.6250	0.2260
harmonica	0.8470	0.2350
harmonics	0.8650	0.4000
harmonious	0.9380	0.3910
harmoniously	0.9690	0.2650
harmonize	0.9390	0.4610
harmony	0.9490	0.2300
harness	0.5700	0.5490
harp	0.6180	0.3100
harper	0.4170	0.4540
harpoon	0.4900	0.7000
harpsichord	0.5410	0.4900
harrowing	0.2090	0.8100
harry	0.5200	0.4090
harsh	0.2500	0.6500
harshness	0.3230	0.6000
hart	0.6430	0.3890
harvest	0.7810	0.3530
hash	0.3440	0.4530
hashish	0.3700	0.5700
hassle	0.1770	0.7400
haste	0.3780	0.7450
hasten	0.5710	0.7500
hastily	0.2710	0.6090
hasty	0.1880	0.8850
hat	0.6040	0.1830
hatch	0.4790	0.6530
hatchet	0.3330	0.6080
hate	0.0310	0.8020
hateeee	0.2190	0.6060
hateeveryone	0.0410	0.8400
hateful	0.0710	0.8190
hater	0.0520	0.7020
hateyou	0.1250	0.7350
hating	0.0830	0.8200
hatred	0.0370	0.8470
haughty	0.2400	0.7080
haul	0.5510	0.5640
haulage	0.5610	0.5100
haunt	0.2880	0.6760
haunted	0.2640	0.7310
have	0.7570	0.3890
haven	0.6840	0.2650
havoc	0.1630	0.7690
haw	0.4060	0.4260
hawk	0.5830	0.5300
hawking	0.5210	0.5090
hay	0.4690	0.2120
haye	0.6150	0.4510
hayride	0.5610	0.5210
haystack	0.5520	0.2920
haywire	0.3580	0.5450
hazard	0.1120	0.8840
hazardous	0.0610	0.7500
haze	0.4270	0.3270
hazmat	0.3980	0.4790
hazy	0.4500	0.4330
head	0.5300	0.4720
headache	0.1680	0.7550
headaches	0.1040	0.7200
headband	0.6700	0.4690
headdress	0.5940	0.4080
header	0.5600	0.3980
headgear	0.5420	0.4420
heading	0.5510	0.2920
headland	0.5740	0.5510
headless	0.1360	0.5820
headlight	0.5920	0.3430
headline	0.6300	0.2410
headliner	0.5000	0.4900
headlock	0.4480	0.5380
headlong	0.3540	0.5480
headmaster	0.6040	0.5640
headphones	0.6000	0.3570
headquarter	0.6150	0.2690
headquarters	0.6150	0.2710
headset	0.6020	0.3400
headstone	0.2400	0.3780
headstrong	0.3100	0.7140
headway	0.8230	0.4640
heady	0.4480	0.8060
heal	0.7650	0.2450
healer	0.8630	0.3780
healing	0.7500	0.4520
health	0.9350	0.4270
healthcare	0.7800	0.3920
healthful	0.9300	0.3150
healthy	0.9380	0.3190
heap	0.5820	0.5100
hear	0.7600	0.4290
hearer	0.6560	0.2810
hearing	0.6690	0.4900
hearsay	0.2880	0.6230
hearse	0.1770	0.4900
heart	0.8270	0.5000
heart disease	0.2500	0.7500
heartache	0.0880	0.7500
heartattack	0.1560	0.8390
heartbeat	0.7500	0.6980
heartbreak	0.2080	0.6100
heartbreaker	0.2650	0.6850
heartbreaking	0.1460	0.8110
heartbroken	0.0820	0.5510
heartburn	0.1430	0.6130
hearted	0.8230	0.4100
heartfelt	0.9040	0.4400
hearth	0.7600	0.2750
heartily	0.9270	0.5310
heartland	0.8120	0.5100
heartless	0.0710	0.6520
hearts	0.9480	0.5920
heartsick	0.2400	0.3880
heartworm	0.3330	0.5500
hearty	0.7600	0.6840
heat	0.5340	0.6120
heated	0.4790	0.4970
heater	0.5000	0.5730
heath	0.8020	0.3870
heathen	0.1940	0.5290
heather	0.5000	0.3520
heating	0.6470	0.4910
heave	0.7160	0.5880
heaven	0.8960	0.3850
heavenly	0.8440	0.4520
heavens	0.8060	0.2730
heavily	0.5420	0.6790
heaviness	0.2190	0.5490
heaving	0.2010	0.8430
heavy	0.2500	0.4540
heavy metal	0.4170	0.7550
heavyweight	0.4290	0.5780
heck	0.2400	0.7280
hectares	0.5700	0.2500
hectic	0.1670	0.8110
hedge	0.6040	0.6020
hedgehog	0.4580	0.4910
hedonism	0.5100	0.5000
hee	0.4300	0.4330
heed	0.7500	0.4900
heel	0.4800	0.3500
heels	0.5000	0.4390
heft	0.5030	0.3400
hefty	0.5500	0.6540
hegemonic	0.4620	0.5190
heheh	0.6250	0.5100
heifer	0.4390	0.4430
height	0.6770	0.6080
heighten	0.7550	0.6220
heightened	0.5920	0.5290
heinous	0.1330	0.7920
heir	0.8400	0.6540
heiress	0.8270	0.5710
heirloom	0.6840	0.3750
heirs	0.7960	0.5190
heist	0.1840	0.8500
helical	0.3790	0.4290
helicopter	0.7140	0.8060
helipad	0.7800	0.6370
heliport	0.5940	0.6040
helium	0.4900	0.3160
helix	0.5210	0.4620
hell	0.0200	0.9180
hellfire	0.1430	0.8900
hellhole	0.2000	0.6150
hellish	0.1250	0.8600
helm	0.5110	0.4500
helmet	0.5730	0.3270
helmsman	0.4900	0.4410
help	0.6730	0.4710
helper	0.7040	0.4380
helpful	0.8160	0.3370
helpless	0.1040	0.4200
helplessness	0.0870	0.4800
hem	0.5620	0.2830
hematite	0.4480	0.3890
hematoma	0.1460	0.6000
hemi	0.5100	0.3630
hemisphere	0.5310	0.3670
hemispheric	0.5620	0.4490
hemlock	0.4380	0.3500
hemoglobin	0.4690	0.4810
hemorrhage	0.0310	0.8490
hemorrhoids	0.1330	0.7020
hemostat	0.3880	0.4420
hemp	0.4690	0.4390
hen	0.3850	0.2760
henceforth	0.5270	0.4040
henhouse	0.5000	0.5770
hepatitis	0.0550	0.5960
herald	0.6430	0.3820
heraldry	0.5500	0.5200
herb	0.6430	0.4180
herbaceous	0.5600	0.2200
herbal	0.5920	0.2550
herbarium	0.6020	0.1880
herbs	0.6200	0.2990
herd	0.5920	0.5000
hereditary	0.5310	0.6000
heredity	0.7040	0.4450
heresy	0.2650	0.7650
heretic	0.0900	0.7100
heretical	0.2290	0.6300
heretofore	0.4790	0.3880
hereunto	0.5000	0.2250
herewith	0.4500	0.3600
heritage	0.8420	0.5120
hermaphrodite	0.4800	0.6840
hermeneutics	0.4060	0.5770
hermit	0.2710	0.3370
hernia	0.1460	0.4860
hero	0.9400	0.8060
heroic	0.8900	0.7700
heroics	0.8650	0.6730
heroin	0.2760	0.8430
heroine	0.7290	0.7550
heroism	0.8440	0.8020
herpes	0.1100	0.6000
herpesvirus	0.2190	0.5580
herring	0.5310	0.3870
hertz	0.3960	0.4170
hesitant	0.3330	0.5420
hesitate	0.4590	0.5480
hesitating	0.2650	0.5280
hesitation	0.2860	0.3960
hetero	0.5890	0.4050
heterogeneity	0.4390	0.4500
hew	0.4170	0.4700
hex	0.4100	0.5100
hexagon	0.5420	0.2260
heyday	0.6460	0.6800
hiatus	0.4790	0.2940
hibernate	0.5000	0.3170
hibernation	0.4690	0.2450
hiccup	0.2710	0.5490
hick	0.3570	0.4420
hickey	0.4480	0.5290
hickory	0.5200	0.4900
hidden	0.2080	0.4300
hide	0.4380	0.5100
hideaway	0.4480	0.4810
hideous	0.0910	0.7500
hideout	0.3370	0.4430
hiding	0.2500	0.5670
hierarchical	0.5210	0.6200
hierarchy	0.5830	0.7220
hieroglyphics	0.4790	0.3250
high	0.6840	0.5100
high heels	0.6460	0.5280
highball	0.6560	0.5200
higher	0.8660	0.5280
highest	0.7710	0.6400
highland	0.6150	0.4810
highlands	0.7350	0.4310
highlight	0.8440	0.6370
highness	0.7400	0.6700
hight	0.6670	0.6370
hightail	0.4480	0.4800
highway	0.6400	0.5830
hijack	0.0420	0.9080
hijacker	0.1040	0.9530
hike	0.6150	0.4420
hiker	0.6940	0.8020
hiking	0.8200	0.8430
hiking boot	0.6570	0.3530
hilarious	0.7500	0.6400
hilarity	0.7450	0.4800
hill	0.6150	0.3530
hillside	0.6250	0.2920
hilltop	0.6880	0.6430
hilly	0.6430	0.4790
hilt	0.3960	0.6500
hind	0.4830	0.6440
hinder	0.2760	0.5370
hindering	0.2600	0.6540
hindrance	0.1350	0.5450
hindsight	0.3330	0.4310
hinge	0.4580	0.2920
hint	0.6020	0.3300
hinterland	0.5300	0.5200
hip	0.4480	0.4150
hip hop	0.7400	0.7140
hippie	0.5510	0.4000
hippo	0.4900	0.4040
hippopotamus	0.5410	0.4720
hire	0.6880	0.5580
hirsute	0.3850	0.4830
hiss	0.3880	0.4800
hissing	0.5000	0.4540
histology	0.4900	0.3200
historian	0.6880	0.2700
historic	0.8160	0.4730
historical	0.6530	0.3570
historiography	0.5620	0.4150
history	0.7290	0.3820
hit	0.2350	0.9310
hitch	0.5120	0.4800
hitchhike	0.3960	0.6220
hitchhiker	0.5940	0.6260
hitherto	0.4480	0.3560
hitter	0.4180	0.6830
hive	0.4710	0.4520
hives	0.4170	0.4730
hoard	0.5060	0.4120
hoarse	0.2810	0.4020
hoary	0.4690	0.2980
hoax	0.1460	0.6960
hob	0.6330	0.3630
hobbit	0.4790	0.4890
hobby	0.8270	0.5600
hobo	0.3230	0.4430
hock	0.5130	0.4520
hockey	0.5650	0.7860
hoe	0.3020	0.4800
hog	0.3170	0.5090
hogwash	0.4200	0.4900
hohoho	0.6770	0.4330
hoist	0.5210	0.5200
hokey	0.6040	0.6670
hold	0.4480	0.2900
holder	0.5920	0.3300
holding	0.6000	0.3850
holdup	0.3980	0.4710
hole	0.5310	0.3100
holiday	0.9480	0.4310
holidays	0.9390	0.5210
holidayseason	0.8750	0.5660
holiness	0.8600	0.2640
holistic	0.6700	0.3480
holler	0.2760	0.8250
hollow	0.3000	0.3370
holly	0.5100	0.2500
holocaust	0.0620	0.9180
hologram	0.6150	0.4610
holographic	0.5100	0.4710
holster	0.5610	0.2550
holy	0.8120	0.1120
holyspirit	0.7400	0.4800
homage	0.8330	0.5600
hombre	0.6560	0.4720
hombres	0.5100	0.5380
home	0.8540	0.2700
homeboy	0.6020	0.2550
homecoming	0.7600	0.4130
homeland	0.6630	0.4390
homeless	0.0420	0.4500
homely	0.7450	0.1570
homemade	0.8690	0.3400
homeopathic	0.4170	0.2680
homeopathy	0.4690	0.2840
homeowner	0.6350	0.3970
homeroom	0.6040	0.4800
homesick	0.4360	0.3040
homestead	0.8650	0.2210
homesweethome	0.7960	0.3800
hometown	0.8580	0.3330
homeward	0.8330	0.2750
homework	0.3960	0.4120
homey	0.7690	0.2780
homicidal	0.0200	0.9120
homicide	0.0100	0.9730
homily	0.6210	0.3580
homing	0.5510	0.4600
hominy	0.4790	0.3820
homo	0.5310	0.3680
homogeneity	0.7150	0.3650
homogeneous	0.5520	0.2550
homologous	0.4710	0.3530
homologue	0.5420	0.3560
homology	0.5710	0.4940
homophobic	0.1300	0.7360
honcho	0.4690	0.4640
hone	0.6880	0.3920
honest	0.9270	0.2540
honesty	0.9380	0.4110
honey	0.9200	0.4310
honeycomb	0.5410	0.4170
honeymoon	0.9790	0.6780
honeysuckle	0.5970	0.4510
honk	0.5490	0.6350
honky	0.4580	0.6320
honor	0.8960	0.5870
honorable	0.9630	0.4120
honorarium	0.7960	0.5100
honorary	0.8850	0.5650
honored	0.9380	0.4470
hooch	0.4290	0.5380
hood	0.3570	0.4590
hooded	0.3060	0.7450
hoodlum	0.3540	0.7200
hoof	0.4270	0.3410
hook	0.4180	0.4440
hooked	0.6100	0.6610
hooker	0.2140	0.8890
hookup	0.6250	0.5290
hooky	0.4680	0.5000
hooligan	0.2950	0.7120
hoop	0.6350	0.2040
hoopla	0.5420	0.4710
hooray	0.6100	0.4810
hoot	0.4490	0.5600
hooter	0.4700	0.6150
hop	0.4500	0.5200
hope	0.9270	0.3170
hopeful	0.9470	0.3570
hopeless	0.0940	0.2980
hopelessness	0.0520	0.4020
hopes	0.9170	0.5000
hoping	0.6840	0.4690
hopper	0.3960	0.4910
horde	0.2860	0.7130
horizon	0.7290	0.2840
horizontal	0.5730	0.3040
horizontally	0.5000	0.3560
hormonal	0.5000	0.6200
hormone	0.4900	0.7500
horn	0.3850	0.5100
horned	0.3160	0.6100
hornet	0.3980	0.5940
horny	0.4900	0.9080
horoscope	0.5000	0.3600
horrendous	0.0730	0.7550
horrible	0.0710	0.8570
horribly	0.0500	0.6310
horrid	0.0520	0.7650
horrific	0.0940	0.8460
horrified	0.0400	0.8850
horrifying	0.0100	0.7600
horror	0.1150	0.8500
horrors	0.0610	0.8520
horse	0.6350	0.5100
horseback	0.6880	0.5880
horseman	0.4410	0.7000
horsepower	0.5940	0.7350
horseradish	0.3210	0.5840
horseshit	0.1530	0.5820
horseshoe	0.6730	0.3500
horsey	0.6020	0.4540
horticultural	0.5940	0.3870
horticulture	0.7000	0.4200
hosannah	0.6790	0.3730
hose	0.4690	0.2880
hosiery	0.5200	0.3440
hospice	0.3370	0.4430
hospitable	0.7910	0.4700
hospital	0.3230	0.5370
hospitality	0.8650	0.3330
host	0.6930	0.4710
hostage	0.1630	0.9230
hostel	0.4790	0.5000
hostess	0.7920	0.6040
hostile	0.1880	0.8770
hostilities	0.2760	0.8100
hostility	0.1220	0.7750
hot	0.4900	0.7400
hot sauce	0.3330	0.7400
hotbed	0.5100	0.2850
hotdog	0.7200	0.4380
hotel	0.7400	0.3700
hothead	0.2400	0.8490
hotline	0.5920	0.5650
hotshot	0.5000	0.7270
hotyoga	0.6830	0.6090
hound	0.4170	0.5280
hour	0.5520	0.2650
hourglass	0.5420	0.2840
hourly	0.4690	0.4180
house	0.5870	0.1350
houseboat	0.6040	0.3890
houseboy	0.4790	0.4150
housebroken	0.5180	0.4610
houseguest	0.5300	0.5000
household	0.7810	0.2300
householder	0.8160	0.5410
housekeeper	0.6940	0.2790
housekeeping	0.6040	0.5000
housewarming	0.8570	0.7100
housewife	0.6560	0.3610
housework	0.4840	0.4130
housing	0.7760	0.3040
hovel	0.3330	0.2960
hover	0.5100	0.4310
hovercraft	0.5410	0.6540
howl	0.3570	0.6460
howsoever	0.4590	0.3090
hoy	0.5830	0.2980
hub	0.4790	0.3990
hubby	0.5480	0.4350
huckleberry	0.6000	0.2790
huddle	0.6040	0.5090
hue	0.5070	0.4160
huff	0.3880	0.4910
huffy	0.4200	0.6160
hug	0.9080	0.4270
huge	0.5730	0.6250
hugger	0.5200	0.4800
huggy	0.8540	0.4290
hugs	0.9800	0.4220
hulk	0.4600	0.7400
hull	0.5420	0.2650
hum	0.4900	0.2960
human	0.7670	0.3140
humane	0.8000	0.3700
humanitarian	0.7860	0.3170
humanities	0.7290	0.3250
humanity	0.7500	0.3600
humankind	0.8850	0.3940
humanoid	0.5210	0.4620
humanrights	0.7920	0.5590
humble	0.8670	0.2360
humbled	0.2800	0.6180
humbly	0.7710	0.1940
humbug	0.2190	0.6220
humdrum	0.2690	0.2460
humid	0.3750	0.3240
humidity	0.4640	0.3730
humiliate	0.0520	0.7140
humiliated	0.1040	0.7120
humiliating	0.0620	0.7160
humiliation	0.0480	0.7120
humility	0.7400	0.1180
hummer	0.5100	0.6220
hummingbird	0.7500	0.3700
humongous	0.3780	0.5380
humor	0.8900	0.6330
humored	0.8540	0.6570
humorist	0.9580	0.7900
humorous	0.9060	0.6160
hump	0.2960	0.4620
humpback	0.2350	0.3460
hunch	0.5610	0.6300
hunchback	0.2080	0.3900
hundred	0.6040	0.3700
hundredth	0.4270	0.3680
hunger	0.0830	0.5540
hungry	0.0830	0.6900
hunk	0.4380	0.3750
hunks	0.4170	0.4530
hunky	0.4690	0.5710
hunt	0.3270	0.8060
hunter	0.2920	0.8170
hunting	0.4480	0.7130
huntress	0.3570	0.7170
hurdle	0.1980	0.6820
hurl	0.3160	0.7450
hurrah	0.8020	0.7400
hurricane	0.1770	0.9580
hurricanes	0.2860	0.8980
hurried	0.3140	0.8060
hurry	0.4220	0.7350
hurryup	0.4730	0.7910
hurt	0.0620	0.7730
hurtful	0.1040	0.6800
hurting	0.1530	0.7780
husband	0.7710	0.5000
husbandry	0.6430	0.4730
hush	0.4710	0.2310
hushed	0.2920	0.1940
husk	0.3780	0.1730
husky	0.6300	0.4500
hussy	0.2190	0.5940
hustle	0.4060	0.6610
hustler	0.2600	0.8210
hut	0.6330	0.2700
hutch	0.3850	0.4530
hyacinth	0.3720	0.3600
hybrid	0.5000	0.3650
hydra	0.4060	0.5980
hydrant	0.5700	0.4130
hydrate	0.6100	0.3670
hydraulic	0.5220	0.3980
hydraulics	0.5000	0.5300
hydrocephalus	0.2860	0.6290
hydrodynamics	0.5520	0.5820
hydrogen	0.4690	0.3030
hydrographic	0.4900	0.3960
hydrology	0.5000	0.3800
hydrophobia	0.3230	0.7840
hydroponics	0.5000	0.5490
hyena	0.3960	0.7190
hygiene	0.7810	0.2870
hygienic	0.7190	0.2450
hygienist	0.6980	0.3890
hymen	0.4690	0.6510
hymn	0.7350	0.2920
hype	0.5100	0.5000
hyped	0.7080	0.5820
hyper	0.5420	0.6160
hyperactive	0.5000	0.9210
hyperbole	0.4690	0.5210
hyperspace	0.5100	0.6230
hypertension	0.1330	0.7840
hypertrophy	0.3120	0.6250
hyperventilate	0.3470	0.7290
hyperventilating	0.1640	0.8020
hyphen	0.5520	0.3560
hypnosis	0.4170	0.4100
hypnotic	0.5710	0.5600
hypnotist	0.4900	0.4550
hypnotize	0.4690	0.5070
hypnotized	0.4490	0.4340
hypochondriac	0.1940	0.5880
hypocrisy	0.1560	0.5230
hypocrite	0.0820	0.6730
hypocritical	0.0480	0.7400
hypodermic	0.2400	0.4410
hypothalamus	0.5930	0.4270
hypothermia	0.1840	0.6200
hypothesis	0.5520	0.3700
hypothetical	0.4800	0.3670
hysterectomy	0.1780	0.6600
hysteria	0.2240	0.9060
hysterical	0.2900	0.9420
ibuprofen	0.4480	0.4270
ice	0.4400	0.2650
ice tea	0.7710	0.3370
iceberg	0.3440	0.5400
icebox	0.5600	0.2220
icebreaker	0.5710	0.5450
iced	0.5640	0.4820
icing	0.6880	0.4520
icky	0.3570	0.5100
icon	0.5490	0.3490
iconic	0.5830	0.5370
iconography	0.6020	0.3820
icy	0.6840	0.3750
id	0.4490	0.3440
idea	0.7500	0.5380
ideal	0.8020	0.4370
idealism	0.6350	0.4360
idealist	0.8160	0.5100
idealistic	0.8120	0.4690
identical	0.6350	0.3800
identically	0.6670	0.4270
identification	0.7140	0.4510
identify	0.6350	0.4800
identity	0.6630	0.3600
ideology	0.5730	0.3440
idiocy	0.1120	0.6350
idiom	0.5200	0.3370
idiomatic	0.5310	0.4290
idiot	0.0860	0.5670
idiotic	0.1040	0.6200
idiots	0.1430	0.6000
idle	0.1790	0.1670
idleness	0.3080	0.3300
idler	0.2000	0.3040
idol	0.6840	0.8050
idolatry	0.3650	0.5710
idolizing	0.6760	0.7120
idyllic	0.5710	0.3940
iffy	0.3800	0.4420
ifonly	0.4060	0.2500
igloo	0.5690	0.3020
igneous	0.4690	0.4660
ignite	0.4580	0.7850
ignition	0.3650	0.7200
ignorance	0.1530	0.4170
ignorant	0.1020	0.4610
ignore	0.1460	0.2300
iguana	0.5210	0.2350
ihatespiders	0.2450	0.6110
ilk	0.4380	0.4510
ill	0.0730	0.4100
illegal	0.0610	0.7870
illegality	0.0940	0.6350
illegally	0.1330	0.7880
illegible	0.2960	0.4900
illegitimate	0.1840	0.6440
illicit	0.1880	0.7940
illiterate	0.1200	0.4100
illness	0.0980	0.7170
illogical	0.2080	0.6300
illuminate	0.9050	0.6460
illuminating	0.9490	0.6130
illumination	0.7600	0.5880
illuminator	0.7700	0.5660
illusion	0.5620	0.4900
illustrate	0.7500	0.4300
illustration	0.7400	0.4410
illustrative	0.7710	0.4520
illustrious	0.6730	0.5500
ilovechristmas	0.8850	0.5900
iloveher	0.7500	0.5190
image	0.6530	0.2410
imagery	0.6530	0.3270
imaginable	0.6130	0.5290
imaginary	0.5600	0.4240
imagination	0.8020	0.4910
imaginative	0.7800	0.5410
imagine	0.7590	0.4800
imagined	0.6560	0.4120
imaging	0.7240	0.3940
imagining	0.7650	0.4580
imam	0.5270	0.3370
imbalance	0.1150	0.5380
imbecile	0.0820	0.5690
imbedded	0.4060	0.5800
imissyou	0.4800	0.6080
imitate	0.4690	0.5610
imitated	0.3330	0.3910
imitation	0.4060	0.5920
immaculate	0.6980	0.3300
immaterial	0.2960	0.3090
immature	0.1140	0.5000
immaturity	0.1460	0.5670
immeasurable	0.5100	0.5390
immeasurably	0.5100	0.6400
immediacy	0.6350	0.6300
immediate	0.6560	0.5480
immediately	0.5520	0.7800
immemorial	0.3270	0.4690
immense	0.7550	0.7500
immerse	0.5100	0.5770
immersion	0.5100	0.5560
immigrant	0.3570	0.6630
immigration	0.3900	0.6670
imminent	0.4900	0.7840
immobile	0.2250	0.2170
immoral	0.1430	0.6220
immorality	0.1880	0.6890
immortal	0.8120	0.7500
immortality	0.6880	0.6350
immovable	0.4800	0.3100
immune	0.6290	0.4720
immunity	0.6330	0.3160
immunization	0.6670	0.5100
immutable	0.4270	0.4310
imp	0.3500	0.4480
impact	0.4690	0.8840
impair	0.1530	0.5000
impaired	0.1300	0.4590
impairment	0.1700	0.5710
impart	0.5210	0.4410
impartial	0.5310	0.4060
impartiality	0.6220	0.3940
impassable	0.3420	0.4580
impassioned	0.7400	0.7800
impatience	0.2780	0.7800
impatient	0.2500	0.7080
impatiently	0.1940	0.7500
impeach	0.2080	0.7760
impeachment	0.1630	0.7350
impeccable	0.8330	0.3700
impede	0.2710	0.5100
impediment	0.1630	0.6000
impelled	0.6040	0.7410
impending	0.4800	0.7350
impenetrable	0.5310	0.5770
imperative	0.6250	0.6470
imperceptible	0.3780	0.4900
imperfect	0.1730	0.5270
imperfection	0.1900	0.5670
imperfectly	0.2970	0.4810
imperial	0.6690	0.6460
imperialist	0.2840	0.7860
impermeable	0.5100	0.3080
impermissible	0.1880	0.4640
impersonal	0.3160	0.3560
impersonate	0.5100	0.6320
impersonation	0.3750	0.6180
impersonator	0.4690	0.5860
impertinence	0.1700	0.6530
impertinent	0.2190	0.8260
impervious	0.5820	0.4080
impetuous	0.6020	0.8140
impetus	0.5210	0.7400
implacable	0.5690	0.6630
implant	0.4290	0.5100
implantation	0.3960	0.6040
implanted	0.3470	0.5000
implement	0.7200	0.5730
implicate	0.2500	0.6700
implicated	0.3540	0.6730
implication	0.3370	0.5280
implied	0.3270	0.5300
implore	0.3960	0.6500
implosion	0.4120	0.7240
imply	0.5420	0.6700
impolite	0.1670	0.5900
import	0.6150	0.4800
importance	0.7500	0.5800
important	0.8270	0.6300
importation	0.6250	0.5000
impose	0.5030	0.7210
imposing	0.3920	0.7310
imposition	0.3570	0.6040
impossibility	0.1700	0.6250
impossible	0.1530	0.5100
impostor	0.1350	0.7040
impotence	0.1980	0.6890
impotent	0.1460	0.5870
impound	0.2300	0.5870
impoverished	0.1250	0.3110
impracticable	0.3980	0.5490
impractical	0.1600	0.3730
impregnable	0.3780	0.5490
impregnate	0.5100	0.7210
impress	0.8160	0.7440
impressed	0.8060	0.7700
impression	0.6840	0.5570
impressionable	0.8270	0.7200
impressive	0.7810	0.8300
imprint	0.6150	0.5740
imprison	0.1120	0.8290
imprisoned	0.0320	0.7170
imprisonment	0.1330	0.6300
improbable	0.0970	0.4120
impromptu	0.5410	0.7290
improper	0.2290	0.5200
impropriety	0.1330	0.5910
improve	0.8330	0.5280
improved	0.9190	0.4800
improvement	0.7860	0.5000
improves	0.9290	0.6250
improving	0.9110	0.5100
improvisation	0.6310	0.8120
improvise	0.6460	0.6500
improvised	0.6100	0.6730
imprudent	0.1700	0.6760
impudence	0.2140	0.5000
impudent	0.3020	0.6040
impulse	0.5300	0.8400
impulsive	0.3650	0.8640
impunity	0.3130	0.7210
impure	0.2600	0.5600
impurity	0.1730	0.5460
imputation	0.3330	0.6540
imtryingtosleep	0.4380	0.3630
inability	0.1500	0.5290
inaccessible	0.0830	0.5850
inaccurate	0.1350	0.4500
inaction	0.3230	0.2250
inactivate	0.2450	0.2400
inactivation	0.1980	0.2600
inactive	0.2710	0.1670
inactivity	0.1350	0.1430
inadequacy	0.2860	0.5000
inadequate	0.1220	0.4500
inadequateness	0.2400	0.5290
inadmissible	0.1880	0.6360
inadvertent	0.3650	0.3680
inadvertently	0.3020	0.5410
inaffable	0.3880	0.5180
inalienable	0.4370	0.4590
inane	0.2710	0.3500
inanimate	0.2810	0.1430
inapplicable	0.2810	0.4020
inappropriate	0.1350	0.5420
inattention	0.2080	0.4330
inaudible	0.2800	0.3980
inaugural	0.6840	0.5670
inaugurate	0.7810	0.5820
inauguration	0.8470	0.7120
inborn	0.5900	0.2880
inbound	0.5310	0.3880
inbred	0.3970	0.5200
incalculable	0.4490	0.6200
incandescent	0.3540	0.6120
incantation	0.4390	0.6320
incapable	0.1560	0.5290
incapacity	0.0520	0.5000
incarceration	0.1000	0.8000
incarnate	0.5520	0.6510
incase	0.5800	0.1960
incendiary	0.2810	0.8100
incense	0.6980	0.2750
incensed	0.3380	0.6430
incentive	0.8120	0.6180
inception	0.6040	0.4250
incessant	0.4380	0.7600
incessantly	0.4170	0.7650
incest	0.0730	0.8530
incestuous	0.1880	0.7360
inch	0.4810	0.3270
incidence	0.4170	0.5270
incident	0.0840	0.6620
incidental	0.2810	0.6100
incidentally	0.4790	0.5000
incineration	0.2290	0.7870
incinerator	0.2500	0.6430
incipient	0.4420	0.3820
incision	0.2400	0.6630
incisive	0.3800	0.6020
incite	0.4490	0.7360
incitement	0.3020	0.9430
inclement	0.2600	0.6760
inclination	0.3780	0.4900
incline	0.4900	0.4230
inclined	0.4690	0.3470
include	0.7290	0.4490
included	0.7600	0.4020
including	0.7000	0.3780
inclusion	0.7740	0.4040
inclusive	0.6040	0.4200
incognito	0.6100	0.4900
incoherent	0.1220	0.6120
income	0.7500	0.5100
incoming	0.6600	0.5090
incomparable	0.6250	0.5770
incompatible	0.1960	0.5000
incompetence	0.0770	0.5510
incompetent	0.1330	0.5660
incomplete	0.1530	0.3700
incompletely	0.3440	0.4420
incompleteness	0.2710	0.4510
incomprehensible	0.2500	0.5500
inconceivable	0.1980	0.5520
inconclusive	0.1530	0.4420
incongruous	0.1770	0.5040
inconsequential	0.2500	0.4800
inconsiderate	0.2240	0.5190
inconsistency	0.1250	0.4800
inconsistent	0.2710	0.4310
inconspicuous	0.6040	0.2140
incontinence	0.1500	0.5980
inconvenience	0.0630	0.6670
inconvenient	0.2240	0.6100
incorporate	0.7450	0.6120
incorporation	0.5730	0.4040
incorrect	0.1400	0.5690
incorrigible	0.1300	0.6670
increase	0.8100	0.6570
increased	0.6840	0.6600
incredible	0.8570	0.7960
incredulous	0.2860	0.5100
increment	0.6840	0.6370
incriminate	0.1880	0.8100
incriminating	0.1330	0.7880
incrimination	0.1520	0.8650
incubation	0.4610	0.4900
incubator	0.5100	0.4350
incubus	0.4580	0.5290
incumbent	0.3960	0.5400
incur	0.3120	0.6670
incurable	0.1040	0.6670
incursion	0.5520	0.8300
indebted	0.1380	0.6980
indecency	0.1350	0.6700
indecent	0.0830	0.6830
indecision	0.1840	0.4800
indecisive	0.2710	0.4200
indefensible	0.1730	0.6470
indefinite	0.4480	0.2920
indelible	0.4900	0.3370
indemnification	0.5210	0.4900
indemnify	0.4490	0.5480
indemnity	0.4700	0.6070
indent	0.4790	0.3460
indentation	0.3740	0.5000
indenture	0.4340	0.3820
independence	0.8960	0.6630
independent	0.8850	0.4400
indescribable	0.4480	0.5290
indestructible	0.7720	0.7310
indeterminate	0.3600	0.4020
index	0.4480	0.2680
indicate	0.5940	0.3500
indicating	0.7450	0.3390
indication	0.7190	0.4320
indicative	0.5100	0.5100
indicator	0.5730	0.4510
indice	0.4690	0.3770
indict	0.1880	0.7310
indictment	0.2450	0.7450
indie	0.4790	0.3680
indifference	0.2650	0.4170
indifferent	0.3960	0.1570
indigenous	0.5000	0.5090
indigent	0.1560	0.4810
indigestion	0.2040	0.6100
indignant	0.2600	0.6000
indignation	0.1730	0.7780
indignity	0.1670	0.5000
indigo	0.5140	0.3650
indirect	0.3850	0.4020
indiscreet	0.1770	0.5870
indiscretion	0.2650	0.6370
indispensable	0.7100	0.4490
indisposed	0.1220	0.5190
indistinct	0.2550	0.3400
indistinguishable	0.3460	0.4580
individual	0.6270	0.3270
individuality	0.6120	0.4690
indivisible	0.6460	0.3980
indoctrination	0.3270	0.6570
indolent	0.1770	0.3810
indomitable	0.4580	0.8000
indoor	0.6150	0.2450
induce	0.2570	0.6060
induced	0.3970	0.4710
inducement	0.6470	0.7650
induction	0.3920	0.5930
indulge	0.8330	0.7160
indulgence	0.4790	0.4900
indulgent	0.5600	0.4810
industrial	0.4690	0.6000
industrialist	0.5620	0.6330
industrious	0.7200	0.5370
industry	0.6500	0.4470
ineffable	0.5510	0.5770
ineffective	0.0930	0.4220
ineffectual	0.1630	0.4120
inefficiency	0.0920	0.4660
inefficient	0.1900	0.4600
inelastic	0.3960	0.4260
ineligible	0.1430	0.3770
inept	0.1560	0.4180
ineptitude	0.1770	0.4710
inequality	0.1220	0.5750
inequitable	0.2810	0.5190
inert	0.3230	0.1800
inertia	0.3440	0.2880
inevitable	0.3160	0.4190
inexact	0.1530	0.4590
inexcusable	0.2710	0.5820
inexhaustible	0.6020	0.5410
inexpensive	0.6940	0.4140
inexperience	0.2080	0.6140
inexperienced	0.2810	0.4730
inexplicable	0.2240	0.6350
inexpressible	0.1980	0.6080
infallibility	0.5830	0.6630
infallible	0.7760	0.6870
infamous	0.1460	0.5800
infamy	0.1770	0.6760
infancy	0.7500	0.3990
infant	0.8020	0.4310
infanticide	0.1670	0.8560
infantile	0.6040	0.3820
infantry	0.5310	0.6840
infarct	0.0800	0.8460
infatuated	0.7290	0.7640
infatuation	0.8440	0.7450
infeasible	0.2450	0.4720
infect	0.1020	0.7770
infection	0.0830	0.7350
infectious	0.1420	0.7600
infer	0.4490	0.4900
inference	0.3590	0.4790
inferential	0.4260	0.4510
inferior	0.2600	0.2540
inferiority	0.1770	0.4300
infernal	0.0830	0.8370
inferno	0.0510	0.8570
infertile	0.2740	0.4580
infertility	0.1700	0.6640
infestation	0.2560	0.7760
infidel	0.1770	0.7400
infidelity	0.0620	0.7770
infield	0.5100	0.5710
infiltrate	0.4080	0.7450
infiltration	0.2650	0.7920
infinite	0.7240	0.5830
infinitely	0.6880	0.6430
infinitesimal	0.3880	0.4720
infinity	0.5160	0.4590
infirm	0.1150	0.5210
infirmary	0.5000	0.4380
infirmity	0.0940	0.4820
inflammation	0.1460	0.7650
inflammatory	0.1770	0.6420
inflatable	0.5100	0.5100
inflate	0.3050	0.5690
inflated	0.3030	0.4310
inflation	0.2190	0.7920
inflection	0.3850	0.6350
inflict	0.1670	0.7600
infliction	0.3020	0.7220
inflorescence	0.4590	0.3440
influence	0.6220	0.6630
influential	0.8990	0.6880
influenza	0.2710	0.7180
influx	0.6220	0.6350
info	0.7500	0.3300
infomercial	0.4270	0.4620
inform	0.7230	0.5820
informal	0.4800	0.3980
informant	0.6040	0.6120
information	0.7650	0.3700
informative	0.8120	0.4190
informed	0.5430	0.2980
informer	0.5210	0.5780
infraction	0.2450	0.6600
infrared	0.4690	0.5880
infrastructure	0.6040	0.4600
infrequent	0.3120	0.3770
infrequently	0.2040	0.2500
infringement	0.1530	0.8000
infuriate	0.1020	0.9340
infuriated	0.0730	0.9300
infuriates	0.1350	0.9130
infuriating	0.1390	0.8700
infuse	0.3800	0.7050
infused	0.3850	0.4730
infuser	0.4690	0.4330
infusion	0.5830	0.3650
ingenious	0.7600	0.6900
ingenuity	0.7080	0.5900
ingest	0.5100	0.5590
ingestion	0.4290	0.6120
ingot	0.6880	0.4440
ingrained	0.5310	0.4900
ingrate	0.2350	0.6060
ingredient	0.7920	0.3730
ingress	0.6010	0.3660
inhabit	0.6560	0.3780
inhabitant	0.6040	0.3560
inhabited	0.6670	0.3610
inhabiting	0.4580	0.4400
inhalation	0.5100	0.6130
inhale	0.4270	0.3400
inhaler	0.4080	0.5000
inherent	0.5620	0.4390
inherit	0.7450	0.5460
inheritance	0.9000	0.5650
inhibit	0.1670	0.4790
inhibition	0.2650	0.3920
inhibitor	0.2810	0.4500
inhospitable	0.2650	0.5310
inhuman	0.1070	0.6600
inhumane	0.1040	0.5870
inhumanity	0.1430	0.5400
inimaginable	0.5420	0.6360
inimical	0.2600	0.8230
inimitable	0.5710	0.4130
iniquity	0.2190	0.5670
initial	0.5830	0.3140
initiate	0.7190	0.4800
initiated	0.7600	0.4900
initiation	0.6980	0.5290
initiative	0.8330	0.6150
inject	0.4060	0.7350
injection	0.2810	0.7410
injunction	0.2810	0.4220
injure	0.1770	0.7100
injured	0.0830	0.6800
injuring	0.0730	0.7900
injurious	0.1770	0.7590
injury	0.0490	0.7690
injustice	0.0820	0.7550
ink	0.4710	0.4080
inkling	0.4480	0.5510
inland	0.5100	0.4170
inlay	0.4060	0.5310
inlet	0.6460	0.3780
inmate	0.2350	0.6630
inn	0.6600	0.2840
innards	0.3020	0.4800
innate	0.4900	0.4000
inner	0.5510	0.2160
innermost	0.5830	0.5000
innerpeace	0.7140	0.3180
inning	0.6020	0.3150
innings	0.5730	0.4870
innkeeper	0.5780	0.2240
innocence	0.8020	0.2600
innocent	0.7290	0.2060
innocently	0.7760	0.2500
innocuous	0.5100	0.3210
innovate	0.8980	0.8720
innovation	0.9490	0.6800
innovative	0.8800	0.6400
innuendo	0.4670	0.6700
innumerable	0.6670	0.4450
inoculation	0.3330	0.5700
inoperable	0.1840	0.4220
inoperative	0.1380	0.4250
inordinate	0.1630	0.6300
inorganic	0.3850	0.3450
input	0.6430	0.3370
inquest	0.4580	0.5690
inquire	0.5830	0.5190
inquirer	0.5730	0.5980
inquiring	0.4790	0.5100
inquiry	0.5410	0.4200
inquisitive	0.3010	0.6370
inquisitor	0.3850	0.8730
insane	0.0620	0.6700
insanity	0.0980	0.8470
insatiable	0.3750	0.6560
inscription	0.5920	0.4220
inscrutable	0.4590	0.5410
insect	0.2760	0.6330
insecticide	0.1880	0.5980
insecure	0.1140	0.5380
insecurity	0.0940	0.6470
insemination	0.5420	0.6440
insensitive	0.2190	0.4710
inseparable	0.7000	0.5200
insert	0.4810	0.5520
inserted	0.4790	0.4020
insertion	0.5210	0.5200
inside	0.6120	0.4040
insider	0.6250	0.5620
insidious	0.1460	0.6220
insight	0.6130	0.3630
insightful	0.6640	0.6910
insignia	0.6650	0.2820
insignificance	0.2500	0.2160
insignificant	0.0830	0.3060
insinuate	0.2920	0.6350
insipid	0.2140	0.2500
insist	0.6350	0.6510
insistence	0.4180	0.7040
insistent	0.5520	0.6350
insists	0.4900	0.5870
insolence	0.1150	0.7310
insolent	0.1120	0.6630
insoluble	0.4390	0.2900
insolvency	0.3230	0.4310
insolvent	0.2300	0.4810
insomnia	0.1980	0.6110
insomniac	0.2310	0.3670
inspect	0.4790	0.6030
inspection	0.4590	0.6300
inspector	0.4180	0.5800
inspiration	0.9380	0.6000
inspirational	0.9270	0.7200
inspire	0.9180	0.6270
inspired	0.9670	0.7020
instability	0.1770	0.7600
install	0.6300	0.5830
installation	0.6560	0.4690
installment	0.6190	0.3960
instance	0.5470	0.4500
instant	0.7660	0.4540
instantaneous	0.7500	0.5000
instantaneously	0.6560	0.6400
instigate	0.2780	0.7650
instigation	0.3230	0.7690
instill	0.5620	0.4900
instinct	0.7710	0.6020
instinctive	0.7520	0.5750
institute	0.6040	0.4800
institution	0.5800	0.3110
instruct	0.7290	0.4900
instructed	0.7400	0.3880
instruction	0.6560	0.4340
instructional	0.6980	0.5000
instructions	0.5820	0.3020
instructive	0.5830	0.4200
instructor	0.7710	0.4900
instrument	0.5620	0.5370
instrumental	0.7400	0.4720
instrumentalist	0.6560	0.5400
instrumentality	0.6370	0.5100
insubordination	0.2810	0.7750
insufferable	0.2200	0.7840
insufficiency	0.1150	0.4310
insufficient	0.1880	0.3800
insufficiently	0.1470	0.5090
insular	0.5310	0.4260
insulate	0.3650	0.3580
insulated	0.2080	0.2650
insulation	0.2450	0.3270
insulin	0.4290	0.4720
insult	0.0850	0.8310
insulting	0.0940	0.8400
insurance	0.7140	0.3080
insure	0.7000	0.4150
insurgent	0.2350	0.7350
insurmountable	0.6200	0.6270
insurrection	0.2290	0.7060
intact	0.7160	0.2120
intake	0.6040	0.5270
intangible	0.5250	0.4800
integer	0.5730	0.3270
integral	0.5900	0.3370
integrate	0.7290	0.3900
integration	0.7710	0.4800
integrity	0.8650	0.4130
intellect	0.8440	0.4180
intellectual	0.9060	0.4550
intelligence	0.8330	0.5870
intelligent	0.9170	0.5410
intelligibility	0.7400	0.4810
intelligible	0.6350	0.4800
intend	0.5620	0.5200
intended	0.4060	0.5420
intending	0.5100	0.5670
intense	0.5920	0.7740
intensely	0.6940	0.8460
intensify	0.6040	0.8700
intensity	0.6220	0.9300
intensive	0.5700	0.8420
intent	0.5500	0.4810
intention	0.5310	0.4800
intentional	0.6500	0.6150
intentionally	0.4500	0.6760
inter	0.5100	0.3750
interact	0.8220	0.6900
interaction	0.6460	0.7350
interactive	0.7270	0.8110
intercede	0.5820	0.5770
intercept	0.2210	0.6600
interception	0.3270	0.6730
intercession	0.5030	0.4860
interchange	0.6150	0.5270
interchangeable	0.6150	0.4590
interchanged	0.3960	0.4720
intercom	0.6230	0.4290
intercourse	0.5510	0.6080
interdependence	0.6080	0.6180
interdependent	0.4100	0.4820
interdiction	0.3370	0.5000
interest	0.7800	0.6670
interested	0.7500	0.5290
interesting	0.9270	0.7260
interface	0.6430	0.3570
interfere	0.3230	0.7140
interference	0.3960	0.7360
interferometer	0.5100	0.5100
intergalactic	0.5620	0.6610
interim	0.6040	0.4000
interior	0.6180	0.1570
interject	0.3330	0.6480
interlocutory	0.4900	0.5000
interlude	0.4700	0.4170
intermediary	0.4270	0.5100
intermediate	0.4800	0.3680
interment	0.2350	0.6080
interminable	0.3270	0.4810
intermission	0.4900	0.3600
intermittent	0.3370	0.5650
intern	0.4590	0.4600
internal	0.4390	0.3490
internally	0.6150	0.4000
international	0.8000	0.5190
internet	0.7600	0.4620
internship	0.5900	0.5100
interoffice	0.4390	0.3750
interpolate	0.4600	0.4900
interpolation	0.4190	0.5060
interpret	0.6460	0.6250
interpretation	0.6770	0.5940
interpreter	0.7080	0.4610
interpretive	0.5310	0.5490
interrelated	0.6150	0.4690
interrogate	0.3230	0.8080
interrogation	0.3020	0.8270
interrupt	0.2100	0.6350
interrupted	0.2810	0.5590
interrupting	0.1460	0.5930
interruption	0.1840	0.6320
interrupts	0.2040	0.5450
intersect	0.5210	0.5100
intersection	0.3440	0.5410
interstate	0.5200	0.4430
interstellar	0.7080	0.7020
interstitial	0.3330	0.4710
interval	0.5100	0.2840
intervene	0.5200	0.6770
intervening	0.3980	0.6270
intervention	0.3880	0.6960
interview	0.5730	0.7700
interviewer	0.5520	0.7360
interworking	0.5520	0.5870
intestate	0.4590	0.4670
intestinal	0.3570	0.5310
intestine	0.3430	0.4500
intestines	0.2920	0.5470
intimacy	0.8570	0.8020
intimate	0.7240	0.5980
intimately	0.8060	0.5730
intimation	0.4060	0.6730
intimidate	0.2100	0.8040
intimidated	0.1770	0.6630
intimidating	0.2290	0.7900
intimidation	0.1770	0.7910
intolerable	0.1460	0.6600
intolerance	0.0520	0.7040
intolerant	0.1350	0.6760
intonation	0.6150	0.4420
intoxicated	0.0790	0.8240
intoxicating	0.2240	0.7600
intoxication	0.3230	0.7100
intracranial	0.2810	0.6020
intractable	0.1540	0.6940
intramural	0.4900	0.4640
intravenous	0.3570	0.5380
intrepid	0.7530	0.6960
intricate	0.5590	0.7040
intrigue	0.3620	0.8300
intriguing	0.4220	0.7130
intrinsic	0.4060	0.4710
intrinsically	0.4590	0.3820
intro	0.5100	0.3310
introduce	0.5920	0.5590
introduction	0.6120	0.4130
introductory	0.6350	0.3680
introspection	0.6030	0.3370
introspective	0.5520	0.3600
intrude	0.0580	0.7350
intruder	0.1460	0.7400
intrusion	0.2930	0.6410
intrusive	0.4610	0.6070
intubation	0.2760	0.5980
intuition	0.8570	0.5080
intuitive	0.7710	0.5730
intuitively	0.6700	0.5610
inundation	0.1770	0.7800
invade	0.4080	0.8920
invader	0.2000	0.8270
invalid	0.1800	0.3300
invalidate	0.3150	0.4800
invalidation	0.1810	0.4900
invalidity	0.1860	0.3940
invaluable	0.7400	0.5000
invariably	0.4580	0.3650
invasion	0.2710	0.8430
invasive	0.1940	0.7300
invent	0.7190	0.6890
invention	0.7140	0.5770
inventive	0.7800	0.6270
inventor	0.7810	0.6670
inventory	0.5940	0.4630
inverse	0.4590	0.3370
inversely	0.2860	0.4180
inversion	0.6020	0.6300
invert	0.5100	0.5850
inverted	0.3100	0.4710
invest	0.6500	0.6630
investigate	0.6400	0.5000
investigation	0.5310	0.5920
investigative	0.5620	0.6000
investigator	0.6150	0.5090
investment	0.7200	0.5920
investor	0.7940	0.6550
invidious	0.1120	0.6500
invigorate	0.8210	0.7980
invincible	0.8670	0.8530
invisibility	0.4380	0.4610
invisible	0.4170	0.3450
invitation	0.8020	0.5490
invite	0.7450	0.6550
inviting	0.9380	0.5710
invocation	0.4300	0.6200
invoice	0.4800	0.3800
invoke	0.5830	0.7400
involuntary	0.3540	0.4900
involution	0.2960	0.4200
involve	0.6940	0.4900
involvement	0.7600	0.6200
invulnerable	0.5520	0.6830
inwards	0.4900	0.3850
iodine	0.3900	0.2650
ion	0.4290	0.3300
iota	0.3440	0.3850
irate	0.1880	0.8520
ire	0.1980	0.7400
iridescent	0.6020	0.5880
iris	0.7080	0.2750
irked	0.1640	0.7910
irks	0.2760	0.7810
iron	0.4480	0.3510
ironclad	0.5610	0.6480
ironic	0.4350	0.5500
irons	0.5310	0.4410
irony	0.3900	0.5870
irradiation	0.3850	0.7360
irrational	0.1250	0.6480
irrationality	0.1980	0.7350
irreconcilable	0.1460	0.6670
irreducible	0.2960	0.4550
irrefutable	0.4960	0.5490
irregular	0.3120	0.5480
irregularity	0.1040	0.6470
irregularly	0.2920	0.5650
irrelevant	0.1380	0.3110
irreparable	0.0610	0.5300
irreplaceable	0.4790	0.5800
irrepressible	0.5120	0.5660
irresistible	0.8230	0.8330
irrespective	0.4970	0.5380
irresponsible	0.1770	0.6800
irreverent	0.1910	0.6940
irreversible	0.1700	0.5410
irrevocable	0.2960	0.5600
irrigate	0.2720	0.4580
irrigation	0.2590	0.4260
irritability	0.1460	0.8530
irritable	0.1120	0.9520
irritate	0.1670	0.8900
irritated	0.2100	0.8160
irritates	0.1730	0.8100
irritating	0.1040	0.9120
irritation	0.0730	0.8330
island	0.7450	0.3470
isle	0.6670	0.3900
islet	0.6120	0.3140
isolate	0.2350	0.4220
isolated	0.2210	0.3560
isolation	0.1980	0.3380
isomorphism	0.4480	0.3610
isothermal	0.4590	0.4910
isotope	0.4290	0.4040
issue	0.3160	0.8190
itch	0.3190	0.6100
itching	0.2080	0.6900
itchy	0.3340	0.7260
item	0.5940	0.2700
itemize	0.4590	0.5270
items	0.5420	0.4010
iterate	0.4490	0.4600
iteration	0.5310	0.4490
iterative	0.4290	0.4200
itinerant	0.4490	0.5450
itinerary	0.5510	0.5500
ivory	0.6250	0.2350
jab	0.3850	0.5190
jabber	0.4170	0.5060
jack	0.4870	0.4500
jackal	0.3330	0.5820
jackass	0.1880	0.6920
jacket	0.6560	0.3020
jackhammer	0.1990	0.6900
jackpot	0.9500	0.7500
jackrabbit	0.6250	0.3790
jacks	0.4900	0.4000
jade	0.6040	0.4100
jaded	0.2550	0.5600
jag	0.4080	0.4400
jagged	0.0820	0.4620
jaguar	0.5590	0.7100
jail	0.0940	0.8980
jailbird	0.2400	0.5670
jailbreak	0.3540	0.6290
jailer	0.1940	0.6300
jailhouse	0.1040	0.8870
jalopy	0.3960	0.4360
jam	0.5100	0.5480
jamboree	0.6020	0.6250
jammed	0.2350	0.8170
jammer	0.4170	0.5400
janitor	0.5100	0.3500
janitorial	0.4900	0.3730
japan	0.6670	0.4820
jar	0.4300	0.3460
jargon	0.3330	0.5480
jarhead	0.4080	0.5300
jarring	0.2100	0.6730
jasmine	0.7650	0.2300
jasper	0.4800	0.4250
jaundice	0.2140	0.4800
jaunt	0.8080	0.4510
java	0.4590	0.3210
javelin	0.3850	0.4810
jaw	0.5000	0.5100
jawbone	0.4680	0.4130
jaws	0.3850	0.5280
jay	0.5310	0.4080
jazz	0.6770	0.3620
jazzy	0.7250	0.4310
jealous	0.1730	0.8550
jealousy	0.1460	0.7830
jean	0.6020	0.4440
jeans	0.6220	0.3240
jeep	0.6020	0.5100
jeering	0.2660	0.7920
jelly	0.6510	0.2940
jellybean	0.5920	0.4060
jellyfish	0.5310	0.5670
jenny	0.5420	0.4060
jeopardize	0.2600	0.8770
jeopardy	0.1290	0.9080
jerk	0.1940	0.6300
jerks	0.2140	0.7880
jerky	0.2330	0.5380
jersey	0.5940	0.3170
jest	0.5200	0.7360
jester	0.3880	0.6700
jesus	0.8000	0.4000
jet	0.6120	0.7210
jetty	0.6020	0.4800
jewel	0.8270	0.5880
jeweler	0.7600	0.4820
jewelry	0.8230	0.5690
jib	0.4060	0.4200
jiff	0.5760	0.4040
jiffy	0.4100	0.4440
jig	0.5310	0.3960
jiggle	0.5920	0.6730
jigsaw	0.5940	0.5820
jihad	0.3230	0.6600
jimmy	0.5790	0.3210
jingle	0.6350	0.5000
jinx	0.3370	0.5820
jitters	0.2240	0.9180
jittery	0.3440	0.8560
jive	0.5610	0.5510
job	0.6940	0.5410
jobinterview	0.6840	0.8370
jock	0.5920	0.6560
jockey	0.5620	0.6440
jockstrap	0.3470	0.4310
jog	0.5100	0.7080
jogger	0.4170	0.5100
john	0.5620	0.3820
join	0.7290	0.4790
joined	0.6670	0.3940
joining	0.7550	0.4690
joint	0.6150	0.3920
jointly	0.7080	0.4250
joke	0.7040	0.6100
joker	0.7710	0.7600
joking	0.7760	0.8390
jolly	0.9590	0.7050
jolt	0.3650	0.7080
jornada	0.4170	0.5000
jot	0.4060	0.3230
jour	0.4790	0.3940
journal	0.6880	0.2400
journalism	0.6220	0.5000
journalist	0.5420	0.4520
journalistic	0.6960	0.4490
journey	0.9100	0.7020
journeyman	0.7650	0.5960
joust	0.5200	0.5280
jovial	0.8230	0.4600
joy	0.9800	0.8240
joyful	0.9900	0.7400
joyous	0.9580	0.5800
joyride	0.6940	0.5500
joys	0.9810	0.6430
jubilant	0.8440	0.6730
jubilee	0.9160	0.5000
judge	0.5100	0.6040
judged	0.2810	0.6860
judging	0.2400	0.6250
judgment	0.3960	0.6000
judgmental	0.3300	0.6020
judicial	0.3780	0.6670
judiciary	0.4390	0.7400
judicious	0.6300	0.4320
judo	0.5000	0.7900
jug	0.5200	0.2500
juggle	0.5940	0.7600
juggler	0.6330	0.8210
juggling	0.5620	0.8740
jugular	0.2710	0.5730
juice	0.7760	0.2810
juicer	0.5520	0.5200
juicy	0.8230	0.5290
juju	0.5410	0.5190
juke	0.5000	0.4910
jukebox	0.6990	0.5400
jumble	0.3570	0.6130
jumbled	0.2920	0.6020
jumbo	0.6800	0.5520
jump	0.6250	0.8650
jump rope	0.6560	0.6600
jumper	0.6150	0.3360
jumpsuit	0.5620	0.3650
jumpy	0.3530	0.8100
junction	0.4900	0.4810
juncture	0.3650	0.5820
jungle	0.5000	0.5100
junior	0.6350	0.3430
juniper	0.5830	0.3270
junk	0.1150	0.4810
junket	0.4900	0.5190
junkie	0.1350	0.8600
junky	0.3850	0.5950
junkyard	0.1770	0.3980
junta	0.4510	0.5030
juridical	0.5200	0.4310
jurisdiction	0.4800	0.5800
jurisprudence	0.3600	0.4250
jurist	0.4790	0.5230
juror	0.5820	0.6400
jury	0.4790	0.6070
justice	0.7600	0.5380
justifiable	0.7860	0.4130
justification	0.6220	0.4440
justify	0.6120	0.4730
juststop	0.4170	0.3790
justthebeginning	0.5730	0.4510
jute	0.5510	0.2160
juvenile	0.6780	0.4900
juxtaposition	0.4270	0.5000
kaiser	0.4700	0.5090
kale	0.4690	0.2260
kaleidoscope	0.6150	0.4390
kamikaze	0.2040	0.8100
kangaroo	0.7160	0.3330
kanji	0.5100	0.4130
kappa	0.4690	0.3750
kaput	0.2810	0.4410
karaoke	0.7630	0.6490
karate	0.5620	0.8330
karma	0.5000	0.5100
karmic	0.3570	0.4590
kayak	0.5920	0.6000
kazoo	0.5030	0.4620
kebab	0.5310	0.4310
keel	0.3440	0.4170
keen	0.8230	0.7190
keep	0.7140	0.2960
keeper	0.6120	0.4570
keeping	0.5920	0.2800
keepsake	0.7400	0.3070
keg	0.5510	0.3890
kelp	0.4790	0.2640
ken	0.4380	0.4090
kennel	0.4300	0.4800
kerchief	0.5200	0.1890
kern	0.4380	0.4200
kernel	0.5420	0.4530
kerosene	0.3020	0.4720
ketchup	0.6530	0.3380
kettle	0.3570	0.4970
key	0.6150	0.2750
keyboard	0.5730	0.2790
keyed	0.4690	0.4970
keyhole	0.4380	0.3580
keynote	0.6300	0.4310
keypad	0.6040	0.2550
keystone	0.5730	0.4380
keyword	0.6020	0.5200
khaki	0.5940	0.2520
khan	0.4630	0.4760
kibble	0.5100	0.4580
kick	0.2710	0.7910
kickboxing	0.4270	0.8820
kicker	0.4270	0.7110
kicking	0.3270	0.8020
kickoff	0.5830	0.6000
kid	0.7600	0.4530
kidder	0.7080	0.7680
kidding	0.6220	0.6250
kiddo	0.6740	0.3930
kiddos	0.5000	0.4800
kidnap	0.0320	0.9230
kidnapped	0.0440	0.9230
kidnapper	0.1150	0.9060
kidnapping	0.0940	0.8800
kidney	0.4480	0.3630
kids	0.8370	0.5000
kill	0.0520	0.9410
killer	0.0410	0.9710
killing	0.0800	0.9590
killjoy	0.1780	0.5500
kiln	0.4510	0.4230
kilo	0.4380	0.3580
kilogram	0.5100	0.2600
kilometer	0.4900	0.4390
kilt	0.4480	0.3460
kimono	0.6430	0.2800
kin	0.5430	0.4410
kind	0.9180	0.2400
kindergarten	0.8330	0.4620
kindling	0.5200	0.6510
kindness	0.9380	0.3500
kindred	0.7600	0.4180
kinematics	0.5940	0.4800
kinesiology	0.4910	0.4800
kinetic	0.5820	0.5400
king	0.6770	0.6900
king snake	0.4580	0.8350
kingdom	0.7140	0.5470
kingpin	0.3570	0.6260
kink	0.3370	0.6340
kinky	0.4490	0.5580
kinship	0.7710	0.3000
kiosk	0.5000	0.2860
kirk	0.5100	0.3900
kiss	0.9670	0.8130
kisser	0.8440	0.6820
kissy	0.8740	0.6840
kit	0.5830	0.3440
kitchen	0.7000	0.2340
kite	0.6430	0.5000
kitten	0.8160	0.3430
kiwi	0.6460	0.2730
klutz	0.2750	0.4510
knack	0.5620	0.5180
knapsack	0.5510	0.3170
knead	0.4900	0.4570
knee	0.5200	0.2450
kneecap	0.4270	0.3600
kneel	0.4260	0.4170
kneeling	0.2450	0.4350
knell	0.3540	0.5000
knick	0.4800	0.5090
knickers	0.5520	0.4280
knife	0.3440	0.7170
knight	0.7800	0.4410
knighthood	0.7400	0.6600
knit	0.6300	0.1440
knob	0.3400	0.3600
knock	0.3120	0.5310
knockoff	0.3500	0.6060
knockout	0.3880	0.7550
knoll	0.4340	0.3470
knot	0.5410	0.2210
knots	0.4180	0.3460
knotted	0.2260	0.4120
know	0.7650	0.3610
knowing	0.8330	0.3530
knowingly	0.5000	0.4590
knowledge	0.8470	0.4300
knowledgeable	0.8650	0.4550
knuckle	0.6550	0.3330
knucklehead	0.1570	0.4850
knuckles	0.2710	0.4610
koala	0.6080	0.2100
kook	0.4170	0.4710
kooky	0.4180	0.5820
kool-aid	0.5310	0.3180
kos	0.5000	0.4710
kosher	0.4690	0.4430
kraut	0.3880	0.5000
kris	0.4270	0.4170
kryptonite	0.3060	0.6900
kudos	0.9250	0.5870
kumquat	0.4170	0.4260
lab	0.4790	0.5000
label	0.5820	0.2450
labor	0.5940	0.6390
laboratory	0.5710	0.4900
labored	0.6460	0.4510
laborer	0.5610	0.5100
laboring	0.7050	0.6440
laborious	0.3930	0.6350
labyrinth	0.4790	0.8110
lac	0.4080	0.4180
lace	0.6250	0.2000
laceration	0.1430	0.6670
lack	0.2500	0.3650
lackey	0.2600	0.5100
lacking	0.2290	0.3750
lackluster	0.2500	0.3110
lacquer	0.5100	0.3530
lacrosse	0.5730	0.6560
lactose	0.4790	0.2900
lad	0.6370	0.3880
ladder	0.5600	0.4380
laddie	0.6680	0.5390
laden	0.3920	0.4780
lading	0.3880	0.4630
ladle	0.5310	0.3680
lady	0.8540	0.4810
lady bug	0.4900	0.4340
ladybug	0.6020	0.4000
ladylike	0.5920	0.5590
ladyship	0.5610	0.4800
lag	0.2200	0.3750
lager	0.5840	0.4800
lagging	0.1350	0.5380
lagoon	0.6600	0.2310
lair	0.4690	0.4380
laity	0.5100	0.3200
lake	0.6940	0.1960
lama	0.5600	0.3200
lamb	0.6460	0.2840
lame	0.1450	0.4100
lament	0.1980	0.3980
lamenting	0.1560	0.3900
lamina	0.5100	0.3140
laminated	0.4170	0.3040
lamp	0.5100	0.2600
lamppost	0.4200	0.3370
lance	0.4060	0.6200
lancer	0.4170	0.5280
land	0.5820	0.2600
landed	0.7090	0.6200
landfall	0.5210	0.4340
landfill	0.3980	0.4230
landing	0.5520	0.6960
landlady	0.6770	0.3030
landlocked	0.2800	0.3910
landlord	0.6840	0.5000
landmark	0.6940	0.3550
lands	0.5940	0.2800
landscape	0.7190	0.1760
landscaping	0.8230	0.3790
landslide	0.2500	0.8640
lane	0.4490	0.4900
language	0.6770	0.3370
languid	0.2810	0.2700
languish	0.2350	0.4080
languishing	0.3080	0.4590
lanky	0.4120	0.4260
lantern	0.6220	0.2500
lap	0.5830	0.5100
lapdog	0.3880	0.4900
lapel	0.4600	0.2870
lapse	0.4200	0.3160
lapsed	0.3570	0.3330
laptop	0.7240	0.2700
larceny	0.2720	0.8210
lard	0.4270	0.2390
larder	0.6560	0.2900
large	0.7040	0.5650
larger	0.7290	0.6540
largo	0.5210	0.4800
lark	0.5700	0.2920
larva	0.2450	0.4230
laryngitis	0.1250	0.5000
larynx	0.4600	0.4200
lasagna	0.7190	0.4410
laser	0.4690	0.5310
lash	0.2350	0.7940
lass	0.6560	0.5360
lasso	0.4380	0.4600
lastday	0.3090	0.5800
lasting	0.8040	0.5350
lastminute	0.4180	0.5820
latch	0.3950	0.2630
late	0.2450	0.3580
lateness	0.2140	0.3880
latent	0.4690	0.5000
lateral	0.4690	0.3700
laterally	0.5620	0.2550
latex	0.4790	0.4130
lathe	0.5100	0.4500
lather	0.6350	0.3270
latitude	0.5620	0.3060
latrine	0.3800	0.3530
latrines	0.2140	0.4620
latte	0.6150	0.3200
lattice	0.4060	0.4200
laud	0.4930	0.4270
laudable	0.7400	0.4720
laudation	0.5420	0.5470
laudatory	0.6120	0.4170
laugh	0.9800	0.6390
laughable	0.5920	0.6270
laughing	0.9060	0.5960
laughingstock	0.4270	0.7790
laughs	0.8120	0.8460
laughter	0.9590	0.6540
launch	0.6840	0.8140
launcher	0.6770	0.7450
launches	0.4900	0.6630
launder	0.4790	0.4500
laundering	0.4390	0.3270
laundry	0.6440	0.2920
laureate	0.7240	0.4020
laurel	0.6460	0.1460
laurels	0.6840	0.2790
lava	0.2800	0.5390
lavage	0.6150	0.4670
lavatory	0.5100	0.4000
lavender	0.8120	0.1980
lavish	0.7920	0.6480
law	0.7400	0.5900
lawful	0.6600	0.3940
lawless	0.2190	0.6900
lawlessness	0.1560	0.8040
lawman	0.5100	0.5230
lawn	0.6860	0.1530
lawnmower	0.4800	0.5310
lawsuit	0.2190	0.7940
lawyer	0.5210	0.5690
lax	0.4300	0.4010
laxative	0.2710	0.5500
lay	0.5210	0.3360
layaway	0.4290	0.5100
layer	0.5000	0.2080
layered	0.5710	0.3060
layman	0.5310	0.3390
layout	0.6150	0.4420
layover	0.5200	0.3550
laziness	0.2710	0.2400
lazy	0.3920	0.2640
lazyday	0.3370	0.3190
lea	0.5830	0.2940
lead	0.3230	0.6570
leaded	0.4390	0.6250
leader	0.8330	0.5820
leadership	0.8700	0.6900
leading	0.8230	0.6980
leads	0.5300	0.4710
leaf	0.5830	0.1560
leaflet	0.4900	0.2060
leafy	0.6530	0.5300
league	0.6560	0.3400
leak	0.3780	0.8330
leakage	0.1880	0.7310
leaky	0.1700	0.6860
lean	0.7340	0.3530
leaned	0.5700	0.3730
leaning	0.4800	0.4090
leap	0.7500	0.6630
learn	0.8330	0.6430
learned	0.7040	0.4620
learner	0.6980	0.4750
learning	0.8330	0.5880
lease	0.5200	0.4630
leash	0.3200	0.3470
leather	0.5100	0.3240
leathery	0.4180	0.4710
leave	0.3750	0.3150
leavemealone	0.2400	0.4720
leaving	0.1630	0.5420
lecherous	0.1350	0.7040
lecture	0.5940	0.4620
lecturer	0.6770	0.5490
ledge	0.4060	0.2350
ledger	0.5100	0.3620
lee	0.5100	0.2690
leech	0.2500	0.6230
leeches	0.1150	0.6980
leer	0.6120	0.3480
leery	0.3370	0.6400
lees	0.3600	0.5670
leeway	0.5620	0.5770
left	0.3540	0.3700
leftout	0.2290	0.3650
leftover	0.4900	0.4600
leftovers	0.2190	0.3500
lefty	0.4900	0.4060
leg	0.5100	0.3730
legacy	0.7920	0.5290
legal	0.6530	0.3870
legality	0.7650	0.3430
legalize	0.5100	0.4600
legalized	0.7600	0.4400
legally	0.7710	0.4820
legend	0.8370	0.5190
legendary	0.8570	0.5370
legibility	0.7710	0.4810
legible	0.6730	0.2790
legion	0.4690	0.5700
legislate	0.5710	0.5820
legislation	0.5310	0.4180
legislative	0.6330	0.3650
legislator	0.4900	0.5800
legislature	0.5400	0.4350
legit	0.7470	0.4270
legitimacy	0.8230	0.4200
legitimate	0.7920	0.3630
lego	0.6000	0.2940
legs	0.4790	0.4070
legume	0.5200	0.3020
legwork	0.6220	0.5600
leisure	0.6310	0.4290
leisurely	0.8060	0.2500
lemma	0.5300	0.2840
lemon	0.5960	0.3170
lemonade	0.6610	0.2870
lend	0.5200	0.4610
lender	0.3400	0.5200
lending	0.5100	0.5850
length	0.4790	0.3080
lengthen	0.6190	0.4810
lengthened	0.4480	0.5300
lengthening	0.6730	0.5300
lengthwise	0.5710	0.4700
lengthy	0.5700	0.3420
leniency	0.5170	0.4360
lenient	0.5200	0.4510
lens	0.4200	0.2450
leopard	0.5420	0.7550
leotard	0.5100	0.4290
leper	0.0750	0.5890
leprechaun	0.4170	0.4800
leprosy	0.1300	0.6700
lesion	0.2400	0.6230
less	0.2650	0.2400
lessee	0.4170	0.4740
lessen	0.2350	0.2840
lessening	0.3750	0.3000
lesser	0.3960	0.1670
lesson	0.7040	0.5770
lessor	0.5520	0.4900
let	0.4270	0.3730
lethal	0.1560	0.8000
lethargic	0.2140	0.2450
lethargy	0.1940	0.3020
letter	0.6350	0.2790
lettered	0.5420	0.3610
letterhead	0.4500	0.3160
lettering	0.5410	0.1800
letters	0.6630	0.3270
lettuce	0.5940	0.1630
leukemia	0.0940	0.5720
levee	0.5200	0.3240
level	0.6220	0.2770
lever	0.4000	0.3430
leverage	0.4590	0.5000
levitate	0.5610	0.5980
levy	0.4380	0.4200
lewd	0.1880	0.6730
lexicon	0.5610	0.4630
ley	0.6040	0.3890
liabilities	0.4290	0.6080
liability	0.6460	0.5000
liable	0.6560	0.5190
liaison	0.6980	0.3370
liar	0.0420	0.6060
libel	0.1280	0.6940
libelous	0.1250	0.7350
liberal	0.5650	0.5650
liberalism	0.5620	0.7120
liberate	0.7600	0.6320
liberated	0.7800	0.6300
liberating	0.9150	0.6200
liberation	0.7450	0.6140
liberty	0.9380	0.5790
libido	0.7700	0.6020
librarian	0.6250	0.1350
library	0.7760	0.1220
libretto	0.6120	0.3280
lice	0.1330	0.5000
license	0.5000	0.3940
lichen	0.4180	0.3880
lick	0.4700	0.4820
licorice	0.6770	0.3100
lid	0.4900	0.1890
lie	0.1300	0.7250
liege	0.4790	0.4260
lien	0.3960	0.5800
lieu	0.4270	0.4100
lieutenant	0.5940	0.6120
life	0.9180	0.6150
lifeblood	0.6730	0.6900
lifeboat	0.7240	0.4250
lifeguard	0.8700	0.6060
lifeisgood	0.8120	0.5750
lifeless	0.0420	0.3330
lifelike	0.7760	0.5670
lifeline	0.7350	0.5520
lifelong	0.8230	0.3300
lifer	0.4270	0.5190
lifesaver	0.9080	0.7450
lifestyle	0.7500	0.4720
lifesucks	0.1670	0.6370
lifetime	0.8160	0.5590
lift	0.7040	0.5180
lifted	0.7140	0.4410
liftoff	0.5310	0.6670
ligament	0.4900	0.4100
ligation	0.3440	0.4230
ligature	0.4780	0.4300
light	0.7710	0.3200
light year	0.7190	0.4250
lightbulb	0.5730	0.2550
lighten	0.6880	0.4380
lightheaded	0.3470	0.6200
lighthouse	0.6220	0.2400
lighting	0.7650	0.4400
lightness	0.7940	0.3600
lightning	0.4290	0.6830
lights	0.7500	0.4800
lightweight	0.6700	0.3000
likable	0.8650	0.4800
like	0.7190	0.3530
likelihood	0.7600	0.4690
likely	0.6330	0.3560
likeness	0.6880	0.4100
likewise	0.6510	0.2170
liking	0.9630	0.6040
lilac	0.6880	0.1800
lily	0.6400	0.2450
limb	0.5100	0.3970
limber	0.6880	0.7290
limbo	0.3850	0.2840
lime	0.5940	0.2400
limelight	0.6670	0.6390
limestone	0.6020	0.3230
limey	0.4690	0.3470
limit	0.4270	0.4530
limitation	0.1900	0.4310
limited	0.2290	0.2730
limitless	0.6880	0.5740
limo	0.7600	0.3670
limousine	0.6380	0.5310
limp	0.3930	0.4400
lin	0.4160	0.3620
line	0.5410	0.1800
lineage	0.6330	0.4650
lineal	0.5210	0.1700
linear	0.6460	0.2500
linebacker	0.4900	0.6600
lined	0.4380	0.3670
linen	0.6560	0.3230
liner	0.4690	0.3960
lines	0.5420	0.3170
lineup	0.6350	0.4270
linger	0.4800	0.3110
lingerie	0.5430	0.4630
lingering	0.6300	0.6430
lingo	0.4480	0.3640
lingual	0.5000	0.4570
linguini	0.6250	0.3380
linguist	0.5830	0.3300
linguistic	0.6460	0.3510
linguistics	0.5520	0.3900
lining	0.5710	0.3630
link	0.4270	0.2640
linoleum	0.5100	0.3780
lint	0.3880	0.1730
lion	0.5320	0.7170
lip	0.5410	0.3480
liposuction	0.2920	0.6840
lipstick	0.6530	0.4290
liquefaction	0.4490	0.6220
liquefied	0.5620	0.4630
liqueur	0.6700	0.6120
liquid	0.5620	0.2350
liquidate	0.3270	0.6540
liquidation	0.4170	0.6250
liquidator	0.3540	0.6630
liquidity	0.6880	0.5290
liquor	0.6030	0.7020
lira	0.5300	0.2550
lisp	0.3650	0.4120
list	0.5280	0.2600
listen	0.7710	0.3600
listener	0.6670	0.3750
listenting	0.6400	0.3770
listing	0.4380	0.2730
listless	0.2190	0.3500
listneing	0.5310	0.3700
litany	0.5100	0.3650
liter	0.5730	0.2080
literacy	0.7300	0.3060
literal	0.5700	0.3530
literally	0.5710	0.3530
literary	0.7190	0.3240
literature	0.7080	0.2500
lithe	0.6560	0.5960
lithium	0.4170	0.3300
lithograph	0.5510	0.3270
lithography	0.5610	0.3460
lithology	0.5190	0.3780
lithosphere	0.4730	0.3330
litigant	0.2190	0.5770
litigate	0.2600	0.8190
litigation	0.3880	0.7600
litigator	0.4290	0.6300
litigious	0.3600	0.7360
litter	0.2550	0.5510
little	0.3850	0.1600
littlethings	0.7400	0.3110
littoral	0.5510	0.3870
liturgy	0.4900	0.3270
live	0.8800	0.6730
livelife	0.7920	0.6240
livelihood	0.6980	0.4810
lively	0.8470	0.8100
liven	0.7080	0.7130
liver	0.4390	0.2900
livery	0.5100	0.4170
livestock	0.7290	0.4200
livid	0.4690	0.7880
living	0.8650	0.6080
lizard	0.3780	0.3750
llama	0.4900	0.5900
lml	0.4480	0.5190
load	0.3850	0.4170
loader	0.5620	0.3770
loaf	0.7550	0.2500
loafer	0.2350	0.3960
loam	0.4690	0.3730
loan	0.5520	0.4800
loath	0.1350	0.7140
loathe	0.0940	0.7300
loathful	0.0680	0.7400
loathing	0.0830	0.7960
loathsome	0.1200	0.6940
lobby	0.6250	0.4270
lobbyist	0.3850	0.5270
lobe	0.4590	0.3640
lobotomy	0.2960	0.5980
lobster	0.5710	0.3560
local	0.6560	0.2690
locale	0.4490	0.3870
locality	0.5820	0.3360
localization	0.5520	0.3300
localize	0.5200	0.4810
localized	0.4900	0.4600
locate	0.5830	0.5200
location	0.6150	0.3750
locator	0.4800	0.4260
loch	0.4490	0.2350
lock	0.2710	0.5850
locker	0.4390	0.3000
locket	0.6150	0.3270
locksmith	0.5100	0.4170
lockup	0.2400	0.6020
loco	0.3060	0.7740
locomotion	0.4700	0.6000
locomotive	0.5420	0.6500
locust	0.4790	0.4120
lode	0.3650	0.4230
lodge	0.6560	0.3560
lodger	0.4800	0.4480
lodging	0.7130	0.2860
loft	0.5100	0.3780
lofty	0.7550	0.3060
log	0.5910	0.3710
logarithm	0.5200	0.4390
logarithmic	0.4690	0.4580
logic	0.6460	0.2450
logical	0.8050	0.4000
logistics	0.6330	0.5000
logo	0.4690	0.2960
logotype	0.4800	0.3370
loin	0.4200	0.2980
lollipop	0.6280	0.4830
lone	0.1980	0.2040
loneliness	0.1460	0.1820
lonely	0.2500	0.2260
loner	0.3470	0.1520
lonesome	0.2810	0.2130
long	0.5410	0.3530
longboat	0.5510	0.4540
longevity	0.7500	0.3530
longing	0.6040	0.4340
longitude	0.4790	0.3100
longitudinal	0.5420	0.3980
longitudinally	0.5410	0.3800
longtime	0.3620	0.4420
loo	0.3850	0.3570
look	0.7190	0.4290
looker	0.5830	0.3540
lookout	0.6980	0.5380
loom	0.5310	0.2450
looming	0.3670	0.7500
loon	0.4290	0.3920
loony	0.4390	0.4740
loop	0.5160	0.3430
loophole	0.4060	0.7550
loopy	0.4380	0.5200
loose	0.5730	0.3120
loosen	0.4870	0.3370
loosening	0.3780	0.3430
loot	0.6040	0.7110
lop	0.4290	0.3630
lopsided	0.1250	0.5000
lord	0.6180	0.3270
lords	0.5710	0.3560
lordship	0.5730	0.5570
lore	0.7190	0.3730
lorry	0.5210	0.4810
lose	0.1150	0.5380
loser	0.0830	0.5100
losing	0.0760	0.6860
loss	0.0620	0.5670
lost	0.1990	0.6630
lot	0.5310	0.2150
lotion	0.7240	0.2610
lots	0.6040	0.4170
lottery	0.7710	0.7310
lotto	0.7600	0.6350
lotus	0.6040	0.3770
loud	0.5730	0.6500
loudly	0.5410	0.7550
loudmouth	0.3370	0.6150
loudness	0.3500	0.5820
loudspeaker	0.4900	0.7350
lounge	0.5920	0.2450
lounging	0.7350	0.1670
louse	0.1840	0.4390
lousy	0.1250	0.4820
lovable	0.9480	0.3350
love	1.0000	0.5190
loved	0.9270	0.4520
lovee	0.9490	0.5920
loveee	0.9270	0.5920
loveless	0.1020	0.3650
lovelife	0.8370	0.6100
loveliness	0.9590	0.5090
lovelovelove	0.9480	0.5820
lovely	0.9170	0.4560
lovemaking	0.9690	0.9270
lovemylife	0.8960	0.8000
lover	0.8810	0.8160
lovesick	0.7960	0.8420
lovethis	0.8670	0.5520
loving	0.9480	0.6120
lovinglife	0.9790	0.4040
lovinlife	0.7140	0.4600
low	0.2920	0.2200
lowdown	0.3060	0.4410
lower	0.3270	0.2960
lowering	0.2860	0.3630
lowest	0.3120	0.3040
lowlands	0.3230	0.2900
lowlife	0.2960	0.5290
lowly	0.5620	0.2940
lox	0.4900	0.3730
loyal	0.8960	0.2650
loyalty	0.8850	0.4060
lsd	0.3750	0.4710
luau	0.5940	0.5450
lube	0.5520	0.4900
lubricant	0.6560	0.5500
lubricate	0.5520	0.4900
lubrication	0.6240	0.6460
lucid	0.7710	0.4900
luck	0.8540	0.4900
luckiest	0.9170	0.6900
lucky	0.9600	0.6100
luckygirl	0.7810	0.7120
lucrative	0.7290	0.5190
ludicrous	0.1370	0.5530
lug	0.3440	0.4430
luggage	0.5610	0.2260
lukewarm	0.5730	0.3000
lull	0.6020	0.1300
lullaby	0.7960	0.1560
lumbar	0.3230	0.4180
lumber	0.5170	0.1840
lumbering	0.3540	0.5610
lumberjack	0.5000	0.6600
luminescent	0.7960	0.5500
luminous	0.9180	0.3920
lump	0.4380	0.3370
lumpy	0.2710	0.3780
lunacy	0.1320	0.8470
lunar	0.5620	0.2960
lunatic	0.1250	0.7920
lunch	0.8800	0.4100
lunchbox	0.6630	0.3460
luncheon	0.8370	0.2400
lunchtime	0.8960	0.3980
lung	0.5100	0.2920
lunge	0.3540	0.7210
lungs	0.5310	0.3520
lurch	0.4040	0.6940
lure	0.4390	0.5650
lurid	0.1860	0.8330
lurk	0.2190	0.7400
lurking	0.4210	0.7810
luscious	0.8850	0.5520
lush	0.7400	0.7830
lust	0.4690	0.9440
luster	0.8330	0.5660
lustful	0.4270	0.8960
lustrous	0.7710	0.6060
lusty	0.4690	0.9410
lute	0.4590	0.4070
luxuriant	0.7600	0.7450
luxurious	0.9470	0.6440
luxury	0.9320	0.6730
lycra	0.5200	0.4490
lye	0.3780	0.3960
lying	0.2080	0.7040
lymph	0.3980	0.5100
lymphatic	0.3800	0.5090
lymphoma	0.2080	0.6450
lynch	0.1670	0.8850
lynching	0.1350	0.9200
lynx	0.5100	0.5900
lyre	0.7190	0.3470
lyric	0.7020	0.2690
lyrical	0.7080	0.4510
lyrics	0.5820	0.2140
macadamia	0.6350	0.3300
macarena	0.8020	0.6010
macaroni	0.8160	0.4100
mace	0.4500	0.4120
mach	0.5410	0.4320
machete	0.2600	0.6900
machine	0.5100	0.5000
machinery	0.4580	0.6150
machinist	0.4900	0.5980
macho	0.6430	0.6900
mackerel	0.4180	0.4230
macro	0.5520	0.4690
mad	0.2190	0.8730
madam	0.5800	0.3080
madame	0.6040	0.5000
madden	0.3290	0.6020
madder	0.3230	0.8530
mademoiselle	0.7520	0.4590
mademyday	0.6940	0.5730
madhouse	0.1560	0.7360
madman	0.1350	0.8800
madness	0.1040	0.8040
maestro	0.8230	0.3570
mafia	0.2040	0.8670
magazine	0.6150	0.3320
mage	0.6220	0.3730
magenta	0.6350	0.2750
maggot	0.2350	0.5000
magic	0.8680	0.6630
magical	0.8750	0.6510
magician	0.7140	0.6570
magistrate	0.5870	0.5410
magma	0.3230	0.6230
magna	0.6050	0.4900
magnate	0.6270	0.7080
magnesium	0.5420	0.3200
magnet	0.5710	0.3180
magnetic	0.6120	0.5290
magnetism	0.6300	0.5290
magnetite	0.5310	0.4900
magnification	0.8900	0.6150
magnificence	0.8020	0.8100
magnificent	1.0000	0.6800
magnifier	0.4690	0.2160
magnify	0.7290	0.5610
magnifying	0.5940	0.2650
magnitude	0.6080	0.6130
magnolia	0.5580	0.3430
magpie	0.5000	0.4580
mahi mahi	0.5100	0.4100
mahjong	0.5560	0.4180
mahogany	0.6020	0.2250
maid	0.4060	0.3240
maiden	0.7550	0.3960
mail	0.6150	0.2310
mailbox	0.5730	0.2220
mailing	0.6880	0.3240
mailman	0.6590	0.4180
maim	0.1330	0.7240
main	0.6670	0.5100
mainframe	0.5310	0.4900
mainland	0.6800	0.4070
mainstay	0.6940	0.4000
mainstream	0.6530	0.5270
maintain	0.6840	0.3980
maintenance	0.5920	0.4100
majestic	0.9480	0.7310
majesty	0.8230	0.6020
major	0.6840	0.5380
majority	0.6840	0.5600
make	0.6840	0.4200
makeover	0.7710	0.5100
maker	0.6980	0.5440
makeshift	0.4790	0.6110
makesmehappy	0.8940	0.6630
makesmemad	0.2960	0.6430
makeup	0.7400	0.3330
makingdisciples	0.6840	0.4020
malady	0.1900	0.6860
malaise	0.1500	0.6000
malaria	0.1250	0.6530
malarkey	0.3960	0.5000
malevolent	0.0940	0.8540
malfeasance	0.0620	0.7450
malformation	0.0830	0.6020
malfunction	0.1250	0.5770
malice	0.0730	0.8110
malicious	0.1770	0.7650
malign	0.1400	0.7650
malignancy	0.1490	0.8140
malignant	0.1430	0.8240
maligned	0.1020	0.6840
mall	0.7240	0.6630
malleable	0.5000	0.5000
mallet	0.3540	0.3900
malnutrition	0.0240	0.5920
malpractice	0.0940	0.5590
malt	0.7500	0.3730
mama	0.8600	0.4130
mambo	0.8080	0.6220
mamma	0.6000	0.3580
mammal	0.6180	0.4490
mammoth	0.4800	0.4710
mammy	0.6800	0.4150
manage	0.5600	0.5300
manageable	0.7500	0.3610
management	0.7920	0.4910
manager	0.6250	0.5490
managerial	0.6040	0.5200
mandamus	0.4390	0.5770
mandarin	0.6250	0.3980
mandate	0.4480	0.6700
mandatory	0.2710	0.6670
mandible	0.5100	0.4310
mandolin	0.7080	0.4330
mandrel	0.3100	0.4900
mane	0.5210	0.2770
maneuver	0.6150	0.6630
maneuvering	0.6350	0.6400
mange	0.3110	0.5580
manger	0.6560	0.2760
mangle	0.2920	0.4490
mango	0.7650	0.3270
mangosteen	0.5620	0.5000
mangy	0.2140	0.6980
manhole	0.3780	0.5000
manhood	0.6250	0.7350
manhunt	0.1450	0.9250
mania	0.2900	0.6830
maniac	0.1200	0.8490
maniacal	0.2000	0.8480
manic	0.0540	0.8920
manicure	0.7060	0.3080
manicurist	0.5830	0.3520
manifest	0.6670	0.6470
manifestation	0.5830	0.7500
manifested	0.5800	0.6180
manifestly	0.4690	0.5880
manifesto	0.6460	0.5190
manifold	0.5000	0.4610
manipulate	0.2550	0.7000
manipulation	0.1880	0.7750
manipulative	0.1770	0.7240
mankind	0.8230	0.4710
manly	0.6980	0.6330
manna	0.6980	0.2940
manned	0.5510	0.5880
mannequin	0.4270	0.3020
manner	0.6180	0.2500
mannered	0.4690	0.5560
manners	0.8160	0.2840
manor	0.6460	0.3580
manpower	0.5310	0.6200
mansion	0.8470	0.4900
mansions	0.7350	0.5290
manslaughter	0.0900	0.9200
mantel	0.5000	0.2650
mantis	0.4800	0.3550
mantle	0.5100	0.2690
mantra	0.3960	0.2490
manual	0.6350	0.2450
manufacture	0.8680	0.7030
manufacturer	0.6880	0.5370
manufacturing	0.6530	0.6130
manure	0.2500	0.4710
manuscript	0.5100	0.2080
map	0.5610	0.2290
maple	0.5410	0.3900
mar	0.6220	0.5440
marathon	0.6460	0.7780
marble	0.6040	0.2120
marbled	0.3960	0.3850
marbles	0.7140	0.3450
march	0.5310	0.2000
mare	0.5410	0.3200
margarine	0.5300	0.3160
margarita	0.7500	0.4380
margin	0.5000	0.2190
marginal	0.2350	0.6440
mariachi	0.7100	0.5590
marijuana	0.3120	0.7790
marinara	0.6570	0.3880
marine	0.6330	0.4710
mariner	0.6520	0.4910
marital	0.7600	0.5290
maritime	0.6460	0.4900
mark	0.4910	0.2310
marked	0.5920	0.3580
marker	0.5000	0.3330
market	0.7240	0.4800
marketable	0.7460	0.5450
marketing	0.5210	0.7740
marketplace	0.6980	0.4200
marks	0.4300	0.4800
marksman	0.5000	0.8330
marksmanship	0.5730	0.5310
marl	0.3720	0.4710
marmalade	0.7290	0.3700
maroon	0.4690	0.3580
marooned	0.2290	0.4800
marquee	0.6020	0.2840
marquis	0.5210	0.4440
marred	0.1810	0.5610
marriage	0.8440	0.6840
married	0.6740	0.5700
marrow	0.3980	0.4220
marry	0.8960	0.7650
marsh	0.3020	0.3580
marshal	0.4690	0.6100
marshmallow	0.7400	0.4410
mart	0.5310	0.4020
martial	0.4800	0.7100
martingale	0.4690	0.5100
martini	0.8280	0.5000
martyr	0.2810	0.7080
martyrdom	0.3230	0.7450
marvel	0.9610	0.7550
marvellous	0.8780	0.8090
marvelous	0.9480	0.6370
marvelously	0.9680	0.7080
marzipan	0.6840	0.3800
mascara	0.5750	0.4500
mascot	0.7500	0.3370
masculine	0.6530	0.5400
masculinity	0.5830	0.6700
mash	0.4400	0.3630
mashed	0.5310	0.3370
mask	0.5100	0.4900
masked	0.3750	0.5490
masks	0.5100	0.4720
masochism	0.1940	0.8450
masochist	0.1640	0.7840
mason	0.5410	0.4420
masquerade	0.4310	0.6330
mass	0.4580	0.2450
massacre	0.0310	0.8870
massage	0.7080	0.3560
masses	0.5520	0.4530
masseur	0.6220	0.2650
masseuse	0.5940	0.3730
massive	0.5690	0.6600
mast	0.5420	0.3900
master	0.6940	0.4900
masterful	0.8540	0.5100
mastermind	0.7920	0.6250
masterpiece	0.9260	0.6230
mastery	0.7550	0.6480
masturbate	0.5520	0.9260
masturbation	0.5420	0.9610
mat	0.4590	0.2210
matador	0.2240	0.8800
match	0.5990	0.5730
matchbook	0.5620	0.3910
matching	0.7190	0.7350
matchmaker	0.6150	0.5090
mate	0.8470	0.4170
material	0.5210	0.3630
materialism	0.2200	0.3900
materialist	0.2550	0.4910
materialistic	0.4200	0.5060
materiality	0.4170	0.4500
materialize	0.6880	0.5960
materially	0.4900	0.4510
materials	0.6330	0.3610
materiel	0.5310	0.2940
maternal	0.8470	0.4170
maternity	0.8650	0.4800
math	0.4170	0.3750
mathematical	0.6200	0.5000
mathematician	0.5410	0.4180
mathematics	0.4380	0.4350
matinee	0.6940	0.5780
mating	0.7550	0.8400
matriculation	0.6220	0.4900
matrimony	0.8500	0.6370
matrix	0.5510	0.3780
matron	0.5200	0.5190
matted	0.2810	0.5190
matter	0.4870	0.3530
matting	0.4790	0.4050
mattress	0.6120	0.2550
maturation	0.6120	0.4390
mature	0.6250	0.3470
maturity	0.8270	0.4000
maudlin	0.3370	0.4170
mausoleum	0.3440	0.2810
mauve	0.5330	0.3300
maverick	0.3540	0.6760
maxim	0.8750	0.5620
maximize	0.8230	0.7650
maximum	0.7240	0.7240
may	0.7040	0.2730
mayday	0.3440	0.6430
mayflower	0.6900	0.4630
mayhem	0.1880	0.8700
mayonnaise	0.5100	0.3200
mayor	0.4690	0.4810
maze	0.4380	0.6080
mead	0.6670	0.3370
meadow	0.6220	0.1300
meager	0.1440	0.3890
meal	0.8330	0.4610
mean	0.4400	0.4670
meander	0.4800	0.4430
meandering	0.4270	0.6440
meanie	0.3880	0.4200
meaning	0.6630	0.3950
meaningful	0.7700	0.5000
meaningless	0.1560	0.3140
meanness	0.1020	0.6940
means	0.6150	0.3730
meantime	0.4320	0.2220
measles	0.0920	0.6350
measurable	0.6040	0.4100
measure	0.5100	0.3750
measured	0.5420	0.2650
measurement	0.6220	0.4180
measuring	0.4480	0.3370
measuring cup	0.5570	0.3430
measuring tape	0.3370	0.2800
meat	0.6120	0.4210
meatball	0.6120	0.2790
meathead	0.3060	0.5340
meatloaf	0.6250	0.3890
mechanic	0.5710	0.4330
mechanical	0.4790	0.5690
mechanics	0.5420	0.5000
mechanism	0.5730	0.5830
med	0.3750	0.4290
medal	0.8540	0.5550
medallion	0.7500	0.5100
medallist	0.7960	0.8210
meddle	0.3020	0.7700
meddling	0.2450	0.6000
media	0.5000	0.3300
medial	0.4580	0.3400
median	0.4590	0.2160
mediate	0.6350	0.3080
mediation	0.6610	0.3500
mediator	0.5920	0.4380
medic	0.5000	0.4720
medical	0.5830	0.3730
medicate	0.4170	0.3750
medication	0.6150	0.4390
medicinal	0.6670	0.4170
medicine	0.7080	0.3180
medieval	0.5600	0.4080
mediocre	0.1880	0.4810
mediocrity	0.0730	0.3980
meditate	0.8120	0.1460
meditating	0.7180	0.1850
meditation	0.7860	0.1200
meditative	0.6140	0.1200
mediterranean	0.6630	0.4540
medium	0.5590	0.3560
medley	0.4870	0.3520
meek	0.5310	0.1500
meet	0.7600	0.5100
meeting	0.7500	0.5690
mega	0.7240	0.5380
meh	0.3800	0.2860
melancholic	0.1810	0.3060
melancholy	0.1880	0.2600
melee	0.5410	0.7040
mellow	0.6330	0.0690
melodious	0.9320	0.5300
melodrama	0.3780	0.8300
melodramatic	0.2350	0.6920
melody	0.8470	0.4340
melon	0.4610	0.2310
melt	0.4480	0.6150
meltdown	0.6290	0.6570
melting	0.5920	0.4700
member	0.6980	0.3330
membership	0.6980	0.4110
membrane	0.4060	0.4300
memento	0.7080	0.3600
memo	0.6250	0.2350
memoir	0.7500	0.2420
memorabilia	0.7800	0.4120
memorable	0.9390	0.5100
memorandum	0.6000	0.5000
memorial	0.6020	0.3040
memorials	0.7710	0.3330
memories	0.9630	0.4870
memoriesiwontforget	0.6350	0.5420
memorize	0.5200	0.4510
memory	0.7920	0.3780
menace	0.1250	0.8940
menacing	0.0420	0.8800
menagerie	0.5730	0.4800
mend	0.5420	0.4360
mending	0.5000	0.6330
menial	0.4900	0.4200
meningitis	0.1040	0.6120
meniscus	0.3230	0.3300
menopause	0.2040	0.4600
menses	0.1630	0.6860
menstrual	0.4080	0.5190
mental	0.4900	0.4900
mentalhealth	0.5620	0.5410
mentality	0.7110	0.4150
menthol	0.4900	0.2920
mention	0.5620	0.3650
mentor	0.7190	0.4550
menu	0.6330	0.3330
meow	0.5100	0.5100
mercantile	0.4800	0.4900
mercenary	0.2450	0.8370
merchandise	0.5940	0.4600
merchant	0.6750	0.5000
merciful	0.8540	0.3460
merciless	0.0620	0.8800
mercurial	0.4900	0.5460
mercury	0.3370	0.3120
mercy	0.7190	0.2290
mere	0.3960	0.2210
merengue	0.6880	0.5190
merge	0.7600	0.4800
merger	0.5920	0.4900
meridian	0.5100	0.3240
meridional	0.3650	0.2900
meringue	0.6250	0.5800
merit	0.8540	0.5000
meritorious	0.7810	0.6180
mermaid	0.7650	0.6230
merriment	0.9480	0.7210
merry	0.9790	0.7310
merrychristmas	0.8880	0.5100
mesa	0.6040	0.1910
mescaline	0.4900	0.5800
mesh	0.4290	0.2350
meshes	0.4400	0.3630
mesmerized	0.5200	0.5520
mess	0.1430	0.8430
message	0.6500	0.3910
messedup	0.3330	0.6150
messenger	0.6940	0.4340
messiah	0.7810	0.6340
messy	0.2600	0.6350
metabolic	0.4080	0.5310
metabolism	0.6980	0.5090
metal	0.5510	0.4290
metallic	0.6150	0.3300
metallurgy	0.3960	0.5090
metamorphosis	0.5410	0.5710
metaphor	0.5620	0.2800
metaphorical	0.5000	0.4120
metaphysical	0.6300	0.5730
metaphysics	0.5610	0.3960
metastasis	0.1770	0.6460
meteor	0.3980	0.7140
meteoric	0.5900	0.8020
meteorite	0.3850	0.7940
meteorological	0.6350	0.5570
meteorology	0.6300	0.4180
meter	0.4380	0.3000
meth	0.3540	0.5640
methadone	0.2400	0.5400
methane	0.2900	0.4600
methanol	0.2920	0.5000
method	0.6400	0.2750
methodical	0.6630	0.3600
methodology	0.6640	0.3270
meticulous	0.5550	0.4800
metime	0.5310	0.3980
metric	0.5190	0.2480
metrical	0.5210	0.3750
metrology	0.5310	0.4320
metropolis	0.6560	0.6250
metropolitan	0.3870	0.4080
mettle	0.6670	0.5290
mew	0.4180	0.4810
mezzanine	0.4790	0.4270
mica	0.5310	0.2500
mick	0.4490	0.4510
micro	0.5000	0.2700
microbe	0.2550	0.4500
microbiology	0.5710	0.3780
microchip	0.5510	0.3580
microcosm	0.5000	0.5000
microfilm	0.4690	0.3520
microgram	0.4480	0.2860
micrometer	0.5730	0.3580
micron	0.3750	0.2910
microphone	0.5510	0.4310
microscope	0.5310	0.3300
microscopic	0.3600	0.3270
microscopically	0.6230	0.3700
microscopy	0.5000	0.3390
microwave	0.5420	0.4970
mid	0.5000	0.3150
midair	0.6330	0.4130
midday	0.6580	0.2500
middle	0.4580	0.1570
middleman	0.5000	0.4040
middleweight	0.5100	0.3020
midget	0.3960	0.2950
midland	0.5210	0.4020
midlife	0.5940	0.2440
midline	0.3320	0.2240
midnight	0.5620	0.4700
midshipman	0.4690	0.6150
midst	0.3240	0.2750
midsummer	0.7810	0.4800
midterm	0.4270	0.3370
midtown	0.4790	0.4420
midway	0.4590	0.3160
midwife	0.5310	0.5700
midwifery	0.5100	0.5700
mien	0.5000	0.3520
miffed	0.2040	0.7260
mighty	0.8550	0.8370
mignon	0.5510	0.4400
migraine	0.1350	0.7830
migrate	0.4150	0.5800
migration	0.4920	0.7310
migratory	0.4480	0.5210
mike	0.5420	0.3650
mil	0.5340	0.3880
mild	0.6350	0.1980
mildew	0.3440	0.2500
mildness	0.8270	0.2260
mile	0.5210	0.4170
mileage	0.5100	0.4580
milestone	0.7190	0.3730
militant	0.4180	0.6670
militants	0.2600	0.6730
military	0.3960	0.7100
militia	0.3960	0.7290
milk	0.8170	0.2700
milkman	0.7500	0.3800
milkshake	0.7960	0.5210
milky	0.5170	0.2830
mill	0.5310	0.3820
millennium	0.5730	0.3980
milligram	0.4290	0.2170
millimeter	0.4270	0.1770
million	0.7760	0.6470
millionaire	0.9170	0.7550
millionth	0.6350	0.5280
millstone	0.5100	0.4330
mime	0.4550	0.2350
mimic	0.5570	0.5870
mimicking	0.3160	0.4330
mimicry	0.4200	0.3370
mince	0.4170	0.5290
mincemeat	0.3960	0.4350
mind	0.6500	0.3880
minded	0.6560	0.3940
mindful	0.7650	0.4500
mindfulness	0.7290	0.6350
mindless	0.1840	0.3330
mine	0.6880	0.4180
minefield	0.1880	0.8390
miner	0.4080	0.5940
mineral	0.5190	0.2870
mineralogy	0.5510	0.4080
mingle	0.5610	0.4800
mingled	0.5210	0.3920
mini	0.4210	0.3240
miniature	0.4290	0.2920
minibus	0.4390	0.3900
minim	0.5180	0.2080
minimal	0.4480	0.1470
minimize	0.3600	0.2360
minimized	0.4580	0.1370
minimum	0.3800	0.1980
mining	0.6330	0.5980
minion	0.4900	0.4300
minister	0.5470	0.4410
ministerial	0.5710	0.5190
ministry	0.5100	0.3460
minivan	0.5920	0.3560
mink	0.5600	0.5150
minnow	0.5410	0.3670
minor	0.2500	0.2350
minority	0.3100	0.3320
minstrel	0.4580	0.5410
mint	0.6880	0.2210
minty	0.6350	0.2920
minuscule	0.3960	0.2860
minute	0.5820	0.2790
minutiae	0.3230	0.2570
minx	0.4480	0.5190
mir	0.4170	0.3390
miracle	0.9170	0.6070
miracles	0.9220	0.7350
miraculous	0.8750	0.7060
mirage	0.5460	0.4870
mire	0.3440	0.3760
mirror	0.6770	0.3100
mirth	0.8880	0.6400
misappropriation	0.0970	0.8310
misbehave	0.0200	0.8470
misbehavior	0.0310	0.7040
miscalculation	0.1770	0.4900
miscarriage	0.0420	0.7810
miscellaneous	0.5310	0.3210
miscellany	0.5000	0.4120
mischief	0.3850	0.8340
mischievous	0.4390	0.8040
misconception	0.2100	0.5570
misconduct	0.0610	0.6670
misdemeanor	0.2100	0.6400
misdirection	0.1310	0.7100
miser	0.2080	0.6330
miserable	0.0620	0.4610
miserably	0.2800	0.5450
misery	0.1460	0.3780
misfire	0.1530	0.4530
misfit	0.1730	0.5000
misfortune	0.0940	0.7800
misguided	0.2800	0.5310
mishap	0.0710	0.6540
misinformed	0.1560	0.5670
misinterpretation	0.1120	0.5560
mislead	0.1670	0.7650
misleading	0.0700	0.6600
misled	0.1770	0.6060
mismanagement	0.0940	0.5200
mismatch	0.2500	0.4590
mismatched	0.2500	0.5570
misnomer	0.2960	0.5280
misplace	0.2290	0.4610
misplaced	0.2470	0.4500
misread	0.1150	0.5580
misrepresent	0.1980	0.5420
misrepresentation	0.3230	0.6180
misrepresented	0.0420	0.5190
miss	0.5730	0.4900
missile	0.2400	0.8300
missiles	0.0700	0.9220
missing	0.3060	0.4180
missingyou	0.2600	0.4710
mission	0.7650	0.6330
missionary	0.7290	0.4040
misspell	0.2920	0.4230
misstatement	0.3020	0.5470
missy	0.5210	0.4800
mist	0.3750	0.1940
mistake	0.2080	0.5850
mistaken	0.1310	0.6300
mister	0.6040	0.4060
mistletoe	0.5420	0.4700
mistreated	0.0100	0.7920
mistress	0.6300	0.7960
mistrial	0.4270	0.5390
mistrust	0.1350	0.6570
misty	0.4270	0.4510
misunderstand	0.1770	0.5480
misunderstanding	0.1120	0.6180
misunderstood	0.1770	0.6250
misuse	0.0830	0.5600
mite	0.2900	0.5840
miter	0.4580	0.5000
mitigate	0.5060	0.4270
mitigating	0.5510	0.5200
mitigation	0.4480	0.5270
mitt	0.4060	0.1830
mitten	0.5310	0.3300
mitzvah	0.4220	0.6100
mix	0.5420	0.4900
mixed	0.5100	0.3460
mixedemotions	0.4400	0.6730
mixer	0.5620	0.5000
mixture	0.5460	0.3600
mnemonic	0.5310	0.4800
moan	0.3570	0.7350
moat	0.3980	0.3800
mob	0.2960	0.7880
mobile	0.6150	0.5690
mobility	0.7000	0.5960
mobilization	0.6880	0.7200
mobilize	0.6040	0.6840
mobster	0.1880	0.8700
mocha	0.5000	0.3960
mock	0.3600	0.6060
mocked	0.2250	0.7460
mockery	0.0940	0.8060
mocking	0.0820	0.7550
mockingbird	0.5130	0.3370
mod	0.4580	0.3670
modal	0.5920	0.2640
modality	0.6330	0.4040
mode	0.5310	0.1850
model	0.6070	0.3880
modeler	0.5000	0.5100
modeling	0.6840	0.4040
modem	0.5730	0.3550
moderate	0.5820	0.1900
moderate anticipation	0.6670	0.4510
moderate disgust	0.2290	0.5580
moderate negative	0.1770	0.5000
moderate positive	0.8960	0.4530
moderate surprise	0.7760	0.6630
moderate trust	0.6770	0.3500
moderately	0.6040	0.2640
moderating	0.6670	0.4020
moderation	0.5310	0.2400
moderator	0.5190	0.3540
modern	0.8550	0.4230
modernism	0.7600	0.5530
modest	0.7600	0.1300
modesty	0.7780	0.2400
modicum	0.2340	0.4170
modifiable	0.5410	0.4220
modification	0.4800	0.5200
modified	0.5610	0.4580
modify	0.4580	0.5840
modulate	0.6730	0.3430
modulation	0.4580	0.3650
module	0.5820	0.3880
modulus	0.6220	0.3040
mogul	0.5100	0.6520
moiety	0.3780	0.3430
moist	0.4700	0.3160
moisture	0.4060	0.3980
moisturizer	0.7500	0.2800
molar	0.5440	0.4260
molasses	0.4900	0.2690
mold	0.3300	0.2740
molded	0.6670	0.3610
molding	0.5520	0.3080
moldy	0.2350	0.3870
mole	0.4360	0.3770
molecular	0.4950	0.4400
molecule	0.5310	0.2590
molest	0.1330	0.8160
molestation	0.1020	0.8080
molester	0.1430	0.8110
molten	0.4170	0.4900
mom	0.9270	0.3360
moment	0.6040	0.4350
momentary	0.5620	0.2710
momentous	0.7920	0.5870
momentum	0.6630	0.7500
momma	0.8330	0.4120
mommy	0.8540	0.3530
monad	0.5100	0.4820
monarch	0.5830	0.5590
monarchy	0.4500	0.5570
monastery	0.6940	0.1830
monastic	0.4380	0.3140
monetary	0.5830	0.4940
money	0.8440	0.6080
mongoloid	0.1770	0.3640
mongoose	0.3270	0.3800
mongrel	0.4250	0.4380
monitor	0.4900	0.2980
monk	0.4720	0.2080
monkey	0.5480	0.4490
mono	0.5000	0.3900
monochrome	0.3120	0.2920
monogamous	0.5100	0.3350
monogamy	0.5420	0.3800
monogram	0.4800	0.2100
monogrammed	0.5030	0.2700
monograph	0.5000	0.2420
monolayer	0.4270	0.2940
monolith	0.4290	0.3270
monologue	0.5000	0.2840
monopolist	0.3300	0.5900
monopoly	0.4490	0.5090
monotonous	0.3540	0.2210
monotony	0.3980	0.1350
monoxide	0.4330	0.4300
monsieur	0.5520	0.3400
monsoon	0.3580	0.6000
monster	0.1330	0.9350
monstrosity	0.0940	0.9330
monstrous	0.0940	0.9420
montage	0.4380	0.5200
monte	0.5890	0.3300
month	0.6880	0.2550
monthly	0.6220	0.3140
monument	0.8330	0.4040
monumental	0.6560	0.5940
moo	0.4380	0.3550
mooch	0.3780	0.4130
mood	0.7200	0.5000
moods	0.5780	0.6330
moody	0.2450	0.8110
moon	0.6730	0.2330
moonbeam	0.7000	0.2900
moonlight	0.8650	0.2640
moonlit	0.8730	0.2690
moonshine	0.6330	0.3890
moonstruck	0.5830	0.4380
moonwalk	0.6150	0.5860
moor	0.3110	0.4640
moored	0.3440	0.5000
mooring	0.3230	0.4900
moorings	0.4060	0.5000
moorland	0.4900	0.3700
moose	0.6480	0.3730
moot	0.3440	0.5000
mooted	0.3880	0.5800
mop	0.3960	0.4420
mope	0.4060	0.3090
moped	0.5820	0.5820
moral	0.7000	0.4590
morale	0.7290	0.1580
morality	0.7500	0.4080
morals	0.6460	0.4300
morass	0.3870	0.3480
moratorium	0.3370	0.4270
moray	0.5100	0.4020
morbid	0.0900	0.8330
morbidity	0.3700	0.6300
morbidness	0.1200	0.6940
mores	0.5820	0.3170
morgue	0.0220	0.5390
moribund	0.0830	0.4880
morn	0.5420	0.2840
morning	0.6880	0.2350
moron	0.1330	0.5870
moronic	0.1220	0.5000
morose	0.2400	0.6630
morph	0.4480	0.4690
morphine	0.2290	0.4900
morphism	0.3980	0.5490
morphology	0.5160	0.3730
morrow	0.7080	0.3140
morsel	0.4900	0.2960
mortal	0.1960	0.7860
mortality	0.2290	0.7260
mortar	0.3330	0.6270
mortgage	0.2550	0.4080
mortgagee	0.4180	0.6330
mortgagor	0.4310	0.5220
mortician	0.1040	0.4290
mortification	0.1350	0.6440
mortified	0.0730	0.7310
mortuary	0.1330	0.6060
mosaic	0.6350	0.2500
mosey	0.5210	0.4020
mosquito	0.2290	0.4000
moss	0.2350	0.2700
mossy	0.3750	0.3290
mote	0.3750	0.3880
motel	0.5310	0.3720
moth	0.3230	0.3500
mother	0.9310	0.4080
motherfucker	0.1220	0.8270
motherfucking	0.0710	0.8230
motherhood	0.8440	0.5460
motherland	0.6770	0.3750
motherless	0.1630	0.5410
motherly	0.9270	0.3240
motif	0.6880	0.4810
motion	0.6670	0.5380
motionless	0.3230	0.2100
motivate	0.8120	0.7760
motivating	0.9580	0.8200
motivation	0.8540	0.7840
motivational	0.9060	0.6460
motive	0.6670	0.5880
motley	0.4800	0.3980
motor	0.5310	0.5510
motorbike	0.5520	0.6080
motorboat	0.6770	0.5000
motorcade	0.7080	0.7300
motorcar	0.6940	0.5650
motorcycle	0.6770	0.7640
motorist	0.5620	0.6630
motte	0.4810	0.3890
mottled	0.3800	0.3360
motto	0.6880	0.3170
mould	0.3570	0.1760
mound	0.5200	0.4810
mount	0.5000	0.2920
mountain	0.6980	0.4080
mountaineer	0.6350	0.7740
mountainous	0.6350	0.5190
mountains	0.7660	0.4330
mountaintop	0.6530	0.5410
mourn	0.0560	0.5830
mournful	0.1800	0.4410
mourning	0.1770	0.4900
mouse	0.4270	0.4410
mousetrap	0.1800	0.6430
mousse	0.6040	0.3360
moustache	0.4700	0.2360
mousy	0.4800	0.4130
mouth	0.7340	0.2940
mouthful	0.6090	0.5650
mouthpiece	0.5730	0.3460
mouthwash	0.4380	0.3850
movable	0.4690	0.5090
move	0.6560	0.6470
movement	0.6560	0.6540
mover	0.6150	0.5390
movie	0.7920	0.5600
movies	0.7240	0.4260
moving	0.4790	0.6730
movingforward	0.8570	0.5180
movingon	0.4900	0.5290
mow	0.4200	0.5590
mower	0.4580	0.5100
moxie	0.5310	0.4900
mozzarella	0.6530	0.2650
mri	0.3650	0.4310
muchneeded	0.4380	0.6020
mucis	0.3980	0.4180
muck	0.3470	0.4230
mucked	0.1840	0.5000
mucous	0.3300	0.2960
mucus	0.1430	0.3090
mud	0.3330	0.2600
muddle	0.1840	0.7100
muddled	0.2500	0.6150
muddy	0.2920	0.4000
muff	0.5420	0.3350
muffin	0.6840	0.4300
muffled	0.4790	0.3300
muffler	0.3570	0.4070
mug	0.5420	0.2140
mugger	0.1250	0.8500
mulberry	0.4690	0.3150
mulch	0.3490	0.3610
mule	0.3200	0.3370
mull	0.6630	0.3400
mullet	0.5210	0.3560
multilateral	0.5000	0.4690
multimedia	0.6110	0.3900
multinational	0.6560	0.5100
multiple	0.6600	0.5100
multiple sclerosis	0.1880	0.5870
multiplex	0.6100	0.5900
multiplication	0.6460	0.5650
multiplicity	0.6770	0.4900
multiplied	0.8020	0.5590
multiplier	0.6430	0.6150
multiply	0.8020	0.6250
multitude	0.5620	0.7650
mum	0.8020	0.3170
mumble	0.2920	0.4440
mumbo	0.4290	0.5060
mummy	0.4000	0.5880
mumps	0.0990	0.4100
munch	0.5410	0.2770
munchies	0.5620	0.4700
munchkin	0.4900	0.4660
mundane	0.3120	0.4200
municipal	0.6250	0.3900
municipality	0.5690	0.2800
mural	0.5510	0.2650
murder	0.0610	0.9420
murderer	0.0100	0.9600
murderess	0.0410	0.9410
murderous	0.0170	0.9400
murky	0.1430	0.6180
murmur	0.4580	0.5200
muscle	0.3590	0.4900
muscular	0.5310	0.4340
muse	0.7600	0.3600
muses	0.7140	0.4340
museum	0.7920	0.2060
mush	0.5000	0.3110
mushroom	0.4900	0.2740
mushy	0.5200	0.2000
music	0.8330	0.5630
musical	0.9080	0.6300
musician	0.8160	0.5090
musing	0.7400	0.1510
musk	0.4690	0.4540
musket	0.2600	0.6540
musketeer	0.6940	0.5690
muskrat	0.4390	0.5100
muslin	0.4390	0.3040
muss	0.4180	0.4380
must	0.4080	0.3820
mustang	0.6350	0.6420
mustard	0.5000	0.3460
muster	0.6350	0.4600
musty	0.3540	0.3670
mutable	0.4260	0.5310
mutant	0.3370	0.6760
mutate	0.2810	0.5480
mutation	0.3650	0.6250
mute	0.2710	0.2000
muted	0.2600	0.1670
mutilate	0.1250	0.9000
mutilated	0.0410	0.8410
mutilation	0.1220	0.7820
mutiny	0.3230	0.8900
mutt	0.4180	0.4080
mutter	0.4060	0.4270
mutton	0.4270	0.2830
mutual	0.7290	0.3210
mutually	0.8440	0.4900
muzzle	0.3880	0.4300
myfavorite	0.8120	0.5870
myopia	0.2450	0.3870
myopic	0.3440	0.3960
myriad	0.4800	0.4290
mysterious	0.4480	0.6990
mystery	0.4170	0.6670
mystic	0.6430	0.5200
mystical	0.5940	0.4430
mysticism	0.5940	0.5980
mystified	0.3440	0.6000
mystique	0.6680	0.6330
myth	0.4580	0.4320
mythic	0.6350	0.5280
mythical	0.6250	0.5560
mythological	0.7600	0.5730
mythology	0.6840	0.4390
nab	0.4690	0.5440
nacho	0.6670	0.2590
nada	0.2500	0.2310
nadir	0.4790	0.3630
nag	0.2710	0.4510
nail	0.4690	0.3970
nail gun	0.3780	0.8060
naive	0.4060	0.2600
naked	0.3230	0.8850
nakedness	0.4800	0.7600
namaste	0.7190	0.2550
name	0.5730	0.3000
named	0.5620	0.3960
nameless	0.3440	0.2800
namesake	0.4180	0.3270
naming	0.6670	0.4100
nana	0.7650	0.2550
nanny	0.6150	0.3700
nanometer	0.3750	0.3560
nap	0.6600	0.0980
napalm	0.2650	0.5800
nape	0.4270	0.2680
napkin	0.4690	0.1420
napping	0.7650	0.0460
nappy	0.5290	0.3330
narcissism	0.2140	0.6390
narcissist	0.1730	0.6140
narcissistic	0.3230	0.7080
narcotic	0.1020	0.8580
narrate	0.5410	0.4800
narration	0.6220	0.4080
narrative	0.5800	0.3030
narrator	0.6730	0.4300
narrow	0.2600	0.3680
narrowing	0.3540	0.5930
nasal	0.4790	0.3400
nascent	0.6840	0.3730
nasty	0.1150	0.6200
natal	0.7550	0.4620
nation	0.5940	0.4430
national	0.6980	0.3650
nationality	0.6420	0.4000
nationwide	0.6840	0.2170
native	0.6350	0.4220
nativity	0.7500	0.3370
natural	0.8540	0.1180
natural gas	0.6350	0.3240
naturalist	0.8440	0.2550
naturalization	0.7810	0.2790
naturalized	0.7600	0.3330
naturally	0.8540	0.2760
nature	0.8570	0.1840
naught	0.3440	0.1760
naughty	0.4510	0.8570
nausea	0.1040	0.7810
nauseate	0.0620	0.6600
nauseating	0.0210	0.6400
nauseous	0.1350	0.7800
nautical	0.6460	0.2500
nautilus	0.3960	0.5090
naval	0.5420	0.4490
nave	0.5830	0.4480
navel	0.4480	0.2610
navigable	0.7490	0.4060
navigate	0.7400	0.5550
navigation	0.8410	0.4700
navigational	0.5730	0.4810
navigator	0.5830	0.5920
navy	0.5310	0.7600
nay	0.3440	0.2900
nearsighted	0.2710	0.3730
neat	0.8780	0.2350
neatly	0.8020	0.4120
nebula	0.5100	0.4180
nebulae	0.4900	0.3300
nebulous	0.4690	0.3470
necessarily	0.6670	0.4230
necessary	0.7500	0.4330
necessitate	0.5780	0.6040
necessities	0.5200	0.6300
necessity	0.5670	0.4710
neck	0.5410	0.2450
necklace	0.7600	0.2940
necktie	0.5830	0.2290
necromancer	0.3330	0.6250
necrosis	0.1150	0.6220
nectar	0.7460	0.3310
need	0.5100	0.5740
needalife	0.4900	0.4430
needed	0.6770	0.3420
needful	0.5820	0.4600
needit	0.2500	0.4720
needle	0.2500	0.4720
needlepoint	0.6530	0.5000
needles	0.2500	0.6020
needless	0.3270	0.3850
needtoknow	0.4270	0.6060
needtorelax	0.6730	0.4380
needy	0.3600	0.4510
nefarious	0.1840	0.7200
negation	0.2550	0.4610
negative	0.1020	0.5270
negativity	0.0600	0.5200
neglect	0.0450	0.5500
neglected	0.2710	0.3850
neglecting	0.1770	0.4410
negligee	0.3850	0.5200
negligence	0.0920	0.5700
negligent	0.1670	0.5830
negligently	0.0560	0.5830
negligible	0.1770	0.2920
negotiable	0.6880	0.5850
negotiate	0.6120	0.7080
negotiation	0.4900	0.6150
negotiator	0.6350	0.4710
negro	0.3540	0.3680
neigh	0.3780	0.6420
neighbor	0.6570	0.4480
neighborhood	0.3850	0.4690
neighboring	0.6560	0.3060
nemesis	0.2710	0.6880
neon	0.5940	0.4800
neonatal	0.5420	0.5290
neophyte	0.2860	0.3630
neoprene	0.3160	0.4510
nephew	0.7190	0.3370
nepotism	0.3490	0.5840
nerd	0.4080	0.4810
nerdy	0.2960	0.2550
nerve	0.1290	0.6980
nerves	0.3330	0.7830
nervous	0.2350	0.8200
nervousness	0.1630	0.9150
nervouswreck	0.1120	0.8670
nervy	0.2500	0.8300
ness	0.3960	0.4800
nest	0.6870	0.2210
nestle	0.6250	0.3080
nestling	0.6040	0.4270
net	0.4410	0.2880
nether	0.2400	0.2650
netting	0.3680	0.5090
nettle	0.4060	0.3240
network	0.5310	0.3370
networking	0.6250	0.4820
neural	0.5820	0.4260
neuralgia	0.0920	0.7060
neurological	0.5000	0.5400
neurologist	0.6080	0.5000
neurology	0.4590	0.5370
neurosis	0.1220	0.7660
neurosurgeon	0.5900	0.6730
neurosurgery	0.4900	0.6320
neurotic	0.1980	0.8010
neuter	0.6210	0.1630
neutral	0.4690	0.1840
neutrality	0.4690	0.2050
neutralize	0.5190	0.3630
neutron	0.4690	0.4400
new	0.9170	0.4900
new age	0.6940	0.5560
newbeginnings	0.8020	0.6130
newborn	0.9180	0.5800
newcomer	0.6220	0.3800
newday	0.8470	0.3880
newfound	0.7450	0.7410
newjob	0.7550	0.6430
newlife	0.8980	0.6460
newly	0.6880	0.4220
newlywed	0.8470	0.7060
newme	0.6430	0.5500
newness	0.7400	0.5220
news	0.6330	0.5800
newscast	0.5310	0.5090
newscaster	0.6460	0.5100
newsflash	0.6040	0.6370
newsletter	0.6220	0.3850
newsman	0.6040	0.4800
newspaper	0.6020	0.2830
newspaperman	0.5610	0.4580
newsreel	0.6250	0.5710
newsroom	0.5310	0.3920
newsstand	0.6150	0.2220
newstart	0.8020	0.5100
newt	0.4580	0.3800
newyear	0.9380	0.7840
nexus	0.4960	0.3680
nib	0.5100	0.2820
nibble	0.5510	0.5510
nice	0.9300	0.4420
niche	0.4590	0.4130
nichts	0.4060	0.2930
nick	0.5540	0.3880
nickel	0.5100	0.3470
nickname	0.4900	0.4700
nicotine	0.2350	0.6080
niece	0.7710	0.3200
nifty	0.7400	0.7450
nigh	0.6530	0.2160
night	0.5980	0.3960
nightcap	0.7500	0.1960
nightclub	0.8020	0.8940
nightfall	0.4900	0.4360
nightgown	0.6430	0.4080
nightie	0.6300	0.3880
nightingale	0.7400	0.3400
nightlife	0.5420	0.7830
nightly	0.6730	0.4100
nightmare	0.0050	0.8100
nightmares	0.0820	0.9420
nightstand	0.4900	0.1300
nightstick	0.5000	0.4610
nighttime	0.7350	0.3850
nihilism	0.3670	0.5100
nil	0.2860	0.1430
nimble	0.8330	0.7290
nimrod	0.3270	0.5000
nincompoop	0.3650	0.4310
nine	0.5520	0.2550
nineteen	0.6730	0.3040
ninety	0.4790	0.3490
ninja	0.5420	0.8440
ninny	0.3440	0.3430
nintendo	0.8020	0.5710
ninth	0.4900	0.2120
nip	0.2810	0.7000
nipper	0.3860	0.4220
nipple	0.4800	0.7860
nippy	0.5400	0.5000
nitrate	0.3880	0.4060
nitro	0.5000	0.6470
nitrogen	0.4270	0.4350
nitrous	0.4350	0.5610
nitwit	0.1460	0.6060
nix	0.3300	0.3800
no anticipation	0.3960	0.4800
no disgust	0.5100	0.3240
no emotion	0.1700	0.1090
no sentiment	0.0920	0.3820
no surprise	0.1710	0.2240
no trust	0.0550	0.4450
nobility	0.8440	0.3470
noble	0.9060	0.3450
nobleman	0.6750	0.2860
nobodycares	0.3650	0.4100
nocomplaints	0.6770	0.1640
nocturnal	0.5400	0.5000
nod	0.5900	0.3670
nodding	0.6940	0.2940
node	0.3960	0.3430
nodular	0.4380	0.3510
nodule	0.3120	0.4260
noggin	0.5100	0.4330
nohope	0.2000	0.4410
noir	0.3750	0.3940
noise	0.2600	0.8830
noisy	0.2710	0.8120
nomad	0.3750	0.4130
nomadic	0.4270	0.5190
nomenclature	0.5000	0.2220
nominal	0.5940	0.2500
nominate	0.6150	0.4710
nomination	0.6630	0.6370
nominee	0.6620	0.6250
nonce	0.4220	0.3700
nonchalant	0.3120	0.3140
noncompliance	0.1120	0.5980
nondescript	0.4900	0.4340
nonexistent	0.2080	0.4290
nonfat	0.6040	0.2600
nonfiction	0.4260	0.3150
nonpayment	0.2290	0.5100
nonresident	0.2500	0.3400
nonsense	0.2140	0.5310
nonsensical	0.1730	0.2680
nonviolent	0.6400	0.2870
noob	0.4170	0.4300
noodle	0.6330	0.2160
nook	0.4800	0.3210
noon	0.5310	0.3430
noose	0.3560	0.3000
nopoint	0.2760	0.3240
noregrets	0.4690	0.4760
norm	0.5000	0.2450
normal	0.7400	0.1270
normalcy	0.8050	0.1510
normality	0.7810	0.0890
north	0.5310	0.2550
northbound	0.6040	0.4540
northeast	0.5620	0.2600
northern	0.5700	0.3400
northwest	0.6040	0.3450
northwestern	0.4790	0.3060
noschool	0.4900	0.4000
nose	0.5820	0.2700
nosebleed	0.1530	0.7760
nosey	0.2760	0.6550
nosnow	0.3920	0.3940
nostalgia	0.4170	0.3370
nostalgic	0.4580	0.3510
nostress	0.5310	0.4040
nostril	0.3960	0.4040
nosun	0.3880	0.3800
nosy	0.2920	0.5580
not negative	0.6220	0.2700
not positive	0.0510	0.3700
notable	0.7600	0.4500
notables	0.5940	0.6080
notably	0.7920	0.5330
notamorningperson	0.4690	0.5780
notary	0.5410	0.4510
notation	0.6350	0.3800
notch	0.4590	0.3610
notched	0.4800	0.5300
note	0.5940	0.1630
notebook	0.4490	0.1670
noted	0.6150	0.3820
noteworthy	0.7040	0.4810
nothappy	0.1120	0.3200
nothingbetter	0.6350	0.3900
nothingness	0.2040	0.0800
notice	0.6460	0.4080
noticeable	0.8900	0.5620
notification	0.6040	0.4610
notify	0.6430	0.4710
notion	0.6120	0.2840
notional	0.5200	0.2880
notoriety	0.5520	0.6330
notorious	0.3660	0.5820
notready	0.1330	0.4000
notwithstanding	0.3670	0.3160
nought	0.3120	0.0980
noun	0.5310	0.2300
nourish	0.8780	0.4600
nourishment	0.7860	0.2900
nouveau	0.6330	0.4380
novel	0.7020	0.3520
novelist	0.3400	0.3430
novelty	0.6730	0.5210
novice	0.4290	0.3460
nowadays	0.6800	0.3460
nowork	0.3120	0.2640
noworries	0.6300	0.4020
noxious	0.1770	0.5850
nozzle	0.4380	0.3300
nuance	0.4080	0.2820
nuances	0.4900	0.3750
nuclear	0.2190	0.8560
nucleus	0.5290	0.2960
nude	0.4900	0.9150
nudge	0.4480	0.5000
nudie	0.5000	0.5290
nudist	0.4400	0.7960
nudity	0.4380	0.8530
nugget	0.6020	0.3400
nuisance	0.1980	0.8170
nuke	0.1250	0.9050
nul	0.3370	0.3580
null	0.2530	0.1470
nullify	0.2550	0.3730
numb	0.1080	0.4200
number	0.4060	0.2310
numbering	0.5100	0.3630
numbers	0.4060	0.2410
numbness	0.3060	0.3980
numbskull	0.3000	0.4720
numeral	0.5820	0.2540
numerator	0.4900	0.3170
numerical	0.4790	0.3220
numerically	0.5100	0.3370
numerous	0.6220	0.4620
nun	0.5000	0.1500
nunchucks	0.3370	0.5800
nunnery	0.6530	0.2360
nuptials	0.7710	0.5880
nurse	0.6350	0.5780
nursemaid	0.6150	0.4310
nursery	0.8940	0.4060
nursing	0.5520	0.5490
nurture	0.7450	0.3780
nut	0.3650	0.3100
nutcase	0.2860	0.7750
nutcracker	0.6350	0.3780
nuthouse	0.3470	0.5190
nutmeg	0.6350	0.3020
nutrition	0.8850	0.4200
nutritional	0.8120	0.4060
nutritious	0.8330	0.3370
nutritive	0.8750	0.4220
nuts	0.5940	0.2500
nutshell	0.4580	0.4070
nutty	0.4440	0.3170
nylon	0.4900	0.3040
nylong	0.4390	0.2480
nylons	0.5560	0.3790
nymph	0.5420	0.5290
nymphomaniac	0.3980	0.8940
oaf	0.3440	0.3570
oak	0.5830	0.2450
oar	0.4690	0.3920
oasis	0.7960	0.2830
oat	0.6220	0.1700
oath	0.5430	0.6150
oatmeal	0.5920	0.1920
obedience	0.7650	0.2870
obedient	0.8000	0.1790
obediently	0.8020	0.3040
obelisk	0.6040	0.4080
obese	0.1330	0.4270
obesity	0.2150	0.3700
obey	0.6770	0.4330
obi	0.4690	0.4420
obit	0.4100	0.4640
obituary	0.1880	0.3300
object	0.5310	0.3560
objection	0.3470	0.5920
objectionable	0.4590	0.3820
objective	0.7240	0.3370
objectivity	0.7650	0.4310
obligation	0.2220	0.5960
obligatory	0.3370	0.5710
oblige	0.2810	0.7700
obliged	0.3270	0.6800
obliging	0.7400	0.4020
obligor	0.3020	0.6000
oblique	0.4380	0.3470
obliterate	0.2500	0.5390
obliterated	0.2400	0.4690
obliteration	0.1770	0.6220
oblivion	0.1530	0.3300
oblivious	0.2290	0.3880
oblong	0.5610	0.4550
obnoxious	0.0880	0.6020
oboe	0.5100	0.3400
obscene	0.0500	0.7450
obscenity	0.0830	0.8430
obscure	0.3700	0.5510
obscured	0.1150	0.3560
obscurity	0.2080	0.3920
observance	0.5310	0.3150
observant	0.7400	0.4220
observation	0.6330	0.4330
observatory	0.6430	0.3240
observe	0.7710	0.3900
observer	0.6630	0.3630
observing	0.5830	0.4000
obsess	0.1120	0.8460
obsessed	0.2190	0.8400
obsessing	0.1730	0.7730
obsession	0.2290	0.8470
obsessive	0.2190	0.8230
obsolescence	0.2500	0.4310
obsolete	0.3370	0.3210
obstacle	0.2040	0.7080
obstetrician	0.5210	0.6360
obstetrics	0.5300	0.5820
obstinate	0.1460	0.6960
obstruct	0.1150	0.6600
obstruction	0.1250	0.7420
obstructive	0.2040	0.6500
obtain	0.7600	0.4380
obtainable	0.6770	0.3270
obtuse	0.2810	0.4600
obverse	0.4700	0.3940
obvious	0.6250	0.3360
ocarina	0.5410	0.3920
occasion	0.7000	0.4510
occasional	0.4900	0.2980
occasionally	0.5380	0.2400
occipital	0.3980	0.4080
occlusion	0.3060	0.4390
occult	0.2920	0.3820
occupancy	0.6250	0.4710
occupant	0.5000	0.4170
occupation	0.5620	0.4700
occupational	0.5830	0.4690
occupied	0.3370	0.5460
occupier	0.4270	0.4380
occupy	0.3960	0.5200
occupying	0.5730	0.4620
occur	0.4510	0.5610
occurrence	0.5730	0.6900
ocd	0.3330	0.4720
ocean	0.8230	0.3080
oceanic	0.7400	0.3170
octagon	0.6020	0.3490
octave	0.4380	0.3800
octopus	0.7130	0.3780
ocular	0.4180	0.3700
odd	0.2650	0.3370
oddball	0.3160	0.3600
oddity	0.3120	0.5570
odds	0.5000	0.4720
ode	0.6040	0.2690
odious	0.2350	0.7080
odometer	0.3670	0.4700
odor	0.3370	0.3630
odyssey	0.6220	0.6920
oedipal	0.3120	0.5750
oestrogen	0.5210	0.6080
oeuvre	0.6530	0.4840
offal	0.3020	0.4700
offence	0.3120	0.7980
offend	0.0940	0.8040
offended	0.1880	0.6900
offender	0.1040	0.8510
offense	0.2300	0.7650
offensive	0.1350	0.8820
offer	0.7500	0.7450
offered	0.5820	0.4900
offering	0.6880	0.4620
offhand	0.3880	0.5000
office	0.4270	0.3020
officer	0.5420	0.4300
offices	0.4690	0.3120
official	0.6460	0.5650
officiate	0.6880	0.4530
offing	0.4900	0.4120
offload	0.4790	0.4440
offset	0.7190	0.3940
offshoot	0.5170	0.3300
offshore	0.4170	0.4840
offside	0.3230	0.5190
offspring	0.6560	0.4350
oft	0.5000	0.3080
oftentimes	0.5710	0.5000
ogre	0.1350	0.6980
ohdear	0.4580	0.5190
ohgod	0.5000	0.5570
ohno	0.3960	0.4750
ohshit	0.2300	0.5940
oil	0.5210	0.2780
oils	0.4590	0.2290
oily	0.2760	0.5330
oink	0.5000	0.4500
ointment	0.4380	0.2710
okra	0.4690	0.4000
olden	0.2840	0.2130
oldie	0.3630	0.3630
oldies	0.4380	0.3000
olfactory	0.6020	0.4090
oligarchy	0.3270	0.5670
olive	0.5710	0.2310
omega	0.5290	0.3370
omelet	0.7080	0.3230
omen	0.3900	0.6570
omgomgomg	0.4900	0.5510
ominous	0.2550	0.7300
omission	0.3670	0.3330
omit	0.3300	0.2650
omitted	0.2600	0.2350
omnibus	0.4900	0.4100
omnipotence	0.6670	0.7930
omnipotent	0.7190	0.6790
omnipresent	0.6880	0.4520
omniscient	0.6560	0.3340
onboard	0.6120	0.4510
oncologist	0.2600	0.6540
oncology	0.2040	0.4240
oncoming	0.5940	0.6250
one	0.5420	0.2920
oneday	0.6670	0.2450
onedge	0.4790	0.5520
onelove	0.8160	0.5770
oneness	0.7450	0.2720
onerous	0.5000	0.4800
oneself	0.6600	0.3370
ongoing	0.6740	0.4840
onion	0.3780	0.3670
onset	0.6730	0.4970
onslaught	0.1980	0.9390
onstage	0.7190	0.6730
ontology	0.5100	0.4500
onus	0.5620	0.5200
onward	0.6670	0.5380
onyx	0.5710	0.4610
oodles	0.4900	0.3740
oomph	0.4490	0.6130
ooze	0.3440	0.5770
oozing	0.2380	0.5150
op	0.4800	0.4020
opacity	0.4710	0.2510
opal	0.6230	0.4790
opaque	0.3440	0.2650
ope	0.3750	0.3800
open	0.6200	0.4800
opener	0.5840	0.5260
opening	0.6670	0.5100
openly	0.6030	0.3880
openness	0.8370	0.5610
opera	0.7140	0.5000
operate	0.5820	0.6900
operatic	0.3750	0.4520
operation	0.4750	0.6110
operational	0.5620	0.5700
operations	0.4800	0.5490
operative	0.5410	0.6350
operator	0.6120	0.6300
ophthalmic	0.4270	0.3850
ophthalmologist	0.5520	0.3890
opiate	0.2810	0.5940
opinion	0.5940	0.4820
opinionated	0.1560	0.8000
opium	0.2760	0.4900
opponent	0.0800	0.7410
opportune	0.7960	0.5380
opportunism	0.5710	0.7520
opportunity	0.9380	0.7450
oppose	0.4310	0.8000
opposed	0.0920	0.4600
opposing	0.1880	0.6600
opposite	0.2350	0.5450
opposites	0.2810	0.5180
opposition	0.1350	0.7290
oppress	0.1860	0.6540
oppressed	0.1190	0.6400
oppression	0.0800	0.6730
oppressive	0.2760	0.5900
oppressor	0.1600	0.7760
ops	0.4170	0.5500
opt	0.5100	0.4710
optic	0.6630	0.3840
optical	0.6770	0.3110
optics	0.5620	0.2860
optimism	0.9490	0.5650
optimist	0.8750	0.5390
optimistic	0.9790	0.5800
optimum	0.8920	0.4690
option	0.5120	0.4270
optional	0.7550	0.3500
optionally	0.3650	0.4050
options	0.6220	0.3270
optometrist	0.4460	0.4550
opulence	0.6200	0.6150
opulent	0.5620	0.6600
opus	0.4580	0.3680
oracle	0.5520	0.5310
oral	0.5300	0.4480
orange	0.6460	0.1320
orange juice	0.7190	0.3430
orangutan	0.4300	0.5600
oration	0.6460	0.3150
orator	0.6670	0.3750
oratory	0.6020	0.4720
orb	0.4630	0.3700
orbit	0.5610	0.4220
orbital	0.4580	0.4510
orbiting	0.5200	0.6430
orbs	0.4690	0.3550
orc	0.2400	0.5100
orchard	0.7600	0.2690
orchestra	0.7080	0.5000
orchid	0.8400	0.3450
ordained	0.7350	0.4090
ordeal	0.3440	0.5390
order	0.7800	0.2950
orderly	0.8440	0.2400
ordinance	0.6150	0.4520
ordinary	0.3750	0.3120
ordination	0.6880	0.4900
ordnance	0.3540	0.8250
ore	0.5000	0.3330
oregano	0.5960	0.3270
organ	0.5100	0.4690
organic	0.7190	0.3430
organism	0.4570	0.5590
organist	0.7400	0.4690
organization	0.8100	0.5350
organize	0.8020	0.6550
organized	0.8160	0.3370
organizer	0.6040	0.5770
orgasm	0.8440	0.8630
orgies	0.3880	0.9530
orgy	0.3460	0.9620
orient	0.6670	0.4220
oriental	0.5920	0.4090
orientation	0.6670	0.4540
orifice	0.4480	0.3550
origami	0.6840	0.2760
origin	0.7290	0.4350
original	0.7650	0.4800
originality	0.8980	0.5000
originate	0.7020	0.5000
origination	0.7600	0.4430
originator	0.5920	0.5100
ornament	0.5610	0.3730
ornamental	0.6630	0.3920
ornamentation	0.6630	0.4710
ornamented	0.6770	0.3500
ornate	0.8120	0.3560
ornery	0.3610	0.5200
orphan	0.1330	0.3880
orphanage	0.1840	0.4390
orphaned	0.0620	0.4300
orthodontist	0.4690	0.6150
orthodox	0.3880	0.4710
orthodoxy	0.2710	0.3880
orthogonal	0.5000	0.3140
orthopedic	0.4060	0.3460
oscillate	0.4490	0.5800
oscillating	0.4690	0.5480
oscillation	0.5620	0.4330
oscillatory	0.3750	0.5200
ostensible	0.5420	0.5490
ostensibly	0.4730	0.5290
ostentatious	0.4790	0.7940
ostracized	0.1150	0.6900
ostrich	0.5920	0.3820
other	0.4720	0.2300
otter	0.4390	0.2160
otto	0.4270	0.4250
ottoman	0.5310	0.3370
ought	0.4380	0.5110
ounce	0.5310	0.2550
oust	0.2960	0.7160
outage	0.3060	0.6840
outback	0.5000	0.3240
outbid	0.5940	0.6220
outboard	0.4480	0.4910
outbreak	0.2600	0.6320
outburst	0.2090	0.8020
outcast	0.1530	0.4490
outcome	0.6150	0.4720
outcry	0.2710	0.7730
outdated	0.1670	0.2360
outdo	0.7710	0.7500
outdoor	0.8140	0.2560
outdoors	0.7810	0.4440
outer	0.5520	0.4710
outfit	0.7600	0.4900
outgoing	0.6500	0.4720
outgrow	0.5100	0.5290
outgrowth	0.7710	0.6200
outhouse	0.2810	0.5190
outing	0.7710	0.6720
outlandish	0.4480	0.7370
outlast	0.6200	0.7860
outlaw	0.2550	0.6620
outlet	0.6100	0.3960
outline	0.5420	0.3650
outlines	0.6560	0.4020
outlive	0.5650	0.7690
outlook	0.8300	0.5250
outlying	0.4600	0.5620
outnumber	0.3470	0.6150
outpatient	0.2600	0.4000
outpost	0.6350	0.5710
outpouring	0.5620	0.6850
output	0.6040	0.3890
outrage	0.0600	0.6890
outraged	0.1560	0.6960
outrageous	0.1530	0.9450
outrank	0.6530	0.6430
outreach	0.5400	0.4620
outright	0.7670	0.3960
outrun	0.5310	0.8330
outset	0.7500	0.5000
outsider	0.3980	0.5490
outskirts	0.4740	0.5190
outsmart	0.6730	0.6570
outspoken	0.5820	0.4130
outstanding	0.8980	0.7600
outstretched	0.4480	0.4810
outward	0.4490	0.4390
outwards	0.4400	0.4720
outweigh	0.4860	0.6000
outwit	0.3020	0.7550
oval	0.4170	0.2800
ovary	0.4690	0.3990
ovate	0.3850	0.2860
ovation	0.7190	0.7580
oven	0.5830	0.4250
overactive	0.6670	0.8850
overall	0.5830	0.3700
overalls	0.5000	0.3920
overbearing	0.3230	0.8330
overburden	0.1150	0.7550
overcast	0.4170	0.2500
overcharged	0.2760	0.7800
overcoat	0.5940	0.2650
overcome	0.7190	0.6890
overcoming	0.8420	0.7650
overcrowded	0.2920	0.5200
overdo	0.1560	0.8640
overdose	0.1100	0.8200
overdrive	0.3030	0.7150
overdue	0.1250	0.4270
overestimate	0.3670	0.7960
overestimated	0.3440	0.6460
overflow	0.3980	0.7920
overflowing	0.4390	0.7960
overgrown	0.3330	0.5000
overgrowth	0.4170	0.7900
overhanging	0.6980	0.7550
overhaul	0.5000	0.6510
overhead	0.3440	0.7000
overhear	0.6500	0.3650
overheated	0.2500	0.5980
overjoyed	0.9080	0.7080
overkill	0.3790	0.8610
overlaid	0.6200	0.6100
overlap	0.5940	0.6150
overlapping	0.5950	0.5780
overlay	0.5640	0.5960
overload	0.3810	0.6900
overlook	0.2920	0.4180
overlord	0.7500	0.7550
overlying	0.5000	0.5190
overpaid	0.4290	0.6700
overpass	0.5620	0.5610
overplayed	0.2240	0.7980
overpower	0.4480	0.8590
overpowering	0.3920	0.7790
overpriced	0.2710	0.5560
overprotective	0.4480	0.6730
overrated	0.3120	0.6300
overreact	0.3060	0.9120
override	0.3160	0.4910
overriding	0.2400	0.4900
overrule	0.2240	0.4120
overrun	0.2710	0.7640
oversee	0.5410	0.6490
overseer	0.5520	0.5200
overshadow	0.3330	0.5490
oversight	0.3850	0.6180
oversized	0.5520	0.5400
overslept	0.4080	0.3150
overstate	0.2810	0.7790
overstock	0.3440	0.5920
overt	0.7080	0.3260
overtake	0.5730	0.6200
overtaken	0.5940	0.5520
overthemoon	0.6430	0.5310
overthinker	0.4300	0.6060
overthinking	0.4080	0.7610
overthrow	0.2600	0.8680
overtime	0.4470	0.5040
overtired	0.2100	0.3570
overture	0.4900	0.4020
overturn	0.2400	0.7650
overview	0.6150	0.3800
overweight	0.0520	0.5000
overwhelm	0.2500	0.8230
overwhelmed	0.3410	0.6800
overwhelming	0.3270	0.8300
overworked	0.1330	0.6700
overwrought	0.1560	0.9000
overzealous	0.4270	0.8040
owe	0.5000	0.4290
owing	0.3960	0.3070
owl	0.5200	0.2700
owner	0.7760	0.4490
ownership	0.6280	0.4450
ox	0.4170	0.3960
oxidation	0.4530	0.4150
oxide	0.3540	0.3770
oxygen	0.9080	0.3100
oxymoron	0.4270	0.4810
oyster	0.5000	0.3110
ozone	0.5600	0.3450
pace	0.5100	0.3800
pacemaker	0.4480	0.5690
pacific	0.6270	0.1180
pacified	0.8020	0.1940
pacifier	0.6150	0.3420
pacifist	0.6630	0.1530
pacify	0.8120	0.2830
pacing	0.5830	0.5510
pack	0.5100	0.3470
package	0.5710	0.4330
packaging	0.6040	0.3930
packer	0.5200	0.4800
packet	0.5820	0.3850
pact	0.4420	0.4440
pad	0.6840	0.2790
padded	0.6060	0.2120
padding	0.5610	0.3980
paddle	0.5610	0.3750
paddle boat	0.6630	0.3730
paddock	0.4800	0.4290
paddy	0.6530	0.3300
padlock	0.4590	0.2840
padre	0.6840	0.4070
paean	0.5520	0.5470
pagan	0.2920	0.5780
paganism	0.2400	0.6400
page	0.6770	0.2240
pageant	0.7190	0.6670
pager	0.5100	0.5260
pagination	0.4590	0.3330
paging	0.5420	0.3980
pagoda	0.5710	0.2590
pail	0.4480	0.1770
pain	0.0120	0.7650
pained	0.1120	0.5000
painful	0.0500	0.7420
painfully	0.1560	0.7200
painkiller	0.4870	0.3120
painless	0.7850	0.1730
pains	0.1060	0.6730
painstaking	0.3960	0.3350
paint	0.6670	0.3430
paintball	0.6150	0.7450
paintbrush	0.7140	0.2260
painted	0.6670	0.3330
painter	0.6770	0.3660
painting	0.7920	0.3240
pair	0.5520	0.3170
paisley	0.5310	0.3270
pajama	0.9080	0.1570
pajamas	0.7190	0.1700
pal	0.8120	0.4260
palace	0.8780	0.5100
palatable	0.8230	0.5000
palate	0.6250	0.3500
pale	0.2810	0.2590
paleontology	0.4380	0.3080
palette	0.5900	0.3330
pall	0.2770	0.3870
palladium	0.4700	0.3800
pallet	0.6040	0.2410
palliative	0.5480	0.3940
palm	0.5310	0.1940
palmer	0.4800	0.2690
palomino	0.6160	0.3490
palpable	0.5520	0.3430
palpitations	0.4170	0.7020
palsy	0.0830	0.4460
paltry	0.3330	0.4910
pamper	0.7920	0.3210
pamphlet	0.5300	0.2500
pan	0.7340	0.1820
panacea	0.4200	0.4270
panache	0.5100	0.3630
pancake	0.8020	0.2740
pancakes	0.8440	0.3730
pancreas	0.4690	0.3020
panda	0.6460	0.1940
pandemic	0.1600	0.7900
pandemonium	0.2290	0.8850
pane	0.3850	0.2500
panel	0.4690	0.3210
pang	0.1460	0.5950
panhandle	0.4410	0.4310
panic	0.0620	0.9380
panicattack	0.2550	0.7240
panicked	0.1000	0.9490
panicking	0.0940	0.8820
panicky	0.2840	0.9620
panier	0.5000	0.3920
panorama	0.7190	0.4020
panoramic	0.5420	0.4620
pansy	0.6530	0.2830
pant	0.4480	0.4630
pantheon	0.1440	0.4100
panther	0.3030	0.5940
panties	0.5940	0.5290
pantomime	0.5520	0.4810
pantry	0.6220	0.2940
pants	0.6730	0.3200
panty	0.4510	0.5570
pantyhose	0.5700	0.5390
pap	0.4380	0.4030
papa	0.6560	0.3400
papacy	0.4810	0.2630
papal	0.4930	0.3040
papaya	0.6300	0.3060
paper	0.5200	0.1230
paperback	0.6330	0.2690
paperboy	0.5210	0.4900
paperweight	0.4210	0.2780
paperwork	0.4480	0.3550
paprika	0.4170	0.2500
papyrus	0.4590	0.2400
par	0.6150	0.3720
parable	0.4790	0.3570
parabola	0.5420	0.4130
parabolic	0.4590	0.5090
parachute	0.5620	0.7870
parade	0.7920	0.6850
paradigm	0.5730	0.4290
paradise	0.8750	0.5400
paradox	0.4170	0.4420
paradoxical	0.4060	0.5470
paraffin	0.4260	0.2910
paragon	0.4900	0.4310
paragraph	0.5100	0.1640
parakeet	0.5760	0.3870
paralegal	0.4790	0.4700
parallax	0.4370	0.3940
parallel	0.5680	0.2840
parallelism	0.5490	0.3630
paralysis	0.1560	0.5000
paralyze	0.1880	0.3670
paramedic	0.6730	0.4640
paramedics	0.4790	0.5940
paramilitary	0.1540	0.8040
paramount	0.7710	0.6150
paranoia	0.1460	0.8410
paranoid	0.1220	0.9180
paranormal	0.1670	0.8140
parapet	0.4500	0.3560
paraphernalia	0.4430	0.7260
paraphrase	0.5000	0.3750
paraplegic	0.1880	0.4410
parasite	0.0920	0.4420
parasitic	0.0370	0.6000
parasol	0.6040	0.2550
parcel	0.6600	0.3240
parcels	0.5510	0.4450
parched	0.2500	0.2350
parchment	0.6150	0.2280
pardon	0.5520	0.4130
pare	0.5000	0.3560
parenchyma	0.5000	0.3990
parent	0.8120	0.3570
parentage	0.9030	0.3820
parental	0.7600	0.4300
parenthesis	0.5100	0.2550
parenthetical	0.4900	0.3270
parenthood	0.7500	0.6300
parenting	0.8120	0.5200
pariah	0.3970	0.4780
parietal	0.4810	0.3330
paring	0.4290	0.4410
parish	0.6980	0.3540
parity	0.5820	0.4060
park	0.8160	0.3430
parka	0.4690	0.4810
parking	0.7770	0.4690
parkinsons	0.1040	0.5700
parlance	0.5100	0.3500
parlay	0.4690	0.6110
parliament	0.5730	0.5400
parliamentary	0.4900	0.5540
parlor	0.5000	0.3270
parmesan	0.6980	0.3210
parody	0.5610	0.6510
parole	0.3880	0.6200
parquet	0.5410	0.2400
parrot	0.5880	0.3330
parry	0.5100	0.4040
parse	0.4690	0.4560
parsimonious	0.4170	0.3120
parsimony	0.4490	0.2800
parsley	0.4580	0.1700
parson	0.5830	0.2500
part	0.6630	0.2780
partake	0.7550	0.6560
partial	0.4290	0.3240
partiality	0.3750	0.3800
partially	0.4180	0.3680
participant	0.7120	0.5980
participate	0.7550	0.5800
participation	0.7810	0.7000
particle	0.5210	0.2650
particular	0.5620	0.4020
particularity	0.6700	0.4340
particulars	0.6040	0.3480
parting	0.2600	0.5420
partisan	0.6150	0.5490
partisanship	0.4380	0.5660
partition	0.6150	0.4690
partly	0.4150	0.4100
partner	0.6730	0.3020
partnership	0.7860	0.3870
partridge	0.5830	0.4150
parts	0.4590	0.3270
party	0.9480	0.8400
pas	0.4900	0.3440
pass	0.5100	0.3240
passable	0.6880	0.3370
passage	0.4290	0.3140
passageway	0.4900	0.3890
passe	0.5310	0.3570
passenger	0.7170	0.4130
passim	0.4580	0.4910
passing	0.4580	0.2980
passion	0.8540	0.8650
passionate	0.9900	0.8270
passive	0.4200	0.1160
passivity	0.2410	0.1150
passkey	0.6460	0.5000
passport	0.6530	0.4570
password	0.3900	0.3560
past	0.4900	0.4220
pasta	0.6150	0.3060
paste	0.5000	0.5560
pastel	0.7190	0.3570
pastime	0.6770	0.3530
pastor	0.6980	0.2360
pastrami	0.5420	0.4150
pastry	0.8700	0.4070
pasture	0.6880	0.1450
pasty	0.4790	0.3630
pat	0.4180	0.3770
patch	0.4390	0.2880
patchwork	0.5000	0.2600
pate	0.4060	0.2600
patella	0.4300	0.2600
patent	0.7240	0.3910
patented	0.5710	0.4220
paternal	0.7760	0.3530
paternity	0.7040	0.5900
path	0.5900	0.2450
pathetic	0.0880	0.4640
pathological	0.2200	0.6020
pathologist	0.3540	0.5520
pathology	0.2710	0.5600
pathos	0.3500	0.4490
pathway	0.6460	0.4100
patience	0.7710	0.1250
patient	0.5830	0.1930
patio	0.5620	0.2450
patriarch	0.5920	0.4480
patriarchal	0.5310	0.5000
patrimony	0.7190	0.4060
patriot	0.7710	0.6350
patriotic	0.8750	0.5090
patriotism	0.7080	0.6350
patrol	0.4270	0.6640
patrolman	0.4690	0.7310
patron	0.5830	0.4510
patronage	0.5830	0.4900
patronising	0.4390	0.4550
patronize	0.4300	0.4510
patronizing	0.5420	0.3650
patter	0.3120	0.6350
pattern	0.4790	0.4220
paucity	0.1530	0.4530
pauper	0.2600	0.3470
pause	0.4290	0.1880
pave	0.5940	0.4900
pavement	0.4600	0.3530
pavilion	0.5830	0.5000
paving	0.4080	0.4690
paw	0.4170	0.3600
pawn	0.3900	0.3210
pawnshop	0.3960	0.4390
pax	0.5510	0.4210
pay	0.5140	0.5880
payable	0.3850	0.4800
payback	0.4590	0.5000
paycheck	0.8960	0.6300
payday	0.8330	0.7410
payer	0.3130	0.6300
payload	0.6120	0.5100
payment	0.6290	0.4520
payoff	0.7400	0.6440
payout	0.6460	0.6000
payphone	0.4690	0.3600
payroll	0.5210	0.3600
pea	0.5800	0.2750
peace	0.9390	0.1560
peaceable	0.7760	0.1340
peaceful	0.8670	0.1080
peacefully	0.9010	0.1900
peacekeeper	0.8650	0.3200
peaceofmind	0.7860	0.1600
peacetime	0.9490	0.1800
peach	0.7040	0.4800
peachy	0.7550	0.4790
peacock	0.7860	0.4490
peak	0.5000	0.3450
peaked	0.6770	0.7040
peanut	0.6460	0.2020
peanuts	0.5420	0.2940
pear	0.6770	0.1580
pearl	0.9050	0.4250
pearly	0.6350	0.3370
peas	0.5420	0.2830
peasant	0.5300	0.2750
peat	0.3330	0.6550
pebble	0.3540	0.3530
pecan	0.5520	0.3160
peck	0.2020	0.5300
pecker	0.4590	0.5090
peculiar	0.6000	0.4910
peculiarities	0.5110	0.4600
peculiarity	0.4390	0.4520
peculiarly	0.6150	0.4500
pecuniary	0.4900	0.4900
pedal	0.5000	0.3200
pedantic	0.2290	0.6080
peddle	0.5390	0.5490
peddler	0.4080	0.4810
pedestal	0.7350	0.2840
pedestrian	0.4380	0.3600
pediatric	0.5600	0.4620
pediatrician	0.6020	0.5000
pediatrics	0.7500	0.3800
pedicure	0.6950	0.2690
pedigree	0.6250	0.3400
pedometer	0.4690	0.5610
pedophile	0.0510	0.7240
pee	0.4490	0.5290
peek	0.4860	0.3600
peekaboo	0.5920	0.6070
peel	0.4390	0.2500
peep	0.5730	0.3170
peeper	0.1820	0.5370
peephole	0.4790	0.5000
peer	0.4580	0.3210
peering	0.5140	0.4090
peerless	0.6880	0.4500
peeved	0.1560	0.7500
peg	0.5200	0.3570
pegs	0.4080	0.2860
peice	0.4790	0.4220
pelagic	0.5210	0.5540
pelican	0.5730	0.3910
pellet	0.4480	0.3900
pelvic	0.3200	0.6320
pelvis	0.3780	0.6180
pen	0.6220	0.1940
penal	0.2080	0.5650
penalty	0.0620	0.4900
penance	0.2190	0.6670
penchant	0.6880	0.4800
pencil	0.5520	0.2000
pendant	0.6760	0.3210
pendency	0.3960	0.4520
pendent	0.4700	0.3800
pending	0.3960	0.4410
pendulum	0.5420	0.3680
penetrate	0.2870	0.8770
penetrating	0.4690	0.7920
penetration	0.4380	0.8850
penguin	0.6150	0.2960
penicillin	0.4170	0.4310
penile	0.4900	0.7360
peninsula	0.5510	0.3840
penis	0.3540	0.8100
penitent	0.5420	0.5300
penitentiary	0.2290	0.7260
penmanship	0.6770	0.2840
pennant	0.5420	0.3800
penniless	0.0620	0.3160
penny	0.6150	0.3020
pension	0.6250	0.4090
pensioner	0.4400	0.2450
pensive	0.5400	0.2200
pentagon	0.4900	0.6360
pentagram	0.5100	0.4330
penthouse	0.5920	0.4300
penultimate	0.4690	0.3660
people	0.6040	0.4000
peopled	0.5940	0.4500
pep	0.5100	0.5100
pepper	0.4000	0.5390
peppermint	0.7200	0.2640
pepperoni	0.7960	0.4720
peppy	0.6770	0.5290
peptic	0.3980	0.4630
peptide	0.3800	0.4800
perceive	0.6530	0.4900
percent	0.4700	0.3500
percentage	0.4690	0.4000
percentile	0.4790	0.4100
perceptible	0.7100	0.4600
perception	0.6530	0.4810
perceptive	0.7450	0.5000
perch	0.5310	0.3000
perchance	0.4800	0.2240
percolation	0.3970	0.4170
percussion	0.6220	0.6350
perdition	0.1350	0.6560
peremptory	0.4290	0.4260
perennial	0.5270	0.3580
perfect	0.9800	0.4710
perfection	0.8810	0.7450
perfectionist	0.6670	0.7040
perfecto	0.8020	0.5670
perforated	0.2190	0.6070
perforation	0.3650	0.6680
perforce	0.3570	0.6890
perform	0.7650	0.5550
performance	0.7500	0.5200
performer	0.5410	0.5300
perfume	0.7400	0.4720
perfumed	0.8160	0.4710
peri	0.4480	0.4330
peridot	0.4580	0.4810
peril	0.0520	0.9100
perilous	0.1430	0.8620
perimeter	0.4700	0.4430
period	0.3960	0.3240
periodic	0.6770	0.3240
periodical	0.5500	0.2980
periodically	0.4800	0.3140
periodicity	0.6460	0.3240
peripheral	0.4060	0.4060
periphery	0.4690	0.3600
periscope	0.6040	0.3750
perish	0.2960	0.5700
perishable	0.2700	0.4640
perished	0.1350	0.5960
perishing	0.2290	0.4230
perjury	0.2290	0.6860
perk	0.9030	0.5190
perky	0.8960	0.7920
perm	0.6670	0.4650
permanence	0.7710	0.3700
permanent	0.7450	0.3450
permeable	0.6350	0.4020
permeate	0.4170	0.4100
permeation	0.4180	0.5590
permissible	0.6840	0.6460
permission	0.6120	0.3110
permissive	0.6330	0.3890
permit	0.7330	0.3490
permitted	0.8650	0.4100
permitting	0.7240	0.4810
permutation	0.3850	0.5880
pernicious	0.2290	0.6000
peroxide	0.4580	0.5290
perpendicular	0.5100	0.3980
perpetrate	0.3270	0.8370
perpetrator	0.2290	0.7650
perpetual	0.6250	0.4380
perpetually	0.5100	0.4730
perpetuate	0.3970	0.5880
perpetuation	0.5100	0.6770
perpetuity	0.5900	0.4340
perplexed	0.3120	0.7050
perplexing	0.3160	0.5300
perplexity	0.2750	0.7200
persecute	0.2810	0.8730
persecution	0.2290	0.8650
perseverance	0.8880	0.6300
persevere	0.8020	0.5830
persist	0.7650	0.6440
persistence	0.6840	0.6110
persistent	0.6460	0.6670
persisting	0.6970	0.6770
person	0.6460	0.3630
persona	0.7410	0.4800
personable	0.8160	0.5200
personage	0.6530	0.3240
personal	0.7500	0.3110
personality	0.8960	0.5130
personification	0.7600	0.4710
personnel	0.7290	0.3440
persons	0.8690	0.3020
perspective	0.6880	0.4700
perspiration	0.3850	0.6670
persuade	0.6200	0.6180
persuasion	0.6120	0.6700
persuasive	0.7400	0.7000
pert	0.4690	0.4600
pertinent	0.5800	0.3330
perturbation	0.2700	0.8400
pertussis	0.2790	0.5690
perusal	0.6220	0.2350
peruse	0.5030	0.2700
pervading	0.4180	0.6840
perverse	0.1460	0.8080
perversion	0.0830	0.8300
pervert	0.0820	0.8630
perverted	0.0620	0.9180
pesky	0.2500	0.7600
pessimism	0.0830	0.4840
pessimist	0.1250	0.4700
pessimistic	0.0880	0.3940
pest	0.1880	0.6800
pester	0.1430	0.7800
pestilence	0.1220	0.6600
pestle	0.4270	0.4630
pesto	0.5310	0.3230
pet	0.8750	0.3270
petal	0.8100	0.1940
petite	0.5100	0.3540
petition	0.4980	0.5750
petitioner	0.6010	0.5310
petloss	0.2710	0.4810
petpeeve	0.3750	0.5940
petrified	0.2210	0.6250
petrify	0.1770	0.5710
petrol	0.4180	0.5190
petroleum	0.5830	0.4510
petticoat	0.5500	0.3960
petting	0.8120	0.4620
petty	0.2100	0.5370
petulant	0.2470	0.6850
petunia	0.5830	0.2600
pew	0.4490	0.2350
pewter	0.3960	0.2600
peyote	0.4060	0.4620
phalanx	0.3980	0.3980
phantom	0.2600	0.7590
pharaoh	0.6560	0.4910
pharmaceutical	0.5000	0.4350
pharmacist	0.5920	0.3820
pharmacology	0.5600	0.4400
pharmacy	0.5310	0.3370
phase	0.6450	0.3000
pheasant	0.5410	0.3620
phenomenal	0.9150	0.7500
phenomenon	0.6250	0.7210
pheromone	0.5610	0.5730
phew	0.5310	0.4290
phi	0.4200	0.3610
philanthropic	0.8120	0.4260
philanthropist	0.7040	0.4630
philanthropy	0.7450	0.4120
philistine	0.3900	0.5000
philosopher	0.6840	0.3160
philosophic	0.6880	0.2700
philosophical	0.7190	0.2750
philosophy	0.6840	0.2550
phlegm	0.1730	0.3940
pho	0.5410	0.3700
phobia	0.1730	0.9040
phoenix	0.6530	0.4810
phone	0.7290	0.3440
phonetic	0.5420	0.4350
phonetics	0.6460	0.4250
phonics	0.4900	0.5190
phonograph	0.5610	0.3980
phonology	0.6950	0.4020
phony	0.1150	0.5920
phooey	0.3330	0.4900
phosphate	0.5000	0.3060
phosphor	0.4380	0.4800
phosphorus	0.4290	0.5390
photo	0.7290	0.3270
photogenic	0.7800	0.5000
photograph	0.6770	0.3530
photographer	0.7140	0.4810
photographic	0.7610	0.4290
photography	0.6300	0.4310
photometry	0.4170	0.4560
photon	0.4590	0.4390
phrase	0.6300	0.2640
phraseology	0.6200	0.4060
phylogeny	0.3780	0.4100
physical	0.7500	0.5200
physical therapist	0.5310	0.3370
physician	0.5830	0.4900
physicist	0.6350	0.5380
physics	0.5820	0.4150
physiological	0.5100	0.4180
physiology	0.5210	0.4510
physique	0.6430	0.5000
pi	0.4690	0.2650
pianist	0.8060	0.4910
piano	0.7040	0.3430
piazza	0.6250	0.4710
piccolo	0.6250	0.4230
pick	0.5000	0.4640
picked	0.7400	0.5180
picker	0.5340	0.3400
picket	0.3650	0.6150
picketing	0.3300	0.5570
pickle	0.5930	0.4490
pickled	0.3440	0.4500
pickpocket	0.3650	0.7040
pickup	0.5610	0.5290
picky	0.2570	0.7290
picnic	0.6250	0.4700
pictorial	0.7040	0.4810
picture	0.7140	0.3080
pictures	0.6530	0.2400
picturesque	0.8020	0.4910
pie	0.8800	0.4020
piece	0.6460	0.2450
piecemeal	0.6150	0.2690
pieceofshit	0.0830	0.7240
pied	0.5940	0.4330
pier	0.5830	0.2790
pierce	0.3650	0.6700
piety	0.7600	0.3400
pig	0.3430	0.3680
pigeon	0.6880	0.2240
piggy	0.5410	0.3650
piggyback	0.4380	0.4900
pigheaded	0.2710	0.4720
piglet	0.5400	0.4430
pigment	0.3900	0.3330
pigskin	0.3470	0.4490
pigsty	0.1330	0.5290
pike	0.4270	0.4100
pile	0.4610	0.3200
piles	0.4690	0.4230
pileup	0.3400	0.5590
pilgrim	0.5310	0.4040
pilgrimage	0.7080	0.5220
pill	0.5730	0.4070
pillage	0.2400	0.6850
pillar	0.5830	0.3300
pillbox	0.3850	0.3390
pillow	0.6630	0.1280
pillowcase	0.5000	0.1790
pilot	0.6880	0.6800
pimp	0.1460	0.7000
pimple	0.2450	0.3700
pin	0.4380	0.3460
pinball	0.5820	0.6400
pinch	0.3400	0.6320
pinching	0.2500	0.7880
pine	0.5830	0.2250
pineapple	0.6770	0.3160
ping	0.5410	0.4900
pinhead	0.4590	0.3000
pinhole	0.3750	0.2790
pinion	0.4440	0.3610
pink	0.8060	0.2690
pinkie	0.6630	0.2650
pinnacle	0.6330	0.3900
pinot	0.3650	0.3700
pinpoint	0.5830	0.4430
pint	0.6860	0.3330
pinto	0.5700	0.3540
pinup	0.6100	0.4590
pioneer	0.7960	0.6180
pious	0.6980	0.3060
pip	0.4480	0.4300
pipe	0.5410	0.3400
piped	0.3600	0.5290
pipeline	0.4790	0.3370
piper	0.5690	0.4420
pipette	0.4800	0.4030
piping	0.3650	0.3370
pipsqueak	0.3470	0.4810
pique	0.4170	0.5000
piracy	0.2960	0.7920
piranha	0.2190	0.7990
pirate	0.1560	0.7400
piscina	0.7140	0.5000
piss	0.3540	0.4620
pissed	0.1020	0.8880
pissedoff	0.2400	0.6510
pisser	0.3780	0.5470
pissesmeoff	0.1800	0.5870
pissingmeoff	0.2080	0.6220
pissoff	0.2550	0.6170
pistachio	0.6430	0.3360
pistol	0.1700	0.9000
piston	0.3980	0.4800
pit	0.4080	0.3960
pita	0.5510	0.2790
pitch	0.5210	0.4310
pitcher	0.5100	0.6730
pitchfork	0.3120	0.5800
pitfall	0.1770	0.7750
pith	0.4580	0.3500
pithy	0.4800	0.3600
pitiful	0.2190	0.4900
pitted	0.3580	0.6530
pitter	0.4690	0.4240
pituitary	0.4060	0.3650
pity	0.1600	0.3980
pivot	0.4580	0.3820
pivotal	0.5820	0.4710
pix	0.5210	0.3730
pixie	0.5620	0.5370
pizza	0.8470	0.3900
pizzazz	0.6350	0.7350
pizzeria	0.7190	0.5200
placard	0.3880	0.4420
place	0.5730	0.2610
placebo	0.5200	0.3060
placement	0.6430	0.4600
placenta	0.3750	0.4330
placid	0.6400	0.3170
placket	0.4080	0.2310
plagiarism	0.1350	0.7160
plague	0.0830	0.5960
plaid	0.4800	0.3300
plain	0.5000	0.1670
plainclothes	0.6980	0.3370
plaintiff	0.3650	0.8060
plaintive	0.2920	0.5290
plan	0.6460	0.5400
plane	0.5100	0.3560
planes	0.6670	0.6060
planet	0.6980	0.4040
planetarium	0.7040	0.4620
planetary	0.6040	0.5000
planets	0.7240	0.3180
plank	0.4270	0.2800
plankton	0.5520	0.3210
planned	0.7400	0.3850
planner	0.7600	0.4690
planning	0.8940	0.4620
plant	0.7300	0.1800
plantation	0.5730	0.5850
planter	0.6040	0.4500
planting	0.6350	0.3430
plaque	0.5200	0.3330
plasma	0.4740	0.3980
plaster	0.4380	0.2640
plastic	0.4900	0.2690
plasticity	0.5420	0.4710
plat	0.7160	0.3590
plate	0.5830	0.2450
plateau	0.6110	0.3160
plated	0.5620	0.4580
platform	0.6020	0.3400
plating	0.5760	0.3680
platinum	0.7500	0.5180
platonic	0.4900	0.4610
platoon	0.4480	0.7000
platter	0.6860	0.2450
plaudit	0.8160	0.8130
plausibility	0.7050	0.4510
plausible	0.7140	0.4040
play	0.8120	0.7650
playa	0.7240	0.5100
playback	0.6560	0.5590
playbook	0.6730	0.5820
playboy	0.6460	0.9000
player	0.5570	0.6880
playful	0.8920	0.6880
playground	0.8880	0.6200
playhouse	0.7190	0.7290
playmate	0.8780	0.5090
playoff	0.6220	0.7160
playpen	0.6980	0.4810
playroom	0.8440	0.6610
plaything	0.7080	0.6020
playtime	0.7600	0.5960
playwright	0.6720	0.5500
plaza	0.6900	0.3460
plea	0.6330	0.4910
plead	0.1770	0.5960
pleasant	0.9390	0.3100
pleased	0.9390	0.5480
pleasing	0.9170	0.4490
pleasurable	0.9480	0.5290
pleasure	0.9390	0.7400
pleasures	0.8960	0.6540
pleat	0.4900	0.3450
pleated	0.5340	0.3180
pledge	0.7190	0.4900
pledged	0.7190	0.6300
plenary	0.5730	0.3560
plentiful	0.8330	0.7350
plenty	0.8270	0.6120
plenum	0.5310	0.4540
plethora	0.6460	0.6020
plexus	0.3330	0.4050
pliable	0.6250	0.3700
plication	0.3600	0.4600
pliers	0.5610	0.3340
plight	0.4500	0.5200
plinth	0.4380	0.3460
plodding	0.4490	0.4810
plop	0.3850	0.4750
plot	0.4690	0.5670
plough	0.6770	0.4270
ploughed	0.4380	0.4200
plover	0.4390	0.4340
plow	0.5310	0.5600
plowed	0.5520	0.4900
plowing	0.5620	0.5310
ploy	0.4580	0.5590
pluck	0.3750	0.5830
plucky	0.8160	0.8170
plug	0.5310	0.3560
plum	0.7240	0.3060
plumage	0.6560	0.2860
plumb	0.4480	0.5000
plumber	0.3270	0.5100
plumbing	0.4690	0.4270
plume	0.4690	0.3230
plummet	0.3020	0.7500
plump	0.3850	0.4800
plumper	0.4060	0.4290
plunder	0.1250	0.8940
plunge	0.3070	0.6900
plunger	0.3650	0.5100
plural	0.5600	0.4320
plurality	0.6830	0.4730
plush	0.6250	0.2650
plutonium	0.4060	0.6750
ply	0.4580	0.3200
plywood	0.5610	0.2450
pneumatic	0.3370	0.5200
pneumonia	0.2080	0.6080
poacher	0.2400	0.6730
poachers	0.3150	0.8570
poaching	0.3020	0.8240
pocket	0.4580	0.2750
pocketbook	0.5510	0.2310
pocketful	0.5940	0.2790
pod	0.4800	0.3960
podium	0.6270	0.3650
poem	0.8100	0.2700
poems	0.8330	0.3880
poet	0.8270	0.3500
poetic	0.8600	0.2690
poetical	0.8020	0.3270
poetics	0.8330	0.3060
poetry	0.6970	0.2350
pogo	0.4800	0.4260
poignant	0.6460	0.4440
point	0.4900	0.1930
pointedly	0.4080	0.7060
pointer	0.5830	0.3820
pointless	0.0550	0.3530
pointy	0.4690	0.6510
poise	0.6770	0.2020
poison	0.0830	0.7600
poisoned	0.0570	0.8080
poisoning	0.0940	0.8370
poisonous	0.1020	0.8700
poke	0.3650	0.7130
poker	0.4800	0.6890
pokes	0.3650	0.4800
polar	0.4680	0.2610
polarity	0.5100	0.4720
pole	0.4180	0.3980
polemic	0.1330	0.7500
police	0.4580	0.7700
police officer	0.4790	0.8160
policeman	0.5420	0.7080
policewoman	0.5300	0.7400
policy	0.3240	0.7350
polio	0.2960	0.4520
polish	0.6040	0.4120
polished	0.6670	0.4130
polite	0.9270	0.3780
politeness	0.8750	0.3530
politic	0.3650	0.5810
political	0.3470	0.7300
politician	0.3230	0.5510
politics	0.2500	0.5280
polity	0.2680	0.5830
polka	0.6040	0.4510
poll	0.5520	0.5000
pollen	0.6220	0.2120
polling	0.4480	0.5980
pollute	0.1730	0.6600
pollution	0.0620	0.6940
polo	0.5820	0.3600
poltergeist	0.2710	0.7840
polyester	0.4790	0.2700
polygamy	0.3650	0.6470
polygon	0.4900	0.5580
polygonal	0.4270	0.4410
polygraph	0.4270	0.4910
polymer	0.4380	0.3300
polymorphism	0.4290	0.5920
pomp	0.4480	0.4910
pompous	0.5000	0.5710
poncho	0.4900	0.2650
pond	0.5200	0.3370
ponder	0.7400	0.3800
ponderous	0.2900	0.4500
pong	0.5000	0.5000
pontiff	0.6250	0.3630
pontificate	0.5840	0.4240
pontoon	0.5000	0.3770
pony	0.8120	0.4130
ponytail	0.5410	0.3370
pooch	0.3550	0.3600
poodle	0.5000	0.4130
poof	0.4690	0.3870
pool	0.6250	0.3560
poop	0.1630	0.4300
poor	0.1560	0.3580
poorly	0.0770	0.6200
pop	0.6730	0.5100
popcorn	0.8750	0.4410
pope	0.6000	0.3750
popper	0.4200	0.5090
poppy	0.6350	0.3920
poppycock	0.3470	0.5100
popsicle	0.6670	0.3000
popular	0.8800	0.6760
popularity	0.8960	0.7840
popularized	0.7500	0.7710
population	0.6150	0.4230
populous	0.5200	0.6300
porcelain	0.5620	0.3100
porch	0.5350	0.3240
porcupine	0.3880	0.4210
pore	0.4270	0.2710
pork	0.3700	0.4500
porker	0.5210	0.6020
porky	0.2340	0.4830
porn	0.3440	0.9150
porno	0.3020	0.9230
pornographic	0.2300	0.8960
pornography	0.3230	0.9210
porosity	0.3120	0.3430
porous	0.3850	0.3700
porridge	0.5730	0.2290
port	0.5500	0.4090
portable	0.6150	0.3560
portage	0.4900	0.4900
portal	0.5830	0.3470
porter	0.5710	0.3750
porterhouse	0.6020	0.3640
portfolio	0.6250	0.2800
porthole	0.5000	0.3530
portico	0.5210	0.4440
portion	0.5360	0.3640
portrait	0.6980	0.1860
portraiture	0.7350	0.2980
portray	0.6560	0.5290
pose	0.4270	0.3300
poser	0.4690	0.3850
posh	0.8230	0.3370
posited	0.6150	0.4100
position	0.6040	0.4510
positioning	0.6150	0.4900
positive	0.9590	0.5100
positiveenergy	0.9400	0.5000
positively	0.9690	0.6450
positivity	0.9590	0.5490
posse	0.3980	0.5100
possess	0.6700	0.5900
possessed	0.3270	0.8840
possessing	0.4610	0.5930
possession	0.6770	0.6760
possessive	0.2790	0.6480
possessor	0.4800	0.5730
possibility	0.8160	0.4810
possible	0.6880	0.3160
possibly	0.4480	0.4000
possum	0.4080	0.4710
post	0.5200	0.4260
postage	0.5600	0.4710
postal	0.7650	0.2450
postcard	0.8220	0.2920
poster	0.5420	0.2750
posterior	0.5100	0.3850
posterity	0.5650	0.4600
posthumous	0.2320	0.4410
postman	0.6430	0.4820
postmortem	0.2960	0.4860
postpone	0.3160	0.4080
postponed	0.4390	0.3270
postponement	0.4480	0.5690
postscript	0.4870	0.3000
postulate	0.4870	0.4700
posture	0.5620	0.3090
pot	0.5000	0.1860
potable	0.7650	0.3260
potassium	0.4690	0.3140
potato	0.5410	0.2350
potatoes	0.6900	0.2710
potency	0.7080	0.7450
potent	0.6980	0.7840
potential	0.8060	0.6250
pothead	0.3780	0.5100
pothole	0.3440	0.2940
potion	0.5000	0.4000
potluck	0.6210	0.5610
potpourri	0.6460	0.5800
potted	0.4690	0.3360
potter	0.5730	0.4170
pottery	0.5940	0.2860
potty	0.3670	0.3730
pouch	0.4380	0.2300
poultry	0.4800	0.3750
pounce	0.4900	0.6570
pound	0.5700	0.3370
pounding	0.3330	0.8430
pour	0.4480	0.5700
pout	0.4580	0.3540
pouting	0.2630	0.4710
pouty	0.3330	0.4800
poverty	0.0710	0.5190
pow	0.3750	0.4400
powder	0.5210	0.2500
powdered	0.5200	0.3750
powdery	0.3230	0.3900
power	0.7190	0.6700
powerful	0.8650	0.8300
powerfully	0.8540	0.7240
powerhouse	0.6300	0.7550
powerless	0.1250	0.5000
powwow	0.4900	0.6500
pox	0.2350	0.5670
practicable	0.6770	0.4290
practical	0.7100	0.4900
practically	0.6220	0.4020
practice	0.6840	0.5820
practiced	0.6120	0.6050
practise	0.7130	0.4900
practitioner	0.7040	0.4970
pragmatic	0.5730	0.4330
prairie	0.6730	0.1830
praise	0.7760	0.3870
praised	0.9500	0.4410
praisegod	0.8510	0.5000
praisejesus	0.8330	0.3770
praises	0.8780	0.4910
praiseworthy	0.8750	0.4450
praising	0.9060	0.5570
prance	0.6830	0.5470
prank	0.5710	0.6900
prawn	0.4880	0.3240
praxis	0.4380	0.4390
pray	0.7140	0.1270
prayer	0.7450	0.2170
prayforme	0.5200	0.4040
praying	0.6460	0.2350
praying mantis	0.4790	0.4420
preach	0.6020	0.4800
preacher	0.5510	0.3880
preaching	0.6460	0.6040
preamble	0.5410	0.5550
precarious	0.1070	0.5400
precaution	0.6250	0.5200
precautionary	0.4490	0.5870
precede	0.6150	0.5660
precedence	0.5940	0.5200
precedent	0.5740	0.3920
preceding	0.4560	0.4420
precept	0.4480	0.4800
preceptor	0.5210	0.4330
precession	0.4690	0.4600
precinct	0.3750	0.4310
precincts	0.5310	0.3240
precious	0.9170	0.5000
precipice	0.1980	0.7840
precipitate	0.4170	0.7700
precipitation	0.4540	0.6630
precipitous	0.4290	0.6510
precise	0.8330	0.3580
precisely	0.8160	0.3880
precision	0.6770	0.4310
preclude	0.3330	0.5520
precocious	0.3980	0.6100
precursor	0.5800	0.6720
predator	0.1430	0.7600
predatory	0.0830	0.8650
predecessor	0.6350	0.4150
predicament	0.3650	0.4800
predicate	0.6350	0.3440
predict	0.6150	0.4860
predictable	0.3120	0.2960
predicting	0.4630	0.6470
prediction	0.5620	0.6350
predictive	0.4790	0.4540
predictor	0.6460	0.6150
predilection	0.6670	0.5290
predispose	0.4690	0.4810
predisposed	0.5310	0.5710
predisposition	0.6560	0.6110
predominance	0.6840	0.7020
predominant	0.6800	0.5960
predominate	0.6730	0.6100
preeminent	0.6880	0.6760
preemption	0.5210	0.4260
preemptive	0.6420	0.4610
preface	0.4590	0.3750
prefect	0.6980	0.4510
prefer	0.7600	0.3850
preferable	0.8060	0.4330
preference	0.7920	0.5000
preferential	0.7400	0.4810
prefix	0.5210	0.2320
pregnancy	0.7400	0.7690
pregnant	0.7650	0.7730
prehistoric	0.4170	0.3170
prejudice	0.1100	0.6130
prejudiced	0.2350	0.6250
prejudicial	0.1150	0.7450
prelim	0.4620	0.4170
preliminary	0.5310	0.3930
prelude	0.5440	0.3920
premarital	0.4900	0.5980
premature	0.2810	0.4160
prematurely	0.2920	0.6570
premed	0.4900	0.4590
premeditated	0.3540	0.4900
premier	0.7550	0.5190
premiere	0.7760	0.5960
premise	0.5310	0.5190
premises	0.5000	0.3060
premium	0.7860	0.5900
premonition	0.3650	0.7650
prenatal	0.7400	0.4220
prenuptial	0.6330	0.5690
preoccupation	0.3750	0.6940
preoccupied	0.2650	0.7000
prep	0.6880	0.5090
preparation	0.7710	0.5000
preparatory	0.6980	0.5000
prepare	0.6560	0.5420
prepared	0.7100	0.4800
preparedness	0.7600	0.5420
preparer	0.6170	0.5000
preparing	0.7350	0.5380
preponderance	0.5620	0.5510
preposterous	0.1670	0.8270
preppy	0.5420	0.5200
prerequisite	0.4480	0.4240
prerogative	0.5210	0.4420
preschool	0.6040	0.3820
prescient	0.5310	0.5390
prescribe	0.4590	0.5500
prescribed	0.5310	0.3910
prescription	0.3020	0.3370
prescriptive	0.6150	0.3780
presence	0.8740	0.4310
present	0.7240	0.2860
presentable	0.8360	0.3110
presentation	0.7920	0.6040
presenter	0.6730	0.6070
presentment	0.7080	0.6630
presents	0.7810	0.3940
preservation	0.6670	0.5100
preservative	0.5310	0.4290
preserve	0.8370	0.4310
preserved	0.6770	0.3370
preserving	0.7650	0.4620
preside	0.5420	0.5640
presidency	0.7760	0.6860
president	0.6770	0.6220
presidential	0.6120	0.6560
press	0.5520	0.5200
pressing	0.2400	0.7550
pressure	0.3600	0.6500
prestige	0.9180	0.5940
prestigious	0.9790	0.6440
presto	0.5730	0.4150
presume	0.4480	0.6350
presumption	0.3750	0.5960
presumptive	0.3230	0.4830
presumptuous	0.2650	0.5960
presuppose	0.5880	0.4690
pretend	0.4900	0.5280
pretended	0.1670	0.5560
pretender	0.5000	0.6830
pretending	0.3780	0.4200
pretense	0.3230	0.6000
pretensions	0.3470	0.6800
pretentious	0.1560	0.7360
pretext	0.4180	0.4270
pretty	0.8750	0.5160
pretzel	0.5190	0.3230
prevail	0.7240	0.5570
prevailing	0.7980	0.7080
prevalence	0.6180	0.5200
prevalent	0.6940	0.4300
prevent	0.6350	0.4810
preventative	0.6500	0.4420
prevention	0.7600	0.4630
preventive	0.6430	0.3880
preview	0.6560	0.3370
previous	0.5210	0.3370
previously	0.5940	0.3370
prey	0.3780	0.5000
price	0.4790	0.4750
priceless	0.7450	0.6960
pricey	0.3400	0.5670
prick	0.3230	0.7640
prickly	0.3330	0.5870
pride	0.7290	0.6340
priest	0.5610	0.3240
priestess	0.5310	0.3900
priesthood	0.6220	0.3040
priestly	0.6050	0.2840
prig	0.3880	0.4290
prim	0.5400	0.3700
prima	0.6330	0.4060
primacy	0.7780	0.6600
primal	0.5500	0.4070
primary	0.5620	0.3900
primate	0.5610	0.3630
primates	0.3650	0.4550
prime	0.7080	0.2750
primed	0.6350	0.4020
primer	0.6250	0.3630
primeval	0.4270	0.4800
priming	0.4810	0.4120
primitive	0.3230	0.3880
primordial	0.6250	0.5690
primrose	0.8270	0.2300
prince	0.8880	0.4640
princely	0.7860	0.5400
princess	0.8850	0.5570
principal	0.6500	0.3530
principally	0.7860	0.4800
principle	0.7500	0.3060
principles	0.6980	0.2860
print	0.5210	0.3840
printer	0.4790	0.3450
printing	0.6460	0.6540
printout	0.5940	0.6600
prior	0.4680	0.3500
prioritize	0.6710	0.5940
priority	0.8780	0.5620
priory	0.5610	0.4130
prism	0.5200	0.4290
prismatic	0.4290	0.5620
prison	0.1120	0.6770
prisoner	0.0710	0.6540
prissy	0.3540	0.5590
pristine	0.6500	0.3630
privacy	0.5200	0.4200
private	0.6610	0.4220
privately	0.4580	0.5620
privilege	0.8470	0.6250
privileged	0.8670	0.4900
privy	0.5830	0.4810
prize	0.8850	0.7630
prized	0.9060	0.5300
pro	0.6670	0.4710
proactive	0.7920	0.7230
probability	0.6730	0.3650
probable	0.5830	0.4330
probate	0.6840	0.4620
probation	0.2060	0.6350
probationary	0.3330	0.6100
probative	0.5000	0.4310
probe	0.3980	0.4440
probing	0.3850	0.4700
probity	0.4690	0.4230
problem	0.0620	0.6440
problematic	0.0730	0.7200
procedural	0.5000	0.4500
procedure	0.6250	0.5480
proceed	0.7290	0.6300
proceeding	0.6880	0.4280
proceeds	0.6770	0.4700
process	0.5100	0.4710
processing	0.7260	0.7740
procession	0.6560	0.5390
processor	0.6850	0.4600
proclaim	0.7190	0.6730
proclamation	0.7080	0.7670
procrastinate	0.2760	0.3530
procrastination	0.3230	0.4300
procreate	0.6460	0.7600
procreation	0.7920	0.7140
proctologist	0.5310	0.5820
proctor	0.5520	0.4600
procure	0.7450	0.5200
procurement	0.7810	0.5590
prod	0.4800	0.4790
prodigal	0.6430	0.4910
prodigious	0.8750	0.6700
prodigy	0.8120	0.7040
produce	0.9080	0.7370
produced	0.7240	0.5280
producer	0.5590	0.5610
producing	0.6320	0.6160
product	0.6460	0.4170
production	0.6940	0.5940
productive	0.8470	0.6770
productivity	0.9580	0.6910
profane	0.1670	0.7010
profanity	0.1150	0.7900
profess	0.6330	0.4200
profession	0.6800	0.5290
professional	0.8330	0.4470
professionalism	0.7810	0.5410
professor	0.6560	0.3980
professorship	0.5820	0.3390
proficiency	0.6670	0.8570
proficient	0.8540	0.4610
profile	0.6890	0.2930
profiler	0.5200	0.4150
profit	0.9300	0.4620
profitable	0.8700	0.3920
profound	0.7550	0.5460
profuse	0.4790	0.3980
profusion	0.5420	0.4900
prog	0.4480	0.4120
progenitor	0.7810	0.4800
progeny	0.5710	0.3510
prognosis	0.5000	0.5060
prognostic	0.6460	0.6040
program	0.5610	0.3230
programme	0.7400	0.2980
programmer	0.5620	0.4260
programming	0.6000	0.4350
progress	0.8800	0.6420
progression	0.7400	0.5620
progressive	0.7550	0.6060
prohibit	0.1670	0.7580
prohibited	0.1150	0.7700
prohibition	0.2040	0.6840
prohibitive	0.1560	0.6670
project	0.7250	0.4620
projectile	0.2760	0.8650
projectiles	0.2500	0.8480
projecting	0.6350	0.5640
projection	0.7080	0.5000
projector	0.5730	0.4910
proletarian	0.3850	0.5000
proletariat	0.4040	0.5480
prolific	0.6250	0.5500
prologue	0.5710	0.3920
prolong	0.5730	0.5670
prolongation	0.5420	0.5360
prolonged	0.4060	0.4530
prom	0.5270	0.4400
promenade	0.8370	0.4440
prominence	0.7060	0.5900
prominent	0.6760	0.6270
prominently	0.7710	0.6330
promiscuity	0.2190	0.9600
promiscuous	0.2140	0.8000
promise	0.8230	0.5000
promising	0.7910	0.5490
promissory	0.5710	0.5510
promo	0.6020	0.5510
promontory	0.5000	0.4970
promote	0.8300	0.5960
promoter	0.6460	0.5730
promotion	0.9060	0.7550
promotional	0.8400	0.6460
prompt	0.6020	0.5480
prompting	0.5870	0.4230
promulgate	0.5110	0.4330
promulgation	0.6020	0.5290
prone	0.4150	0.4340
prong	0.3670	0.2440
pronounce	0.6530	0.5200
pronounced	0.6700	0.5510
pronouncement	0.6620	0.5670
pronto	0.6460	0.5000
pronunciation	0.5310	0.4310
proof	0.4380	0.5090
prop	0.5100	0.4270
propaganda	0.5210	0.6510
propagate	0.5610	0.6090
propagation	0.3540	0.7120
propane	0.3460	0.4730
propel	0.7500	0.7860
propelled	0.6330	0.7360
propeller	0.4790	0.5690
propelling	0.6020	0.7700
propensity	0.5210	0.4620
proper	0.7960	0.3120
property	0.7400	0.2210
prophecy	0.7470	0.6920
prophesy	0.6730	0.5380
prophet	0.6730	0.4620
prophetic	0.6880	0.5860
prophylactic	0.5100	0.4910
prophylaxis	0.2920	0.4040
proportion	0.5410	0.4620
proportional	0.7290	0.3800
proportionate	0.7040	0.3700
proportions	0.6250	0.4300
proposal	0.8880	0.6670
propose	0.6040	0.7200
proposition	0.6270	0.7500
proprietary	0.7710	0.2780
proprietor	0.7350	0.4800
proprietorship	0.6670	0.4410
propriety	0.8230	0.2730
propulsion	0.6150	0.7730
prose	0.5420	0.2740
prosecute	0.4790	0.5870
prosecution	0.2450	0.8570
prosecutor	0.4500	0.4910
prospect	0.7330	0.4420
prospection	0.5940	0.6330
prospective	0.6780	0.5000
prospectively	0.7600	0.6200
prospector	0.5730	0.6510
prospectus	0.6120	0.5580
prosper	0.9350	0.6330
prosperity	0.9170	0.6000
prosperous	0.9480	0.6270
prostate	0.3230	0.5100
prosthetic	0.3400	0.4640
prostitute	0.1670	0.8600
prostitution	0.1250	0.8430
prostrate	0.2760	0.4020
protagonist	0.7650	0.7040
protect	0.8230	0.7140
protected	0.8540	0.3780
protecting	0.8780	0.5580
protection	0.8630	0.5300
protective	0.8440	0.4590
protector	0.7790	0.3600
protein	0.7500	0.3370
protest	0.1400	0.8890
protocol	0.1780	0.5000
proton	0.4580	0.4150
prototype	0.6730	0.3300
protozoa	0.3500	0.4520
protracted	0.5920	0.5090
protrude	0.7040	0.6270
protrusion	0.3540	0.6700
proud	0.9060	0.7000
prove	0.5830	0.5200
proven	0.7240	0.3110
proverb	0.7140	0.2600
proverbial	0.5830	0.4300
provide	0.8330	0.5170
provided	0.8710	0.3530
providence	0.6030	0.3370
provider	0.7510	0.4940
providing	0.8160	0.5500
province	0.7140	0.2550
provincial	0.6450	0.3410
provision	0.7500	0.4500
provisional	0.5310	0.5390
provisionally	0.5700	0.4700
provisions	0.6700	0.5100
proviso	0.4180	0.4060
provocation	0.2100	0.8930
provocative	0.4380	0.8140
provoke	0.3000	0.8710
provoked	0.2710	0.6760
provoking	0.3380	0.9200
provost	0.4800	0.4740
prowess	0.7920	0.6570
prowl	0.3120	0.5420
prowler	0.3750	0.6080
proximal	0.5410	0.4600
proximate	0.6670	0.4330
proximity	0.6770	0.5080
proxy	0.5210	0.4080
prude	0.3270	0.4100
prudence	0.7810	0.2840
prudent	0.7060	0.2500
prune	0.5310	0.3110
pruning	0.2650	0.3020
pry	0.4060	0.4820
prying	0.3850	0.6470
psalm	0.6880	0.2240
psalms	0.6020	0.2520
pseudo	0.3670	0.3890
pseudonym	0.5000	0.3980
psi	0.4290	0.4540
psoriasis	0.1250	0.6740
psych	0.4800	0.5000
psyche	0.4270	0.3750
psychedelic	0.4500	0.6300
psychiatric	0.2100	0.6160
psychiatrist	0.4890	0.6270
psychiatry	0.1910	0.6630
psychic	0.4900	0.5590
psychical	0.5000	0.5000
psychics	0.4900	0.5290
psycho	0.0390	0.9220
psychoanalysis	0.4380	0.4900
psychoanalyst	0.3430	0.6000
psychobabble	0.3630	0.6020
psychological	0.4060	0.4490
psychologist	0.3750	0.3080
psychology	0.5610	0.3960
psychopath	0.0400	0.9430
psychopathic	0.0770	0.9180
psychosis	0.1670	0.8590
psychosomatic	0.2500	0.5800
psychotherapy	0.3960	0.5470
psychotic	0.1980	0.8560
pterodactyl	0.3540	0.7160
ptsd	0.3730	0.5200
pub	0.5920	0.6370
puberty	0.5520	0.7860
pubes	0.4900	0.5130
pubescent	0.5500	0.5700
pubic	0.4060	0.5700
public	0.5920	0.5100
publication	0.5490	0.4700
publicist	0.5620	0.5310
publicity	0.5900	0.6220
publicly	0.7400	0.4810
publicspeaking	0.4480	0.9170
publish	0.7140	0.5470
published	0.6670	0.4290
publisher	0.5710	0.3920
publishing	0.7080	0.6150
puck	0.3980	0.4900
pucker	0.3270	0.4270
pudding	0.7500	0.2550
puddle	0.3960	0.3020
pudgy	0.3100	0.4280
puff	0.5310	0.3670
puffing	0.3960	0.6120
puffy	0.3330	0.5400
pug	0.6000	0.2980
puke	0.2040	0.5450
pull	0.4500	0.6850
pulley	0.4800	0.3330
pullover	0.6570	0.3400
pulmonary	0.2760	0.4710
pulp	0.4690	0.2310
pulpit	0.4690	0.4490
pulsar	0.4900	0.5000
pulsation	0.4480	0.5670
pulse	0.5070	0.4120
puma	0.6150	0.7040
pump	0.4170	0.8820
pumped	0.6150	0.7000
pumpkin	0.5390	0.1770
pun	0.6530	0.5290
punch	0.2290	0.7870
punched	0.1880	0.6340
punching	0.3320	0.9150
punchy	0.5200	0.6180
punctual	0.7450	0.3370
punctuality	0.8100	0.4060
punctually	0.7600	0.3800
punctuation	0.5610	0.3850
puncture	0.1980	0.7770
pundit	0.6440	0.5820
pungent	0.3470	0.7550
punish	0.0610	0.8080
punishable	0.1980	0.5880
punished	0.1770	0.7350
punishing	0.0940	0.8980
punishment	0.0830	0.8250
punitive	0.2810	0.5760
punk	0.4290	0.6300
punt	0.3650	0.4800
puny	0.3120	0.3240
pup	0.7550	0.4270
pupil	0.7290	0.4060
puppet	0.4590	0.4330
puppeteer	0.3370	0.4910
puppy	0.9080	0.4610
purchase	0.6250	0.5000
purchaser	0.5100	0.5490
purchasing	0.6670	0.6530
pure	0.8110	0.3060
purebliss	0.6250	0.4510
puree	0.7080	0.2550
purely	0.6840	0.4410
purgatory	0.2550	0.7050
purge	0.1250	0.5660
purification	0.8470	0.4520
purify	0.8230	0.3040
purist	0.6250	0.4180
purity	0.8230	0.2050
purple	0.7000	0.2980
purport	0.6630	0.3770
purpose	0.8000	0.5340
purposely	0.6460	0.7060
purr	0.6040	0.4600
purring	0.7480	0.3300
purse	0.6560	0.1760
pursuance	0.5520	0.5000
pursue	0.4170	0.7830
pursuing	0.4830	0.9060
pursuit	0.6430	0.4530
purveyor	0.6430	0.4800
purview	0.6350	0.4800
pus	0.1350	0.4310
push	0.4170	0.6080
pusher	0.3230	0.8280
pushing	0.3960	0.6440
pushover	0.3470	0.5580
pushy	0.0800	0.9060
puss	0.3060	0.5820
pussy	0.3230	0.7590
pussycat	0.5410	0.2900
put	0.5200	0.3980
putative	0.5100	0.4800
putrid	0.1460	0.6200
puts	0.4280	0.4070
putt	0.4800	0.5000
putter	0.3710	0.3940
putty	0.4380	0.3040
puzzle	0.5370	0.4710
puzzled	0.2040	0.5000
puzzling	0.2960	0.6440
pygmy	0.3570	0.3730
pylon	0.4170	0.2880
pyramid	0.7400	0.3900
pyramidal	0.6130	0.3850
pyrotechnics	0.5610	0.8210
python	0.2190	0.6180
quack	0.5300	0.4510
quad	0.5200	0.4410
quadrangle	0.4580	0.5890
quadrant	0.5000	0.2690
quadratic	0.4300	0.3850
quadrature	0.4580	0.3630
quadruple	0.5100	0.4000
quadrupole	0.4500	0.4250
quagmire	0.3180	0.4800
quail	0.5000	0.3180
quaint	0.6250	0.4630
quake	0.1100	0.8240
qualifications	0.7760	0.5760
qualified	0.7600	0.5200
qualify	0.7300	0.5940
qualifying	0.7880	0.5770
qualities	0.8440	0.5100
quality	0.8960	0.4430
quandary	0.2080	0.5750
quantify	0.7190	0.4590
quantitative	0.6040	0.4600
quantitatively	0.5100	0.4910
quantity	0.5200	0.4720
quantum	0.7040	0.5000
quarantine	0.1600	0.5770
quarrel	0.1120	0.9290
quarry	0.3780	0.4260
quart	0.4390	0.2650
quarter	0.5680	0.2960
quarterback	0.6770	0.7260
quartered	0.2960	0.8700
quarterly	0.6040	0.3800
quartermaster	0.5510	0.5800
quarters	0.5100	0.4120
quartet	0.4790	0.3770
quartile	0.4380	0.4450
quarto	0.4580	0.3960
quartz	0.7040	0.2920
quash	0.2710	0.6890
quasi	0.5100	0.3430
quaternary	0.4910	0.3700
quay	0.5420	0.2090
queasiness	0.2300	0.5940
queasy	0.2500	0.5870
queen	0.8750	0.6920
quell	0.3880	0.6960
quench	0.3850	0.3440
query	0.5210	0.4200
quest	0.6430	0.7160
question	0.5100	0.4100
questionable	0.2680	0.5510
questioning	0.4380	0.6960
questionnaire	0.3850	0.3270
queue	0.4580	0.3440
queues	0.3850	0.4790
quibble	0.3120	0.6850
quiche	0.5000	0.4560
quick	0.7040	0.7550
quicken	0.6860	0.7500
quickie	0.6000	0.7000
quickly	0.7840	0.8500
quickness	0.7740	0.6350
quicksand	0.2190	0.7400
quicksilver	0.4170	0.4410
quid	0.4790	0.3780
quiescent	0.5000	0.1600
quiet	0.7920	0.1050
quietly	0.5610	0.1250
quill	0.5210	0.2160
quilt	0.6430	0.1230
quince	0.5570	0.3680
quinine	0.4180	0.4610
quintet	0.5600	0.5600
quirk	0.4900	0.3840
quirky	0.7080	0.3730
quit	0.4690	0.5590
quits	0.2290	0.4800
quitter	0.2600	0.4600
quiver	0.3200	0.4520
quivering	0.4070	0.7760
quiz	0.4620	0.6100
quorum	0.6150	0.5440
quota	0.4270	0.4100
quotation	0.7960	0.5900
quote	0.6800	0.5500
quotes	0.6250	0.5780
quotient	0.6150	0.2900
rabbi	0.4590	0.3620
rabbit	0.6850	0.3300
rabble	0.1840	0.6020
rabid	0.0890	0.8270
rabies	0.1150	0.7500
raccoon	0.5410	0.4350
race	0.5920	0.4260
racehorse	0.7190	0.7020
racer	0.4800	0.6310
racetrack	0.7080	0.8080
racial	0.2920	0.5190
racism	0.1220	0.6730
racist	0.0610	0.6730
rack	0.3850	0.3730
racket	0.5200	0.3560
racketeering	0.1670	0.8770
racking	0.4110	0.4420
racquetball	0.5820	0.6670
racy	0.4270	0.5660
radar	0.5210	0.6150
radial	0.4390	0.4040
radiance	0.7960	0.6250
radiant	0.8880	0.7170
radiate	0.7190	0.7350
radiation	0.1670	0.7410
radiator	0.3850	0.4520
radical	0.5000	0.7920
radically	0.5520	0.7310
radio	0.5730	0.4020
radioactive	0.1900	0.7980
radioactivity	0.2400	0.9100
radiograph	0.5610	0.4900
radiography	0.4690	0.6140
radiologist	0.4900	0.4230
radiology	0.4590	0.4600
radish	0.5000	0.3160
radium	0.4690	0.3600
radius	0.5210	0.3240
radon	0.3230	0.4180
raffle	0.6400	0.5100
raft	0.5100	0.2290
rag	0.2550	0.2260
rage	0.0820	0.8880
ragemode	0.3630	0.6630
ragetweet	0.3980	0.5510
ragged	0.1980	0.5190
raggedy	0.1980	0.5310
raging	0.2190	0.9270
rags	0.4340	0.3090
ragtime	0.4690	0.6020
raid	0.3500	0.7260
raider	0.3020	0.8600
rail	0.4700	0.5000
railing	0.5510	0.2980
railroad	0.5910	0.5920
railway	0.6130	0.6150
raiment	0.6670	0.4020
rain	0.5420	0.3880
rainbow	0.8780	0.3500
rainbow trout	0.7000	0.4620
rainbows	0.8750	0.5170
raincoat	0.4580	0.3000
raindrops	0.6980	0.3370
rainfall	0.6040	0.3140
rainforest	0.6120	0.3750
rainmaker	0.4480	0.5090
rainstorm	0.3920	0.5350
rainy	0.6100	0.4510
rainyday	0.5200	0.3800
raise	0.8850	0.6850
raised	0.6560	0.3260
raisin	0.5940	0.2350
raising	0.7350	0.5190
rake	0.4100	0.2860
rally	0.6120	0.6800
ram	0.4060	0.4520
ramble	0.6150	0.4640
rambling	0.4480	0.5100
ramp	0.4900	0.5170
rampage	0.2400	0.8750
rampant	0.4900	0.7880
rampart	0.3220	0.5200
ramrod	0.4060	0.4080
ranch	0.3570	0.4200
rancher	0.5100	0.5200
rancid	0.1560	0.4510
random	0.4900	0.5200
randomly	0.4100	0.5940
randomness	0.4180	0.4490
randy	0.4900	0.3940
range	0.4900	0.4720
ranger	0.5260	0.5450
rank	0.5310	0.3800
ranking	0.5400	0.5920
ransom	0.5820	0.8000
rant	0.2190	0.7740
ranting	0.1810	0.7550
rap	0.6040	0.5750
rape	0.0620	0.8560
rapid	0.6670	0.7880
rapidity	0.6670	0.7980
rapids	0.5730	0.8170
rapist	0.0620	0.9060
rapper	0.5500	0.7550
rapping	0.5650	0.7160
rapport	0.7710	0.6640
rapt	0.5210	0.7360
raptor	0.2700	0.7730
raptors	0.2800	0.5650
rapture	0.4390	0.8830
rare	0.3960	0.4130
rarely	0.4080	0.3670
rarity	0.6460	0.5480
rascal	0.1690	0.7060
rash	0.2190	0.8200
raspberries	0.8020	0.2780
raspberry	0.7350	0.3360
rat	0.2710	0.5670
ratchet	0.4490	0.5200
rate	0.5210	0.2970
ratification	0.6530	0.5770
ratify	0.7500	0.4620
rating	0.6630	0.6790
ratio	0.5600	0.4610
ration	0.5210	0.3460
rational	0.7750	0.3470
rationale	0.6560	0.4000
rationalism	0.5620	0.5000
rationality	0.6330	0.5100
rationalize	0.6330	0.4000
rationing	0.3960	0.4040
rattan	0.4340	0.3340
rattle	0.4900	0.4290
rattled	0.3540	0.6410
rattler	0.3960	0.7300
rattlesnake	0.1880	0.8030
ratty	0.3540	0.4500
raucous	0.3160	0.7400
ravage	0.2140	0.7550
rave	0.4900	0.6370
raven	0.4790	0.4460
ravenous	0.4060	0.7000
ravine	0.3540	0.6730
raving	0.3120	0.7640
ravioli	0.6560	0.2810
ravishing	0.7450	0.8330
raw	0.1430	0.3490
rawhide	0.2920	0.3600
rawr	0.4570	0.6350
ray	0.5500	0.6700
razor	0.2600	0.6100
reach	0.7190	0.6250
react	0.5000	0.7160
reaction	0.4700	0.8110
reactionary	0.4060	0.5730
reactive	0.4340	0.8170
reactor	0.4380	0.7940
read	0.7400	0.2830
reader	0.7760	0.2240
readership	0.6980	0.3060
readily	0.7400	0.2900
readiness	0.7080	0.5310
reading	0.7810	0.1830
readjustment	0.5600	0.5630
readout	0.5900	0.2500
ready	0.7700	0.3880
readytogo	0.6670	0.6540
reaffirm	0.7500	0.5590
reagent	0.3850	0.6980
real	0.7190	0.5100
realism	0.7400	0.5450
realist	0.7200	0.5720
realistic	0.7000	0.5200
reality	0.7860	0.3650
realization	0.5540	0.5100
realize	0.7570	0.4620
realm	0.7080	0.5090
realtor	0.4290	0.4710
realty	0.6330	0.4710
ream	0.4900	0.1730
reap	0.6770	0.4220
reaper	0.3400	0.5650
reappear	0.6880	0.6250
rear	0.4590	0.5200
rearrange	0.6560	0.5100
rearrangement	0.5420	0.5270
reason	0.7810	0.4550
reasonable	0.9020	0.3370
reasonableness	0.7290	0.4480
reasoning	0.7290	0.3650
reasons	0.5830	0.4600
reassemble	0.5520	0.5400
reassign	0.3590	0.4900
reassignment	0.5510	0.4800
reassurance	0.8750	0.1270
reassure	0.8370	0.3060
reassured	0.8540	0.1860
reassuring	0.8470	0.3080
rebate	0.6670	0.5690
rebel	0.2350	0.8300
rebellion	0.2450	0.8430
rebellious	0.3440	0.8800
rebels	0.1350	0.8600
rebirth	0.7810	0.7120
reboot	0.6730	0.5770
reborn	0.8020	0.6180
rebound	0.5210	0.4800
rebuild	0.6560	0.5570
rebuke	0.1150	0.6770
rebut	0.1540	0.5190
rebuttal	0.3120	0.6900
recalcitrant	0.3570	0.6240
recall	0.5830	0.3510
recant	0.3330	0.5750
recap	0.6020	0.5780
recapture	0.3330	0.6560
recast	0.3670	0.4810
recede	0.2310	0.4490
receding	0.2240	0.4180
receipt	0.5420	0.2300
receipts	0.3200	0.3330
receive	0.7400	0.4620
received	0.6460	0.4360
receiver	0.5830	0.4640
receiving	0.7190	0.5620
recent	0.5920	0.3650
receptacle	0.5000	0.4510
reception	0.6940	0.3750
receptionist	0.6770	0.4300
receptive	0.7290	0.5190
receptor	0.4170	0.3600
recess	0.6460	0.5100
recesses	0.3670	0.4700
recession	0.3680	0.3980
recharge	0.5840	0.7020
recheck	0.4400	0.4900
recherche	0.4580	0.4900
recidivism	0.2450	0.5200
recipe	0.6980	0.2710
recipient	0.6040	0.3240
reciprocal	0.6770	0.5200
reciprocate	0.7600	0.4600
reciprocity	0.7400	0.6730
recital	0.8380	0.4400
recitation	0.7080	0.5190
recite	0.6880	0.3980
reckless	0.2620	0.7880
recklessness	0.2920	0.7630
reckon	0.6430	0.4200
reckoning	0.4180	0.6220
reclaim	0.4690	0.7240
reclamation	0.5730	0.7500
recline	0.4600	0.4040
reclining	0.4480	0.3120
recluse	0.2400	0.4900
recognition	0.8330	0.5870
recognizable	0.6250	0.4000
recognize	0.7600	0.3150
recognized	0.8750	0.4580
recoil	0.0890	0.4290
recollect	0.6880	0.4910
recollection	0.7220	0.3370
recombinant	0.5610	0.5190
recombination	0.5100	0.4920
recommend	0.8120	0.4390
recommendation	0.9120	0.3880
recompense	0.8440	0.6200
recon	0.5000	0.4470
reconcile	0.7600	0.4700
reconciliation	0.8960	0.5700
reconfigure	0.4290	0.5000
reconnaissance	0.7290	0.6040
reconnect	0.6300	0.5480
reconsider	0.4480	0.4420
reconsideration	0.5310	0.4590
reconstitution	0.5870	0.4610
reconstruct	0.7400	0.6180
reconstruction	0.6250	0.7190
reconstructive	0.5960	0.4440
reconvene	0.4900	0.5290
record	0.5520	0.4210
recorder	0.5510	0.3740
recording	0.5730	0.5370
recount	0.4790	0.4020
recoup	0.7190	0.4220
recourse	0.4020	0.3370
recover	0.9180	0.5100
recoverable	0.7800	0.3880
recovery	0.7810	0.4020
recreate	0.7240	0.5450
recreation	0.9090	0.6320
recreational	0.8960	0.6860
recruit	0.5510	0.6540
recruiter	0.6620	0.6300
recruiting	0.4480	0.7870
recruitment	0.4790	0.6450
recruits	0.3960	0.6530
rectal	0.3440	0.6180
rectangle	0.4790	0.2250
rectangular	0.4380	0.2400
rectification	0.4490	0.5600
rectify	0.6250	0.4800
rector	0.4580	0.4060
rectory	0.4900	0.3730
rectum	0.4380	0.4430
recumbent	0.4290	0.3700
recuperation	0.6880	0.4180
recur	0.4790	0.5000
recurrence	0.4900	0.5380
recurrent	0.5520	0.5000
recurring	0.3700	0.5600
recursion	0.3120	0.5800
recursive	0.4590	0.5900
recursively	0.4270	0.5190
recycle	0.5210	0.3920
recycled	0.5610	0.3160
recycling	0.5520	0.3200
red	0.4270	0.3850
reddish	0.5210	0.3370
redecorate	0.6020	0.4440
redeem	0.6330	0.4690
redeemed	0.6250	0.3780
redemption	0.3760	0.4080
redesign	0.6220	0.4600
redhead	0.6770	0.5490
redheaded	0.5100	0.5200
redirect	0.4690	0.3600
redneck	0.4010	0.5000
redness	0.1510	0.4700
redo	0.4810	0.5000
redress	0.6770	0.5580
reduce	0.2190	0.3040
reduced	0.2290	0.3650
reduction	0.3650	0.3820
redundancy	0.3160	0.2620
redundant	0.2100	0.5000
redwood	0.5920	0.3500
reed	0.4900	0.3500
reef	0.5830	0.4900
reefer	0.5000	0.4530
reefs	0.5310	0.4710
reek	0.1770	0.4800
reel	0.4490	0.3320
reelection	0.5410	0.6730
reeling	0.3270	0.5420
reenactment	0.7710	0.5920
reentry	0.6040	0.4490
reestablish	0.6350	0.4900
ref	0.4690	0.3800
refer	0.5060	0.3580
referee	0.5310	0.6440
reference	0.6330	0.3120
referendum	0.5100	0.4690
referral	0.6940	0.3140
refill	0.6700	0.4000
refine	0.6530	0.4600
refined	0.8500	0.4300
refinement	0.7190	0.3870
refinery	0.6460	0.4440
refining	0.6940	0.4660
refit	0.5000	0.5770
reflect	0.6980	0.3420
reflecting	0.5900	0.4080
reflection	0.7100	0.5000
reflective	0.6560	0.2920
reflector	0.4790	0.5100
reflex	0.5830	0.4600
reflux	0.2810	0.5590
reform	0.5310	0.4900
reformation	0.8090	0.5000
reformer	0.5620	0.5690
refraction	0.3880	0.4710
refractor	0.5100	0.5410
refractory	0.5200	0.3570
refrain	0.3140	0.3730
refraining	0.4180	0.4530
refresh	0.7190	0.6400
refreshed	0.9100	0.3770
refreshing	0.9360	0.5200
refreshment	0.6670	0.4100
refrigerate	0.6350	0.3570
refrigeration	0.7350	0.3920
refrigerator	0.6770	0.2600
refuel	0.5920	0.4450
refuge	0.6400	0.2380
refugee	0.3790	0.6070
refund	0.5410	0.5280
refurbish	0.6560	0.6330
refusal	0.0520	0.6100
refuse	0.1800	0.5200
refused	0.1630	0.4750
refusing	0.1430	0.6700
refutation	0.3120	0.7260
refute	0.3120	0.7310
regain	0.7290	0.5200
regal	0.6430	0.4590
regalia	0.7600	0.4410
regard	0.8020	0.3360
regatta	0.7400	0.4710
regency	0.5200	0.4720
regenerate	0.7820	0.6070
regeneration	0.7600	0.6400
regent	0.6800	0.5290
reggae	0.6980	0.5200
regime	0.2900	0.6680
regimen	0.4280	0.5380
regiment	0.4690	0.7220
regimental	0.2920	0.6370
region	0.5400	0.2950
regional	0.6200	0.4000
regionalism	0.6400	0.5000
register	0.4900	0.4120
registrar	0.5990	0.5370
registration	0.6220	0.3960
registry	0.5730	0.3200
regress	0.2550	0.4420
regression	0.3120	0.5000
regressive	0.3020	0.4340
regret	0.2300	0.6230
regretful	0.1670	0.4800
regrettable	0.1040	0.3740
regretted	0.3520	0.5400
regretting	0.2550	0.5670
regroup	0.6330	0.6020
regular	0.4350	0.1880
regularity	0.6630	0.3370
regulars	0.7290	0.3270
regulate	0.5100	0.2750
regulated	0.5310	0.2690
regulation	0.5420	0.4250
regulator	0.5000	0.3360
regulatory	0.5310	0.4480
regurgitation	0.1600	0.6470
rehab	0.5310	0.4500
rehabilitate	0.6710	0.5380
rehabilitation	0.4060	0.5280
rehash	0.4050	0.4510
rehearsal	0.6670	0.4700
rehearse	0.5880	0.6220
reign	0.8060	0.5670
reigning	0.6770	0.6320
reimburse	0.6800	0.4180
reimbursement	0.6530	0.6100
rein	0.5000	0.3570
reincarnation	0.7860	0.7470
reindeer	0.5920	0.3360
reinforce	0.6040	0.5830
reinforcement	0.7290	0.7020
reinforcements	0.6460	0.7190
reins	0.4800	0.4480
reinstall	0.4580	0.5000
reinstate	0.7600	0.5510
reinstatement	0.7290	0.5210
reinvest	0.5700	0.6270
reinvestment	0.5820	0.6220
reiterate	0.4220	0.4510
reject	0.0600	0.6470
rejected	0.1020	0.4800
rejection	0.0800	0.7040
rejects	0.0830	0.6370
rejoice	0.8270	0.6500
rejoicing	0.8110	0.6370
rejoin	0.6550	0.5480
rejuvenate	0.7760	0.5880
rejuvenated	0.8090	0.6730
rekindle	0.6560	0.5200
relapse	0.1730	0.4600
relate	0.6530	0.5000
related	0.6770	0.3650
relation	0.8570	0.6040
relationship	0.8670	0.5660
relative	0.5000	0.3780
relativity	0.5940	0.3930
relax	0.9270	0.2500
relaxant	0.8780	0.0870
relaxation	0.8730	0.1610
relaxed	0.8650	0.0900
relaxing	0.8540	0.1570
relay	0.7380	0.5420
release	0.7400	0.6060
released	0.8440	0.4900
relegation	0.3750	0.5000
relentless	0.3330	0.7130
relevance	0.7100	0.5990
relevancy	0.7240	0.4810
relevant	0.7190	0.6080
reliability	0.9170	0.3800
reliable	0.9120	0.2410
reliance	0.8440	0.4310
relic	0.6460	0.4520
relics	0.7190	0.5800
relief	0.8440	0.2780
relieve	0.8130	0.1830
relieved	0.8960	0.3140
relieving	0.7400	0.2550
relight	0.5600	0.5880
religion	0.6460	0.3200
religious	0.7400	0.2380
relinquish	0.2650	0.6060
relish	0.8540	0.6100
relive	0.7500	0.6500
reload	0.5620	0.6110
relocate	0.5000	0.5940
relocation	0.3960	0.5000
reluctance	0.2400	0.6060
reluctant	0.2920	0.6300
rely	0.8120	0.4290
remain	0.7090	0.3650
remainder	0.3980	0.3570
remaining	0.4490	0.2900
remains	0.6100	0.2400
remake	0.5830	0.4880
remand	0.2450	0.4460
remark	0.5610	0.3250
remarkable	0.8800	0.5730
remarkably	0.6880	0.6180
remarry	0.6530	0.7910
rematch	0.4690	0.7980
remedial	0.3690	0.4180
remedy	0.6250	0.2830
remember	0.7760	0.4220
remembered	0.9160	0.3330
remembering	0.5350	0.3860
remembrance	0.8120	0.2500
remind	0.7210	0.4150
reminder	0.5520	0.4230
reminisce	0.9030	0.4900
reminiscent	0.5000	0.4810
reminiscing	0.6880	0.4310
remiss	0.1900	0.6500
remission	0.4180	0.3300
remit	0.5100	0.5090
remittance	0.6840	0.4790
remnant	0.3670	0.3120
remodel	0.6040	0.6470
remorse	0.1030	0.6730
remorseful	0.3470	0.4290
remote	0.4580	0.3330
remoteness	0.3230	0.5100
removal	0.2450	0.5400
remove	0.2920	0.5390
remover	0.3370	0.4430
remuneration	0.7920	0.7600
renaissance	0.7710	0.6700
renal	0.3000	0.4800
rencontre	0.5100	0.4520
rend	0.4290	0.4230
render	0.5410	0.3950
rendering	0.5310	0.4340
rendezvous	0.7500	0.4900
rendition	0.4170	0.3600
renegade	0.1400	0.6400
renegotiate	0.5800	0.7020
renew	0.8680	0.4810
renewal	0.7700	0.7100
renounce	0.1560	0.4900
renovate	0.8780	0.5490
renovated	0.7830	0.4060
renovation	0.8160	0.5900
renown	0.6930	0.4750
renowned	0.8440	0.4810
rent	0.3440	0.4290
rental	0.5100	0.3700
renter	0.5900	0.3010
renunciation	0.2600	0.5780
reopen	0.6560	0.5280
reorganization	0.6220	0.5870
reorganize	0.6670	0.5900
rep	0.5200	0.5100
repaint	0.6220	0.3820
repair	0.5830	0.4600
repairman	0.5820	0.4260
reparation	0.5310	0.6150
repay	0.4690	0.6320
repayment	0.4790	0.4900
repeal	0.2600	0.4800
repeat	0.4900	0.5290
repeated	0.4290	0.4720
repeatedly	0.4790	0.5750
repeater	0.4790	0.4260
repel	0.2240	0.6200
repellant	0.2920	0.6200
repellent	0.2860	0.5000
repelling	0.1840	0.6330
repent	0.4490	0.4220
repentance	0.4170	0.6040
repentant	0.3260	0.5000
repertoire	0.6330	0.5940
repertory	0.5620	0.4730
repetition	0.3750	0.5190
repetitive	0.3200	0.4380
rephrase	0.5470	0.4510
replace	0.4170	0.5200
replacement	0.3850	0.5190
replay	0.6120	0.5220
replenish	0.6150	0.3360
replete	0.5520	0.4970
replica	0.4800	0.5200
replicate	0.4800	0.6300
replication	0.3420	0.6180
reply	0.7620	0.2900
report	0.5830	0.4440
reported	0.4180	0.4420
reporter	0.5310	0.5500
repose	0.4690	0.1000
reposition	0.4080	0.5290
repository	0.4060	0.3960
repossess	0.4180	0.6670
reprehensible	0.3160	0.5690
represent	0.7810	0.4330
representation	0.6770	0.5420
representative	0.7040	0.3660
represented	0.7240	0.4440
representing	0.7960	0.4640
repress	0.2080	0.6120
repressed	0.1880	0.3370
repression	0.2140	0.7640
reprieve	0.5310	0.4710
reprimand	0.1530	0.5280
reprint	0.5100	0.4490
reprisal	0.1250	0.7880
reprise	0.4590	0.5000
reproach	0.2400	0.7550
reproduce	0.8230	0.6220
reproduction	0.8000	0.7360
reproductive	0.7700	0.6040
reprogram	0.5190	0.4040
reptile	0.3500	0.5660
republic	0.6350	0.3400
republican	0.3980	0.5510
repudiation	0.1670	0.6860
repugnance	0.0620	0.6840
repugnant	0.0610	0.7350
repulsion	0.2470	0.6730
repulsive	0.1460	0.7750
repurchase	0.5310	0.5920
reputable	0.7810	0.4620
reputation	0.7400	0.5420
repute	0.7290	0.5000
reputed	0.4390	0.5280
request	0.6250	0.4710
requiem	0.4750	0.3820
require	0.3980	0.4390
required	0.5830	0.5090
requirement	0.5100	0.4390
requisite	0.4480	0.3630
requisition	0.4780	0.5100
reread	0.4480	0.3770
reroute	0.5400	0.5980
rerun	0.3330	0.6200
reschedule	0.4380	0.4220
rescind	0.3470	0.3800
rescission	0.3330	0.5290
rescue	0.8060	0.9260
research	0.6330	0.6630
researcher	0.5690	0.5100
resection	0.3750	0.4820
resemblance	0.7430	0.2160
resemble	0.6020	0.3880
resembling	0.5920	0.2500
resent	0.0730	0.5530
resentful	0.1200	0.6080
resentment	0.1630	0.7450
reservation	0.6880	0.3430
reserve	0.5850	0.2890
reserved	0.5940	0.3160
reserves	0.6530	0.3630
reservoir	0.5310	0.2760
reset	0.4900	0.4500
reside	0.4510	0.4400
residence	0.6150	0.3820
residences	0.6180	0.4180
residency	0.6940	0.3570
resident	0.5920	0.3270
residential	0.7200	0.2100
residual	0.4480	0.2880
residue	0.3540	0.3300
resign	0.2500	0.5430
resignation	0.1450	0.3920
resigned	0.2400	0.1700
resilience	0.5310	0.4400
resilient	0.5420	0.5400
resin	0.2840	0.3080
resist	0.4140	0.6760
resistance	0.4270	0.6940
resistant	0.5920	0.5850
resisting	0.4080	0.7760
resistive	0.3960	0.5190
resolute	0.7710	0.5100
resolutely	0.7140	0.4530
resolution	0.7800	0.5500
resolve	0.7100	0.4720
resolved	0.7350	0.3570
resonance	0.5410	0.4260
resonant	0.5420	0.6330
resonate	0.5820	0.6100
resonator	0.4690	0.6080
resort	0.5730	0.4410
resounding	0.4900	0.7080
resource	0.7400	0.3570
resourceful	0.9060	0.7040
resources	0.6040	0.3480
respect	0.9270	0.3440
respectability	0.8750	0.4070
respectable	0.8500	0.3500
respected	0.9080	0.4410
respectful	0.9510	0.3860
respecting	0.8370	0.3210
respective	0.6250	0.4130
respects	0.8400	0.3870
respiration	0.7600	0.3770
respirator	0.4330	0.3980
respiratory	0.5000	0.4500
respite	0.6000	0.3730
resplendent	0.9050	0.6730
respond	0.5730	0.4350
respondent	0.4490	0.4550
response	0.6150	0.5000
responsibility	0.7600	0.5000
responsible	0.8370	0.5270
responsive	0.8160	0.5690
rest	0.9070	0.1670
restart	0.5310	0.5190
restaurant	0.8470	0.4060
rested	0.7920	0.2350
restful	0.7810	0.1160
restitution	0.5830	0.5420
restless	0.2190	0.8100
restlessness	0.0830	0.7940
restock	0.5100	0.5380
restoration	0.7550	0.4260
restorative	0.6330	0.5100
restore	0.7650	0.4900
restored	0.8920	0.4100
restoring	0.8200	0.4900
restrain	0.1340	0.6960
restrained	0.3540	0.5900
restraining	0.2960	0.7020
restraint	0.1670	0.6180
restrict	0.1150	0.5390
restricted	0.2760	0.5000
restriction	0.1300	0.5900
restrictive	0.2150	0.5960
restroom	0.6530	0.2790
result	0.8120	0.4900
resultant	0.6700	0.4410
resume	0.5730	0.4110
resumption	0.6370	0.5280
resurrect	0.7810	0.7250
resurrection	0.7080	0.7400
resuscitate	0.5310	0.6960
resuscitation	0.7530	0.7680
retail	0.5100	0.3530
retailer	0.7080	0.4390
retain	0.3670	0.4510
retainer	0.3960	0.4220
retaining	0.4170	0.5590
retake	0.6160	0.4710
retaliate	0.1110	0.8120
retaliation	0.1560	0.8120
retaliatory	0.1940	0.8650
retard	0.1940	0.3470
retardation	0.1250	0.3600
retarded	0.3020	0.4620
retards	0.3620	0.4340
retention	0.3440	0.4900
retentive	0.4390	0.4820
rethink	0.4800	0.4230
reticent	0.3960	0.5190
retina	0.4900	0.2550
retinal	0.5310	0.3430
retire	0.3980	0.3920
retired	0.2700	0.2590
retirement	0.2500	0.3240
retiring	0.4080	0.3760
retold	0.4590	0.3850
retort	0.4170	0.5200
retrace	0.2500	0.4820
retract	0.3160	0.4430
retraction	0.3120	0.4910
retractor	0.3540	0.5900
retreat	0.5000	0.5190
retrenchment	0.2300	0.6500
retrial	0.5000	0.5770
retribution	0.6250	0.4900
retrieval	0.7000	0.4400
retrieve	0.7400	0.5760
retriever	0.4590	0.5000
retro	0.6500	0.2760
retroactive	0.5210	0.4520
retrograde	0.2080	0.4640
retrospect	0.4060	0.5000
retrospective	0.5940	0.4810
retrospectively	0.5160	0.4000
return	0.6020	0.4120
reunion	0.8370	0.5000
reunite	0.6560	0.5500
reunited	0.7080	0.4390
rev	0.3670	0.4220
reveal	0.4930	0.6370
revel	0.7400	0.7050
revelation	0.8790	0.5000
revelations	0.7290	0.6550
revels	0.8270	0.6830
revenge	0.2300	0.9400
revenue	0.8730	0.5100
reverberation	0.3900	0.6390
revere	0.7500	0.5620
reverence	0.6430	0.3470
reverend	0.6500	0.3370
reverent	0.5510	0.4900
reverie	0.6670	0.4130
reversal	0.3800	0.5100
reverse	0.5390	0.4150
reversion	0.4580	0.5380
revert	0.3800	0.4510
reverting	0.5620	0.3850
review	0.6670	0.4080
reviewer	0.5620	0.3440
revise	0.5000	0.4690
revision	0.4170	0.4590
revisit	0.5520	0.5300
revival	0.8230	0.6640
revive	0.6760	0.7800
revocation	0.2600	0.6100
revoke	0.2510	0.6960
revolt	0.3430	0.8780
revolting	0.1020	0.6900
revolution	0.4170	0.9020
revolutionary	0.6350	0.8870
revolutionize	0.6840	0.8160
revolve	0.5920	0.5460
revolver	0.1940	0.7960
revolving	0.6020	0.5700
revue	0.5940	0.3500
revulsion	0.1040	0.7650
revving	0.6040	0.8750
reward	0.9480	0.6940
rewarding	0.9580	0.6370
rewind	0.4600	0.5510
rewire	0.3650	0.4620
rewrite	0.4900	0.5000
rhapsody	0.7080	0.4900
rhetoric	0.4170	0.4290
rhetorical	0.4170	0.5690
rheumatism	0.2190	0.4720
rhinestone	0.5310	0.5510
rhino	0.5310	0.5490
rhinoceros	0.5560	0.6560
rhubarb	0.5820	0.3040
rhyme	0.6670	0.2490
rhyming	0.7290	0.4100
rhythm	0.7710	0.7590
rhythmic	0.7140	0.6420
rhythmical	0.8440	0.6940
rib	0.4900	0.3490
ribbed	0.3650	0.3780
ribbon	0.7190	0.2880
rice	0.6670	0.2080
rich	0.8820	0.6270
riches	0.9580	0.6940
richness	0.8960	0.8330
rick	0.4590	0.4200
rickety	0.2240	0.4020
rickshaw	0.4380	0.5940
ricochet	0.2870	0.6180
rid	0.1940	0.4080
riddance	0.3230	0.5620
riddle	0.5210	0.5830
riddled	0.2810	0.8610
ride	0.8060	0.4650
rider	0.6350	0.6270
ridge	0.4840	0.4020
ridicule	0.1430	0.7450
ridiculed	0.1120	0.8060
ridiculous	0.1590	0.5940
riding	0.6940	0.6540
rife	0.5700	0.5610
riff	0.5210	0.5510
riffraff	0.3600	0.4040
rifle	0.3290	0.9000
rifleman	0.2450	0.8630
rifles	0.3370	0.8640
rift	0.2460	0.5190
rig	0.5420	0.3820
rigged	0.1880	0.5100
rigging	0.5100	0.5180
right	0.7400	0.3520
righteous	0.8230	0.3850
righteousness	0.8020	0.6600
rightful	0.8370	0.3580
rightly	0.7400	0.4710
righty	0.7500	0.3140
rigid	0.3570	0.5520
rigidity	0.1980	0.5300
rigor	0.3750	0.7450
rigorous	0.4380	0.8180
rim	0.5100	0.3970
rind	0.5420	0.2800
ring	0.6770	0.4270
ringer	0.5730	0.6040
ringing	0.7240	0.5980
ringleader	0.5200	0.5500
ringmaster	0.6300	0.6220
ringside	0.5000	0.6440
rink	0.5510	0.3920
rinse	0.6630	0.1680
riot	0.0610	0.9460
rioting	0.1560	0.9490
riotous	0.1630	0.8370
riots	0.0990	0.8820
rip	0.1460	0.6760
riparian	0.5520	0.4080
ripe	0.6710	0.3370
ripen	0.7550	0.3730
ripening	0.6150	0.4900
ripper	0.2190	0.8870
ripple	0.5000	0.4530
rippling	0.5000	0.4800
rise	0.6670	0.5930
rising	0.7500	0.6020
risk	0.2400	0.8160
risky	0.2240	0.9220
risotto	0.8020	0.4540
rite	0.3780	0.5700
ritual	0.3750	0.5200
ritualistic	0.4500	0.5830
rival	0.2860	0.6050
rivalry	0.1920	0.7650
river	0.6880	0.3920
riverbank	0.6840	0.3000
riverbed	0.6100	0.2330
riverboat	0.5610	0.3470
rivet	0.4580	0.3060
riveted	0.3850	0.4390
riveting	0.4480	0.5440
roach	0.1460	0.5980
road	0.6560	0.4040
roadblock	0.3370	0.6690
roadhouse	0.5000	0.6200
roadie	0.5000	0.5660
roadrage	0.4580	0.5670
roadrunner	0.4900	0.7020
roads	0.6770	0.4480
roadside	0.5000	0.5690
roadster	0.5310	0.6220
roadtrip	0.6770	0.5960
roadway	0.5620	0.2060
roadworks	0.5620	0.5380
roam	0.5100	0.5500
roar	0.4270	0.8160
roaring	0.4490	0.8170
roast	0.5210	0.5410
roasted	0.6150	0.5200
rob	0.1120	0.8400
robber	0.1350	0.7720
robbery	0.1330	0.8430
robe	0.5940	0.2160
robin	0.5520	0.3630
robot	0.4410	0.3370
robotic	0.4170	0.6020
robotics	0.5920	0.6000
robust	0.6670	0.6040
roc	0.4270	0.5100
rock	0.6230	0.2360
rocker	0.6150	0.7040
rocket	0.6640	0.8240
rocks	0.3650	0.2090
rod	0.4790	0.3190
rodent	0.3230	0.5770
rodeo	0.4900	0.6760
roe	0.4900	0.3820
rogue	0.3340	0.7130
role	0.5520	0.2600
roll	0.4690	0.5100
roller	0.5210	0.3940
rollercoaster	0.8020	0.9100
rollers	0.4900	0.3650
rollicking	0.8780	0.8060
rolling	0.5100	0.6060
roman	0.6150	0.4750
romance	0.9800	0.6820
romantic	0.9360	0.5310
romanticism	0.8540	0.5210
romp	0.6100	0.6400
roof	0.6020	0.2260
rooftop	0.5710	0.4710
rook	0.3800	0.4000
rookie	0.5830	0.3700
room	0.7290	0.2830
roomful	0.7860	0.4250
roommate	0.7500	0.4810
rooms	0.6770	0.2410
roomy	0.7600	0.3420
roost	0.5000	0.4100
rooster	0.4590	0.3850
root	0.6020	0.2790
root beer	0.5820	0.5200
rooted	0.5100	0.5270
rope	0.3850	0.2800
ropes	0.4580	0.3040
rosary	0.8060	0.1400
rose	0.8650	0.2760
rosemary	0.6880	0.3810
rosette	0.4690	0.4100
roster	0.5310	0.3060
rosy	0.9400	0.5280
rot	0.0310	0.5580
rota	0.3200	0.4620
rotary	0.5730	0.4620
rotate	0.4580	0.4700
rotation	0.6700	0.5200
rote	0.5610	0.4810
rotor	0.5000	0.4580
rotten	0.1040	0.5900
rotting	0.1880	0.4620
rotunda	0.5000	0.4640
rouge	0.5620	0.4000
rough	0.4060	0.7940
roughly	0.4480	0.5390
roughneck	0.3230	0.6400
roughness	0.2140	0.5780
roulette	0.3260	0.6900
round	0.5520	0.4340
roundabout	0.4900	0.4250
rounded	0.5920	0.3910
roundup	0.5200	0.5800
rouse	0.5210	0.4900
rouser	0.4800	0.5400
rousing	0.7140	0.5170
rout	0.1630	0.6250
route	0.5830	0.3530
routine	0.3650	0.2190
rove	0.4570	0.4000
rover	0.5100	0.5380
roving	0.5830	0.4420
row	0.4270	0.2750
rowboat	0.4550	0.3930
rowdy	0.2550	0.9000
rowing	0.4580	0.4430
royal	0.7960	0.4300
royalty	0.8320	0.5710
rub	0.5210	0.5650
rubber	0.4600	0.2170
rubbers	0.6040	0.3600
rubbing	0.4060	0.5690
rubbish	0.1980	0.4540
rubble	0.3080	0.5090
rubdown	0.5610	0.4910
rubric	0.4270	0.2600
ruby	0.6630	0.4080
ruckus	0.2710	0.7060
rudder	0.4390	0.4690
ruddy	0.4900	0.6300
rude	0.0610	0.8210
rudeness	0.2800	0.8190
rudimentary	0.2860	0.3210
rudiments	0.3850	0.5200
rue	0.3230	0.3940
rueful	0.1730	0.4290
ruff	0.3650	0.5100
ruffian	0.1300	0.8240
ruffle	0.4430	0.5610
rug	0.5200	0.2400
rugby	0.6770	0.8200
rugged	0.5610	0.5690
ruin	0.1250	0.5880
ruination	0.1840	0.5820
ruined	0.1350	0.5640
ruinous	0.2550	0.6900
ruins	0.2500	0.4900
rule	0.5670	0.4270
ruler	0.4400	0.4000
ruling	0.1770	0.5660
rum	0.5610	0.3770
rumba	0.7810	0.8270
rumble	0.3670	0.7450
rummage	0.2430	0.6150
rumor	0.2550	0.5820
rumored	0.4270	0.6040
rump	0.4490	0.4250
rumpus	0.4480	0.5310
run	0.5420	0.7870
runaround	0.4480	0.5190
runaway	0.2710	0.7700
rundown	0.5200	0.2960
runes	0.4380	0.3000
rung	0.5100	0.3550
runner	0.4590	0.7470
running	0.7300	0.8580
running shoes	0.6530	0.5730
runny	0.5400	0.4390
runt	0.3700	0.5000
runway	0.5850	0.3730
rupture	0.1250	0.6330
rural	0.5620	0.2450
ruse	0.5310	0.6400
rush	0.4060	0.8090
rushing	0.3980	0.8210
rust	0.2810	0.2650
rusted	0.2860	0.3570
rustic	0.3690	0.6570
rustle	0.3330	0.5380
rustler	0.2810	0.8300
rusty	0.2710	0.3450
rut	0.3330	0.3100
ruth	0.4690	0.4270
ruthless	0.2080	0.8500
rye	0.4900	0.2980
sabbatical	0.7710	0.2400
saber	0.5510	0.6200
sable	0.4490	0.5960
sabotage	0.1350	0.9060
saboteur	0.2500	0.8040
sac	0.3440	0.2450
sack	0.3850	0.3370
sacrament	0.6900	0.3160
sacred	0.8330	0.3750
sacrifice	0.2080	0.8330
sacrifices	0.2810	0.7170
sacrificial	0.1980	0.7550
sacrilege	0.2810	0.7080
sacrilegious	0.1460	0.7360
sad	0.2250	0.3330
sadday	0.5200	0.4180
saddens	0.1040	0.4360
saddle	0.5100	0.5090
sadist	0.0420	0.9180
sadistic	0.0310	0.9060
sadly	0.0470	0.2550
sadness	0.0520	0.2880
safari	0.6630	0.6730
safe	0.8980	0.3060
safeguard	0.7860	0.6240
safekeeping	0.6530	0.5100
safety	0.7080	0.4910
saffron	0.4430	0.3730
sag	0.1530	0.5780
saga	0.6350	0.4400
sage	0.7810	0.3270
saggy	0.3700	0.4290
sail	0.6150	0.2200
sailboat	0.7190	0.3920
sailing	0.6670	0.5200
sailor	0.5000	0.5880
saint	0.8120	0.2400
sainted	0.7080	0.2960
saintly	0.8650	0.2860
sake	0.4900	0.5730
salad	0.7500	0.2600
salamander	0.4100	0.3620
salami	0.6670	0.3600
salary	0.7860	0.4800
sale	0.6470	0.6020
salesgirl	0.5820	0.4900
salesman	0.6430	0.5590
salient	0.6000	0.5730
saline	0.4300	0.3400
saliva	0.2140	0.2650
sally	0.6040	0.3900
salmon	0.7600	0.2500
salmonella	0.1670	0.6080
salon	0.5310	0.2960
saloon	0.6300	0.3000
salsa	0.7420	0.5000
salt	0.3230	0.3120
salted	0.3330	0.4000
saltwater	0.3270	0.3300
salty	0.3880	0.5310
salutary	0.8850	0.3600
salutation	0.8780	0.4170
salute	0.8330	0.5420
salvage	0.6220	0.5100
salvation	0.8570	0.4800
salve	0.6120	0.3900
samba	0.7810	0.7400
sameness	0.5310	0.3300
sample	0.5210	0.1870
samurai	0.5620	0.7360
sanatorium	0.4690	0.4900
sanctification	0.7700	0.4310
sanctified	0.7920	0.2400
sanctify	0.6730	0.4430
sanctimonious	0.2400	0.3650
sanction	0.2010	0.7500
sanctioned	0.3230	0.6960
sanctity	0.7710	0.3300
sanctuary	0.8630	0.2260
sanctum	0.5210	0.4380
sand	0.5820	0.2790
sandal	0.4900	0.2830
sandbox	0.5730	0.2740
sander	0.4380	0.5800
sandman	0.4790	0.4690
sandpaper	0.4170	0.4250
sands	0.6460	0.3040
sandstorm	0.3240	0.8210
sandwich	0.6720	0.3140
sandy	0.4060	0.2650
sane	0.7600	0.2350
sanguine	0.5200	0.5600
sanitarium	0.4480	0.6450
sanitary	0.4580	0.3200
sanitation	0.7420	0.3120
sanity	0.6670	0.3330
sans	0.4590	0.2940
santa	0.7350	0.2860
sap	0.4700	0.2980
sapiens	0.4800	0.4530
sapphire	0.7700	0.4720
sappy	0.5830	0.4690
sarcasm	0.1250	0.6850
sarcastic	0.3970	0.7810
sarcoma	0.2600	0.5190
sarcophagus	0.2710	0.5610
sardine	0.5410	0.2360
sardonic	0.2080	0.6790
sarsaparilla	0.5420	0.4880
sash	0.4800	0.2980
sashimi	0.7040	0.3100
sassafras	0.4690	0.3880
sassy	0.2710	0.7040
satanic	0.0620	0.8430
satchel	0.5210	0.3060
sate	0.6670	0.4000
satellite	0.5620	0.4090
satin	0.5190	0.3960
satire	0.4580	0.6550
satirical	0.3230	0.6150
satisfaction	0.9390	0.6370
satisfactorily	0.7650	0.5700
satisfactory	0.9590	0.5690
satisfied	0.9590	0.5100
satisfy	0.8670	0.7900
satisfying	0.8900	0.6060
saturate	0.2810	0.6800
saturated	0.4740	0.7000
saturation	0.2550	0.5820
satyr	0.2800	0.6390
sauce	0.5620	0.5150
saucepan	0.3470	0.2640
saucer	0.5100	0.3270
saucy	0.2500	0.6530
sauerkraut	0.5310	0.4540
sauna	0.7810	0.3500
sausage	0.5420	0.4290
savage	0.2040	0.9310
savagery	0.2190	0.9070
savanna	0.6060	0.1470
savannah	0.7290	0.2120
savant	0.7810	0.4510
save	0.7700	0.4390
saver	0.7450	0.3820
saving	0.6630	0.2300
savings	0.7760	0.4310
savior	0.9200	0.4690
savor	0.8270	0.5520
savory	0.8120	0.7170
savvy	0.7190	0.5200
saw	0.3160	0.5410
sawdust	0.3980	0.2790
sawmill	0.4270	0.3780
sax	0.5730	0.4650
saxophone	0.6880	0.4440
say	0.5710	0.3100
sayonara	0.5600	0.3980
scab	0.3540	0.3300
scabbard	0.3250	0.2190
scaffold	0.4800	0.5000
scaffolding	0.4960	0.3660
scalding	0.2710	0.5400
scale	0.3100	0.3500
scales	0.4390	0.3300
scallop	0.4900	0.3630
scalp	0.3470	0.3460
scalpel	0.3020	0.7000
scaly	0.2810	0.4810
scam	0.0420	0.7450
scamp	0.4580	0.4640
scampi	0.5310	0.4480
scan	0.4790	0.4230
scandal	0.1220	0.8210
scandalous	0.1350	0.9070
scanner	0.5310	0.3560
scanty	0.2870	0.3330
scape	0.2900	0.6250
scapegoat	0.1840	0.6850
scar	0.1460	0.5000
scarab	0.4060	0.4580
scarce	0.2920	0.3240
scarcely	0.0820	0.4120
scarcity	0.1670	0.5000
scare	0.1220	0.9100
scarecrow	0.2190	0.2740
scared	0.1460	0.8280
scares	0.1220	0.8470
scarf	0.7500	0.2240
scarier	0.1560	0.8460
scariest	0.1670	0.8630
scarlet	0.5070	0.3900
scary	0.0620	0.9520
scat	0.3370	0.5480
scatter	0.2290	0.6200
scattered	0.2080	0.3800
scattering	0.3470	0.5500
scavenger	0.1770	0.5780
scenario	0.6670	0.5100
scene	0.5700	0.3400
scenery	0.7450	0.2530
scenic	0.6840	0.5480
scent	0.6330	0.4100
scented	0.8650	0.5090
scepter	0.6300	0.3000
sceptical	0.2140	0.3870
scepticism	0.2920	0.4440
schadenfreude	0.3540	0.6400
schedule	0.5100	0.3800
schematic	0.4900	0.2840
scheme	0.5210	0.2690
schilling	0.3670	0.4100
schism	0.2800	0.5690
schizophrenia	0.0920	0.8800
schizophrenic	0.1020	0.9580
schlep	0.3020	0.4260
schmuck	0.3630	0.4120
schnapps	0.5830	0.5670
schnitzel	0.3650	0.4300
scholar	0.6940	0.4210
scholarly	0.7500	0.4660
scholarship	0.8660	0.4900
scholastic	0.5000	0.4700
school	0.7650	0.4230
schoolboy	0.6230	0.3850
schoolgirl	0.7600	0.5210
schoolhouse	0.6020	0.4070
schooling	0.5820	0.4620
schoolmaster	0.6670	0.3680
schoolteacher	0.5210	0.3800
schoolwork	0.4790	0.5000
schoolyard	0.6840	0.5290
schooner	0.6350	0.4080
sciatica	0.2860	0.4430
science	0.5880	0.4290
scientific	0.6530	0.5100
scientist	0.5620	0.5000
scifi	0.5920	0.5700
scintilla	0.4760	0.5280
scintillating	0.6500	0.7360
scintillation	0.5760	0.5790
scintillator	0.5830	0.6700
scion	0.4900	0.3800
scissors	0.4580	0.4620
scoff	0.1250	0.6860
scold	0.1940	0.7550
scolding	0.0710	0.8330
scone	0.4180	0.2870
scoop	0.5830	0.5430
scoot	0.5100	0.4900
scooter	0.5100	0.5870
scope	0.6560	0.3860
scorch	0.2140	0.6890
scorching	0.4060	0.6350
score	0.6700	0.3880
scoreboard	0.6670	0.4840
scorer	0.7300	0.6080
scores	0.5940	0.4690
scorn	0.1100	0.7210
scorned	0.0620	0.5290
scornful	0.1730	0.6080
scorpion	0.1980	0.7450
scotch	0.5780	0.5200
scoundrel	0.0940	0.7400
scour	0.3880	0.6020
scourge	0.2140	0.6400
scout	0.6560	0.6110
scowl	0.3020	0.6000
scrabble	0.6250	0.4120
scram	0.3060	0.4850
scramble	0.4690	0.7440
scrambled	0.4510	0.5350
scrambler	0.4170	0.5500
scrambling	0.4210	0.8100
scrap	0.1560	0.3390
scrapbook	0.5620	0.2740
scrape	0.3650	0.6150
scrapie	0.3060	0.7060
scraping	0.2650	0.4790
scrappy	0.3010	0.3750
scratch	0.2760	0.6250
scratchy	0.2350	0.6100
scrawny	0.2760	0.4220
scream	0.1880	0.8630
screamer	0.1560	0.6700
screaming	0.2450	0.9010
screech	0.2140	0.8020
screen	0.6700	0.3000
screening	0.5620	0.5700
screenplay	0.5000	0.4060
screenwriter	0.5710	0.5000
screw	0.3850	0.4600
screwball	0.2710	0.6800
screwdriver	0.5200	0.5190
screwed	0.3020	0.5200
screwy	0.3440	0.5960
screwyou	0.2600	0.6470
scribble	0.4290	0.4530
scribe	0.5410	0.2640
scrimmage	0.3670	0.6600
scrip	0.4300	0.4620
script	0.6100	0.4500
scriptural	0.5510	0.2500
scripture	0.7450	0.2700
scroll	0.3750	0.6300
scrotum	0.3960	0.6530
scrounge	0.2100	0.5650
scrounger	0.3230	0.4900
scrub	0.4170	0.4200
scruffy	0.1940	0.4350
scrumptious	0.9590	0.6500
scrupulous	0.5450	0.6850
scrutinize	0.4580	0.5870
scrutiny	0.5000	0.6530
scuba	0.5420	0.4940
scuff	0.1650	0.5600
scuffle	0.1460	0.8000
scullery	0.4690	0.3370
sculptor	0.6530	0.4310
sculpture	0.7500	0.3460
sculptured	0.7080	0.3730
scum	0.3570	0.3800
scumbag	0.2400	0.5910
scurry	0.3980	0.6470
scurvy	0.3540	0.4620
scuttle	0.4380	0.3980
sea	0.8330	0.3530
seaboard	0.6630	0.3560
seafood	0.6560	0.5000
seagull	0.6350	0.2450
seal	0.4900	0.2180
seals	0.4120	0.2410
seam	0.4270	0.2500
seaman	0.5200	0.5100
seamless	0.4590	0.1400
seamstress	0.5350	0.2880
seaport	0.5940	0.3170
sear	0.4900	0.5530
search	0.6350	0.5800
searching	0.5340	0.6570
searchlight	0.6220	0.5100
seared	0.2290	0.4100
seashore	0.7960	0.3100
seasick	0.1150	0.6830
seaside	0.8870	0.5200
season	0.7920	0.4100
seasonal	0.5920	0.2730
seasoned	0.8120	0.5700
seasoning	0.6330	0.3880
seat	0.5420	0.2810
seatbelt	0.6560	0.3140
seating	0.5520	0.2650
seawater	0.7600	0.1970
seaweed	0.4460	0.2860
sec	0.4900	0.3850
secession	0.3230	0.5610
secluded	0.3570	0.2650
seclusion	0.2300	0.5580
second	0.4900	0.2100
second cousin	0.6980	0.3600
secondary	0.6360	0.3750
secondhand	0.1940	0.3890
secrecy	0.2940	0.5490
secret	0.4790	0.5800
secretariat	0.5180	0.4590
secretary	0.6120	0.4260
secrete	0.4270	0.5670
secretion	0.3540	0.5820
secretive	0.3900	0.2500
secretly	0.5250	0.4040
sect	0.2650	0.6670
sectarian	0.2600	0.6060
section	0.5000	0.2690
sectional	0.4270	0.4150
sector	0.5940	0.1900
secular	0.4630	0.4610
secularism	0.3670	0.4400
secure	0.8440	0.3800
securities	0.7500	0.3040
security	0.8370	0.3600
sedan	0.4800	0.4230
sedate	0.6560	0.1570
sedation	0.5100	0.2700
sedative	0.3140	0.2730
sedentary	0.2920	0.1850
sedge	0.4060	0.3960
sediment	0.4380	0.3060
sedimentary	0.3980	0.2650
sedition	0.3270	0.5570
seduce	0.4620	0.8640
seducer	0.7040	0.8120
seducing	0.5690	0.7940
seduction	0.5100	0.8910
seductive	0.7710	0.8210
see	0.6350	0.2690
seed	0.6560	0.1350
seedling	0.4060	0.3430
seeds	0.7310	0.2690
seedy	0.2290	0.3900
seek	0.6220	0.4290
seeker	0.6460	0.4640
seem	0.4710	0.3020
seemingly	0.4900	0.4100
seer	0.6040	0.4810
seesaw	0.5700	0.5590
seething	0.3120	0.8210
segment	0.4690	0.2900
segregate	0.2900	0.6270
segregated	0.1640	0.5750
segregation	0.3020	0.5450
seismic	0.3230	0.9250
seize	0.6560	0.6440
seizure	0.1770	0.7750
seldom	0.3230	0.3790
select	0.6150	0.4060
selection	0.5940	0.3400
selective	0.6120	0.3470
selectman	0.5520	0.5470
selenium	0.4690	0.4080
self	0.7040	0.3700
selfharm	0.3500	0.6200
selfish	0.0610	0.6370
selfishness	0.2000	0.6860
selfless	0.5210	0.2350
selflove	0.8540	0.6300
selfworth	0.7040	0.4600
sell	0.6180	0.6080
seller	0.6350	0.4710
sellout	0.3980	0.4900
seltzer	0.4480	0.4520
semantics	0.6980	0.3940
semaphore	0.5520	0.3740
semblance	0.5000	0.4710
semen	0.5000	0.7550
semester	0.5210	0.3270
semi	0.2960	0.3450
semiautomatic	0.4690	0.5100
semicolon	0.3780	0.2550
seminal	0.4590	0.4130
seminar	0.5830	0.3600
seminary	0.5940	0.3670
semiotics	0.4490	0.4170
senate	0.4900	0.3490
senator	0.3910	0.4220
send	0.6630	0.4800
sender	0.5420	0.4490
senescence	0.3780	0.4560
senile	0.2800	0.2110
senior	0.5610	0.4150
seniority	0.4080	0.4270
senor	0.5270	0.2170
senorita	0.7650	0.5500
sensation	0.7810	0.6630
sensational	0.9380	0.8270
sense	0.7810	0.4170
senseless	0.1250	0.3880
senses	0.7400	0.4610
sensibility	0.5830	0.4230
sensible	0.6250	0.4540
sensibly	0.7860	0.3370
sensitive	0.7140	0.4260
sensitivity	0.7500	0.4170
sensor	0.5710	0.3770
sensory	0.5830	0.4800
sensual	0.7300	0.7900
sensuality	0.8440	0.8400
sensuous	0.8540	0.7980
sentence	0.6250	0.2650
sentencing	0.1200	0.7820
sentient	0.5830	0.4170
sentiment	0.7650	0.4510
sentimental	0.5830	0.3780
sentimentality	0.7710	0.5480
sentinel	0.5310	0.6020
sentry	0.4700	0.5470
separable	0.4690	0.3900
separate	0.2400	0.5140
separately	0.3100	0.3650
separation	0.1980	0.5920
separatist	0.2450	0.6270
sepia	0.4480	0.2700
sepsis	0.2290	0.4520
sept	0.5210	0.3330
septic	0.2810	0.4620
septum	0.2760	0.4230
sequel	0.6500	0.4800
sequence	0.5430	0.3500
sequent	0.5310	0.4230
sequestered	0.1600	0.8630
sequestration	0.1770	0.8600
serenade	0.8750	0.5700
serendipity	0.6770	0.4130
serene	0.8020	0.1320
serenity	0.9000	0.1220
sergeant	0.4080	0.6000
serial	0.4690	0.3500
serialize	0.5000	0.4550
series	0.6220	0.4310
serif	0.5310	0.4170
serious	0.5000	0.4550
seriousness	0.4390	0.3650
sermon	0.4170	0.5070
serpent	0.1150	0.6960
serpentine	0.5760	0.6460
serrated	0.3880	0.4350
serum	0.5200	0.2310
servant	0.3400	0.4080
serve	0.6220	0.4000
server	0.6560	0.3560
service	0.6840	0.4080
serviceable	0.8340	0.4000
servile	0.4390	0.3270
servitude	0.2500	0.4900
sesame	0.6730	0.2500
sess	0.4180	0.4810
session	0.5100	0.4810
sessions	0.6460	0.5780
set	0.5210	0.4820
setback	0.1980	0.4510
sett	0.5600	0.4130
setter	0.5410	0.4550
settle	0.8330	0.5200
settled	0.5210	0.5100
settlement	0.6350	0.4120
settler	0.5730	0.4530
settlor	0.5310	0.4340
setup	0.6670	0.3980
seven	0.6720	0.2650
seventeen	0.5850	0.2960
seventh	0.5000	0.2450
seventy	0.6250	0.3530
sever	0.1560	0.6350
severable	0.4060	0.4510
severally	0.7190	0.2980
severance	0.3960	0.6200
severe	0.1640	0.7350
severely	0.2190	0.6730
severity	0.2600	0.7120
sew	0.5100	0.3400
sewage	0.2550	0.3430
sewer	0.2860	0.3670
sewerage	0.2080	0.4500
sewing	0.6250	0.3370
sex	0.8030	0.9390
sexist	0.2550	0.7980
sexual	0.5840	0.9590
sexuality	0.6700	0.8980
sexy	0.8650	0.9450
shabby	0.2350	0.5190
shack	0.3960	0.4250
shackle	0.2760	0.5800
shade	0.3880	0.2650
shades	0.4900	0.3000
shading	0.4200	0.3240
shadow	0.3020	0.3430
shadowy	0.1350	0.3730
shady	0.3230	0.5090
shaft	0.5490	0.2750
shag	0.4170	0.4620
shaggy	0.5100	0.3020
shake	0.4390	0.6890
shakedown	0.2860	0.6920
shaken	0.3440	0.6570
shaker	0.5200	0.7280
shaking	0.2750	0.8490
shaky	0.2600	0.7340
shall	0.5100	0.3850
shallow	0.4270	0.2980
shallows	0.3880	0.3680
sham	0.3540	0.6020
shaman	0.4900	0.5310
shambles	0.2710	0.6960
shame	0.0600	0.6700
shamed	0.1350	0.5670
shameful	0.0400	0.6800
shameless	0.2740	0.7130
shampoo	0.6040	0.1800
shanghai	0.5510	0.4500
shank	0.5300	0.3930
shanty	0.4270	0.4590
shape	0.5920	0.2400
shapely	0.7710	0.4410
shard	0.3880	0.4070
share	0.7590	0.5480
shareholder	0.6560	0.6320
sharing	0.8270	0.4620
shark	0.2600	0.8450
sharp	0.4590	0.5850
sharpen	0.5820	0.6940
sharpened	0.5730	0.6470
sharpener	0.5320	0.4350
sharpness	0.7290	0.3850
sharpshooter	0.2400	0.9290
shatter	0.1080	0.8210
shattered	0.0970	0.8060
shattering	0.1350	0.7600
shave	0.5210	0.4100
shaver	0.4180	0.4500
shaving	0.5000	0.4690
shawl	0.7200	0.3650
sheaf	0.3960	0.3870
shear	0.2860	0.6470
shears	0.4290	0.5270
sheath	0.4600	0.3140
sheathing	0.3780	0.4800
shed	0.4270	0.4020
sheen	0.8120	0.5100
sheep	0.6040	0.2060
sheepdog	0.6840	0.4420
sheepish	0.3260	0.4410
sheer	0.6040	0.2500
sheet	0.4390	0.1740
sheik	0.5210	0.5790
shelf	0.5610	0.2020
shell	0.6150	0.4080
shellfish	0.5940	0.4120
shelling	0.3370	0.9170
shelter	0.7040	0.2290
sheltered	0.5900	0.3770
shelters	0.5820	0.3330
shelved	0.3060	0.1660
shepherd	0.6560	0.3040
sherbet	0.5920	0.3630
sheriff	0.6020	0.5410
sherry	0.5940	0.4770
shield	0.5100	0.3730
shift	0.4790	0.6100
shifting	0.5180	0.5480
shifty	0.3650	0.6870
shilling	0.5210	0.3420
shimmer	0.7450	0.5620
shimmering	0.8440	0.6480
shimmy	0.4780	0.4760
shin	0.4590	0.5000
shindig	0.5520	0.5600
shine	0.8440	0.5390
shiner	0.7400	0.5100
shingle	0.5100	0.2000
shining	0.8850	0.6730
shiny	0.8850	0.6040
ship	0.6460	0.5000
shipment	0.5820	0.4400
shipping	0.6220	0.3270
shipshape	0.5940	0.4800
shipwreck	0.2680	0.7680
shipyard	0.3980	0.5830
shire	0.4790	0.2570
shirt	0.6980	0.1860
shit	0.0000	0.6780
shitday	0.2810	0.6580
shitfaced	0.2140	0.6950
shithead	0.1200	0.6450
shitless	0.2710	0.5450
shitload	0.0200	0.6060
shittest	0.0760	0.6730
shitty	0.0200	0.6790
shiver	0.2600	0.7650
shivering	0.1220	0.6630
shoals	0.3960	0.4080
shock	0.2860	0.8210
shocked	0.2920	0.7730
shocker	0.2350	0.8040
shocking	0.3780	0.8530
shockingly	0.5100	0.9240
shoddy	0.0820	0.4630
shoe	0.5170	0.2250
shoelace	0.3960	0.2800
shoemaker	0.3960	0.2690
shoes	0.7290	0.3240
shoeshine	0.3920	0.3870
shook	0.1630	0.7590
shoot	0.0920	0.9260
shooter	0.2240	0.8140
shooting	0.2760	0.9310
shootout	0.0800	0.9270
shop	0.7250	0.6320
shopkeeper	0.6770	0.5100
shoplifter	0.1670	0.8300
shoplifting	0.1520	0.8330
shopper	0.6460	0.6150
shopping	0.9150	0.4450
shore	0.5420	0.3040
shoreline	0.6770	0.2960
shorn	0.3960	0.4150
short	0.1840	0.2640
short story	0.6970	0.3210
shortage	0.0940	0.4550
shortcake	0.6770	0.3590
shortcoming	0.1950	0.3700
shortcut	0.5940	0.3080
shorten	0.3020	0.3820
shortening	0.2860	0.3330
shorthand	0.4590	0.4500
shortly	0.5820	0.3100
shortness	0.4590	0.2800
shorts	0.6220	0.4810
shortstop	0.4180	0.5290
shortwave	0.4600	0.2710
shot	0.1440	0.7500
shotgun	0.2000	0.8680
shoulder	0.5620	0.2860
shout	0.2290	0.9250
shove	0.3060	0.6900
shovel	0.4270	0.3080
shoveling	0.2650	0.6200
show	0.6730	0.7710
showbiz	0.6610	0.7130
showboat	0.6180	0.6250
showcase	0.5210	0.2550
showdown	0.3020	0.9500
shower	0.6690	0.3460
showgirl	0.6330	0.6940
showing	0.6220	0.5400
showoff	0.3440	0.5980
showroom	0.7400	0.4410
showy	0.6980	0.6570
shrapnel	0.2400	0.7400
shred	0.2240	0.7500
shrew	0.3060	0.4630
shrewd	0.5510	0.6730
shriek	0.4590	0.8270
shrill	0.3120	0.7210
shrimp	0.5710	0.3610
shrine	0.8020	0.2550
shrink	0.3850	0.4530
shrinking	0.1900	0.4000
shrivel	0.1600	0.4090
shroud	0.4170	0.4570
shrub	0.5310	0.3400
shrubbery	0.4900	0.2670
shrug	0.2080	0.2960
shrunk	0.1630	0.3540
shrunken	0.5000	0.3730
shudder	0.3440	0.7910
shuddering	0.3020	0.8020
shuffle	0.4590	0.4500
shuffleboard	0.5310	0.4590
shuffling	0.5210	0.4080
shun	0.4180	0.6040
shunned	0.2710	0.4640
shunt	0.3120	0.5000
shut	0.2400	0.3520
shutdown	0.1730	0.3670
shuteye	0.5210	0.4300
shutit	0.2810	0.4420
shutter	0.1910	0.3800
shuttle	0.5310	0.5910
shutup	0.3330	0.5600
shy	0.2800	0.1530
shyness	0.3120	0.2650
shyster	0.2920	0.5670
sib	0.6980	0.2980
sibling	0.8570	0.3400
sic	0.3700	0.4590
sick	0.1040	0.4310
sickbay	0.2960	0.5100
sicken	0.0510	0.5000
sickening	0.0740	0.6180
sickle	0.4270	0.5850
sickly	0.1880	0.5500
sickness	0.0940	0.7040
side	0.4390	0.2880
sidearm	0.4100	0.4740
sidebar	0.4690	0.3640
sideboard	0.5900	0.2590
sideburns	0.7770	0.3270
sidecar	0.5520	0.4490
sidekick	0.6020	0.4390
sideline	0.4400	0.3820
sideshow	0.4580	0.5940
sidestep	0.3780	0.5590
sidewalk	0.4790	0.1920
sideways	0.7880	0.2450
sidewinder	0.5000	0.5000
siege	0.2710	0.7500
siesta	0.7400	0.0460
sieve	0.4590	0.2500
sift	0.5420	0.4120
sifting	0.5710	0.4690
sigh	0.4690	0.3870
sight	0.6840	0.2500
sighting	0.5820	0.5600
sightseeing	0.8750	0.5520
sigma	0.4900	0.4720
sign	0.6200	0.4810
signal	0.6150	0.4170
signature	0.5700	0.4220
significance	0.8200	0.4600
significant	0.8270	0.6490
signification	0.5830	0.3370
signify	0.4530	0.4220
signpost	0.5100	0.4000
silence	0.4380	0.2000
silencer	0.4170	0.3560
silent	0.4690	0.1250
silently	0.4480	0.1850
silhouette	0.5820	0.4100
silicon	0.4390	0.4480
silicone	0.4800	0.3400
silk	0.7600	0.1150
silken	0.7300	0.2650
silky	0.8020	0.3970
sill	0.4330	0.3750
silliness	0.3270	0.3680
silly	0.3840	0.3490
silo	0.4000	0.3650
silt	0.5100	0.2690
silver	0.6840	0.4510
silverware	0.6630	0.3650
silvery	0.5430	0.4600
similar	0.5620	0.2500
similarity	0.7290	0.2550
simile	0.6150	0.3630
simmer	0.6500	0.2930
simmering	0.3820	0.6130
simple	0.6530	0.1300
simples	0.7240	0.2400
simpleton	0.4290	0.1440
simplicity	0.6670	0.2500
simplify	0.5650	0.3470
simplistic	0.4900	0.2450
simply	0.5350	0.1480
simulate	0.5510	0.3750
simulated	0.5000	0.4610
simulating	0.5520	0.4620
simulation	0.5520	0.5740
simulator	0.6770	0.5590
simultaneous	0.6910	0.5770
simultaneously	0.6560	0.4900
sin	0.1770	0.7120
sincere	0.9180	0.2650
sincerity	0.9080	0.3510
sinful	0.1430	0.7880
sing	0.8580	0.6060
singer	0.8020	0.7350
singing	0.8850	0.5940
single	0.2910	0.3540
singly	0.5530	0.3540
singular	0.6100	0.3020
singularity	0.5820	0.3480
singularly	0.5710	0.3300
sinister	0.1250	0.8960
sink	0.3750	0.4390
sinker	0.3020	0.5570
sinking	0.1350	0.4390
sinner	0.2370	0.6670
sinning	0.1700	0.7000
sinus	0.5310	0.5630
sip	0.3750	0.3800
siphon	0.3540	0.3330
sipping	0.4690	0.3490
sir	0.6220	0.3060
sire	0.8540	0.4520
siren	0.5700	0.6270
sirloin	0.5460	0.4180
sissy	0.3330	0.5620
sister	0.9160	0.3240
sisterhood	0.8370	0.4150
sit	0.5610	0.2300
sitcom	0.5620	0.5370
site	0.6770	0.2650
sith	0.4390	0.5640
sitter	0.6560	0.4290
sitting	0.5610	0.1460
situate	0.5100	0.3100
situated	0.5420	0.2310
situation	0.5310	0.3870
six	0.5000	0.1540
sixpence	0.4690	0.4170
sixteen	0.5830	0.2900
sixth	0.5210	0.2750
sixty	0.6940	0.2400
sizable	0.7270	0.3370
size	0.5310	0.3360
sizzle	0.4270	0.7040
ska	0.4580	0.5750
skate	0.7400	0.6530
skateboard	0.6770	0.5500
skater	0.6330	0.7740
skating	0.7450	0.6730
skedaddle	0.4270	0.5960
skeet	0.4690	0.5490
skein	0.4490	0.3720
skeletal	0.3060	0.5580
skeleton	0.1830	0.4640
skeptic	0.1350	0.4400
skeptical	0.2070	0.5000
skepticism	0.2290	0.4800
sketch	0.7040	0.2760
sketching	0.7290	0.3270
sketchy	0.3330	0.4790
skewed	0.3400	0.4800
skewer	0.4700	0.3650
ski	0.6840	0.6700
skid	0.3570	0.6400
skier	0.8020	0.7880
skiff	0.4790	0.3750
skiing	0.8230	0.8240
skijump	0.6350	0.6470
skill	0.8470	0.7010
skilled	0.8860	0.6140
skillet	0.5100	0.2960
skillful	0.8020	0.6160
skim	0.4180	0.3280
skimpy	0.3020	0.3490
skin	0.5690	0.3500
skinny	0.3330	0.3330
skip	0.4580	0.8040
skipper	0.4400	0.5770
skirmish	0.2900	0.6400
skirt	0.6020	0.4630
skirting	0.4490	0.5290
skirts	0.6220	0.5380
skit	0.4380	0.4340
skittish	0.1560	0.8150
skull	0.2760	0.5580
skunk	0.2840	0.4910
sky	0.9580	0.2340
skylight	0.7080	0.3140
skyline	0.5920	0.4120
skyscraper	0.6220	0.6960
slab	0.3980	0.2650
slack	0.5210	0.2830
slag	0.2660	0.6000
slam	0.4590	0.5770
slammer	0.4170	0.5650
slander	0.1840	0.6040
slanderous	0.0570	0.8000
slang	0.4790	0.4180
slant	0.4690	0.3960
slap	0.1000	0.8040
slash	0.2600	0.5000
slashes	0.3300	0.3280
slate	0.5310	0.2830
slates	0.5000	0.2700
slaughter	0.0520	0.9530
slaughterhouse	0.1460	0.7940
slaughtering	0.1330	0.9470
slave	0.1710	0.7950
slavery	0.0520	0.7830
slay	0.1330	0.9200
slayer	0.0410	0.9300
sleaze	0.3120	0.5380
sleazy	0.2920	0.6740
sled	0.6350	0.5470
sledding	0.6250	0.5470
sledge	0.6460	0.5000
sledgehammer	0.4490	0.4790
sleek	0.7500	0.4840
sleep	0.7190	0.0900
sleeper	0.6400	0.1540
sleeping	0.7040	0.0910
sleepless	0.2130	0.4100
sleeplessness	0.1040	0.6040
sleepover	0.8150	0.5190
sleepy	0.6040	0.1250
sleepyhead	0.3270	0.3500
sleet	0.4100	0.3550
sleeve	0.5310	0.2700
sleeveless	0.6380	0.2900
sleigh	0.7420	0.5510
sleight	0.7190	0.6770
slender	0.8120	0.5480
sleuth	0.4600	0.6330
slice	0.5830	0.3750
slick	0.3880	0.3830
slicker	0.7270	0.3870
slide	0.6150	0.4350
slider	0.5850	0.4910
sliding	0.3560	0.7300
slight	0.5210	0.2400
slight anticipation	0.5620	0.4900
slight disgust	0.1560	0.5780
slight surprise	0.6770	0.7460
slight trust	0.3060	0.4000
slightly	0.4700	0.2740
slightly negative	0.1900	0.4720
slightly positive	0.7920	0.4800
slim	0.5620	0.1800
slime	0.3000	0.3700
slimy	0.1770	0.5000
sling	0.4170	0.4230
slingshot	0.3230	0.6540
slink	0.4600	0.5460
slinky	0.4000	0.6370
slip	0.3160	0.7140
slipper	0.6350	0.2980
slippers	0.5730	0.4130
slippery	0.2190	0.7400
slit	0.4060	0.4900
sliver	0.3880	0.3470
slob	0.2750	0.3650
slobber	0.3500	0.3750
slogan	0.5500	0.2160
sloop	0.4800	0.3750
slop	0.3060	0.4090
slope	0.3470	0.4380
sloppy	0.3030	0.4410
slot	0.4690	0.3370
sloth	0.1980	0.1400
slouch	0.3650	0.4500
slough	0.2650	0.3900
slow	0.3570	0.0730
slowly	0.4270	0.1850
slowness	0.3020	0.2120
sludge	0.3540	0.3960
slug	0.2760	0.3700
slugger	0.4580	0.5000
sluggish	0.2240	0.1240
sluice	0.4270	0.5200
slum	0.2920	0.5280
slumber	0.5920	0.1910
slump	0.1940	0.4380
slur	0.1150	0.8140
slurp	0.5400	0.5280
slush	0.4270	0.2830
slut	0.0710	0.8080
slutty	0.2240	0.8100
sly	0.5730	0.6900
smack	0.3230	0.6620
small	0.5420	0.2050
smaller	0.3000	0.3100
smallest	0.2810	0.3400
smallpox	0.1560	0.5830
smart	0.9060	0.6070
smartass	0.3640	0.5200
smarten	0.6020	0.4900
smarty	0.6730	0.5100
smash	0.1950	0.6920
smashed	0.1430	0.6600
smattering	0.4480	0.4600
smear	0.2300	0.4330
smell	0.5100	0.5200
smelling	0.4580	0.4810
smelly	0.1000	0.5280
smelt	0.3330	0.4410
smidgen	0.3670	0.3850
smile	0.9060	0.5980
smiled	0.9490	0.5300
smiles	0.8920	0.6060
smiley	0.8650	0.4700
smiling	0.9810	0.6790
smirk	0.7920	0.5960
smite	0.3030	0.8460
smith	0.6770	0.3330
smithereens	0.2810	0.5610
smitten	0.1530	0.7600
smock	0.4290	0.2500
smog	0.2710	0.4800
smoke	0.1880	0.5000
smoker	0.2080	0.5280
smokey	0.4940	0.4620
smoking	0.1760	0.5570
smoky	0.4590	0.4200
smoldering	0.6350	0.7810
smooch	0.7960	0.7310
smooth	0.8230	0.1270
smoothie	0.8060	0.3330
smoothly	0.8210	0.1340
smoothness	0.8330	0.2210
smother	0.2920	0.6850
smudge	0.3270	0.4290
smug	0.1980	0.5520
smuggle	0.1940	0.7750
smuggler	0.0620	0.8670
smuggling	0.2290	0.7830
smut	0.3570	0.3600
snack	0.6460	0.4070
snacks	0.7810	0.4800
snafu	0.3750	0.5490
snag	0.4170	0.2500
snags	0.1770	0.7210
snail	0.4800	0.1040
snake	0.2760	0.7500
snakes	0.1760	0.6620
snakeskin	0.2760	0.6960
snap	0.3440	0.5170
snapper	0.4170	0.4290
snappy	0.5730	0.5920
snapshot	0.5730	0.5780
snare	0.2290	0.8500
snarl	0.4300	0.7870
snarling	0.3120	0.7040
snatch	0.2190	0.8610
snatcher	0.1220	0.8670
snazzy	0.7350	0.3700
sneak	0.2810	0.7450
sneaker	0.7940	0.4790
sneakers	0.6040	0.5480
sneaking	0.2030	0.7550
sneaky	0.2400	0.7400
sneer	0.1330	0.7550
sneeze	0.2710	0.4420
sneezing	0.4340	0.5700
snicker	0.7080	0.6930
snide	0.1860	0.7230
sniff	0.3960	0.5000
snip	0.4170	0.3270
snipe	0.1980	0.9150
sniper	0.1670	0.8700
snippet	0.6120	0.4100
snippy	0.4180	0.4910
snitch	0.3000	0.5980
snob	0.2960	0.5200
snoop	0.1340	0.7400
snoopy	0.5730	0.5340
snooty	0.3900	0.4550
snooze	0.2350	0.3570
snore	0.2450	0.6100
snorkel	0.5100	0.4700
snort	0.4690	0.5310
snot	0.2140	0.3400
snotty	0.1800	0.3820
snout	0.2760	0.3850
snow	0.6670	0.3630
snowball	0.7170	0.4440
snowboard	0.6630	0.6800
snowboarder	0.7190	0.7540
snowday	0.6020	0.5000
snowfall	0.6750	0.2800
snowflake	0.7480	0.1920
snowing	0.5860	0.4900
snowmageddon	0.3750	0.5750
snowman	0.7760	0.2910
snowplow	0.4490	0.4800
snowstorm	0.2040	0.8330
snowy	0.6560	0.3040
snub	0.2290	0.4120
snubbed	0.2650	0.5280
snuff	0.3570	0.4700
snug	0.8670	0.1730
snuggle	0.7810	0.3900
snuggled	0.5520	0.4390
snuggles	0.6700	0.3400
snuggling	0.6830	0.5850
soak	0.4800	0.3700
soaked	0.3650	0.4620
soaking	0.4380	0.3240
soangry	0.3270	0.6500
soannoyed	0.2710	0.5290
soap	0.5310	0.1630
soapbox	0.5000	0.4150
soapy	0.5520	0.3730
soar	0.7900	0.7400
soaring	0.7080	0.7040
sob	0.1150	0.4800
sober	0.7290	0.2160
soblessed	0.5420	0.3950
sobriety	0.6800	0.3100
soc	0.4270	0.4310
soccer	0.6980	0.8370
sociable	0.8540	0.4590
social	0.8060	0.3700
socialanxiety	0.2700	0.5880
socialism	0.5100	0.5000
socialist	0.4480	0.4000
socialite	0.6840	0.6680
socialize	0.9070	0.6830
society	0.6740	0.4640
sociology	0.6150	0.4390
sociopath	0.1040	0.8630
sock	0.5000	0.1670
socket	0.5830	0.4690
sod	0.4270	0.3830
soda	0.6880	0.3140
soda/pop	0.5810	0.4100
sodding	0.2400	0.5000
sodium	0.4900	0.3400
sofa	0.5830	0.1060
soft	0.7600	0.1790
softball	0.7350	0.6300
soften	0.6940	0.1940
softener	0.7450	0.3000
softening	0.7000	0.2550
softly	0.5170	0.2060
softness	0.8750	0.0860
software	0.5610	0.2800
soggy	0.3120	0.3500
sohappy	0.9490	0.6730
soil	0.3500	0.1800
soiled	0.1060	0.5290
soiree	0.7290	0.6920
sojourn	0.5140	0.2430
solace	0.7760	0.2940
solar	0.6220	0.4520
solarium	0.6020	0.3560
solder	0.4390	0.5100
soldering	0.5730	0.5360
soldier	0.3920	0.7080
sole	0.4270	0.1940
solemn	0.7080	0.3700
solicit	0.6200	0.4900
solicitation	0.6120	0.5190
solicitor	0.6000	0.4790
solid	0.6670	0.3040
solidarity	0.7920	0.4070
solidification	0.4800	0.5000
solidified	0.6330	0.4150
solidify	0.5830	0.3180
solidity	0.7450	0.4440
solitaire	0.3650	0.2270
solitary	0.2240	0.2020
solitude	0.2080	0.2260
solo	0.4380	0.1900
solubility	0.5060	0.3600
soluble	0.5420	0.2720
solucky	0.5730	0.5290
solution	0.7900	0.3390
solve	0.6560	0.5300
solvency	0.6040	0.2960
solvent	0.6350	0.3160
somad	0.4290	0.4900
somatic	0.4380	0.4060
somber	0.1840	0.5000
some anticipation	0.4230	0.4820
some disgust	0.0940	0.6570
some surprise	0.8270	0.8490
some trust	0.5940	0.4510
somersault	0.2140	0.7690
somethingigetalot	0.5730	0.5670
somewhat negative	0.2080	0.4800
somewhat positive	0.9200	0.5100
somuchtodo	0.5100	0.5980
son	0.7920	0.3650
sonar	0.5410	0.4800
sonata	0.6430	0.4060
sonervous	0.3440	0.6550
song	0.8540	0.4130
songwriter	0.8440	0.5580
sonic	0.5940	0.5000
sonice	0.5000	0.3560
sonnet	0.7180	0.2940
sonorous	0.6460	0.5800
soot	0.3750	0.3280
soothe	0.8170	0.1940
soothing	0.6250	0.1790
sophisticated	0.8650	0.4810
sophistication	0.7920	0.4720
sophomore	0.6530	0.4150
sopissed	0.2760	0.5770
soppy	0.5100	0.3550
soprano	0.5520	0.5500
sorcerer	0.3770	0.6330
sorcery	0.2790	0.7400
sordid	0.2190	0.5550
sore	0.0940	0.6500
soready	0.6220	0.5000
sorely	0.2840	0.7270
soreness	0.1130	0.8430
sorghum	0.4690	0.3580
sorority	0.6350	0.6370
sorrow	0.0520	0.2350
sorrowful	0.0490	0.4220
sorry	0.4060	0.3620
sort	0.6730	0.3890
sorter	0.5940	0.4120
sortie	0.4900	0.4500
sorting	0.4690	0.4000
sos	0.3540	0.6750
soscared	0.2290	0.6520
soscary	0.3010	0.6600
soslow	0.3470	0.3120
sostressed	0.4350	0.4810
sosweet	0.7550	0.3540
sothankful	0.7290	0.5260
sou	0.4800	0.3900
soul	0.7700	0.2200
soulful	0.7550	0.3310
soulless	0.1250	0.5910
soulmate	0.8900	0.5000
sound	0.7650	0.6230
sounding	0.6900	0.5000
soundness	0.7800	0.3770
soundproof	0.4900	0.3900
soundtrack	0.6300	0.5590
soup	0.6020	0.2450
sour	0.2760	0.5940
source	0.7400	0.3180
sourpuss	0.1880	0.6200
south	0.5620	0.2650
southbound	0.5100	0.3700
southeast	0.5100	0.2830
southern	0.5520	0.2690
southpaw	0.5420	0.3890
southwest	0.4060	0.3140
souvenir	0.8440	0.3110
sovereign	0.6980	0.5000
sovereignty	0.7190	0.5290
soviet	0.3470	0.5800
sow	0.6670	0.4300
soy	0.4380	0.2500
soy sauce	0.5730	0.3820
soybean	0.5210	0.2500
spa	0.6220	0.1510
space	0.8000	0.3170
spacecraft	0.6460	0.6980
spaceman	0.6880	0.5770
spaceship	0.6430	0.7810
spacing	0.6210	0.4250
spacious	0.8800	0.3650
spade	0.4690	0.6670
spaghetti	0.7290	0.3530
spam	0.1880	0.3540
spammers	0.3540	0.5000
span	0.5210	0.3300
spandex	0.4290	0.5200
spaniel	0.5610	0.4350
spank	0.1120	0.8820
spanking	0.1940	0.7360
spar	0.4170	0.4380
spare	0.5520	0.3980
spareribs	0.6350	0.4310
sparingly	0.5100	0.3530
spark	0.6880	0.7450
sparkle	0.8190	0.7650
sparkling	0.7000	0.4180
sparkly	0.8850	0.5900
sparring	0.2920	0.8700
sparrow	0.5830	0.4600
sparse	0.2400	0.3670
spasm	0.1940	0.5940
spastic	0.2400	0.5410
spat	0.4270	0.4130
spatial	0.6040	0.6250
spatter	0.2920	0.6300
spatula	0.3020	0.1980
spawn	0.5420	0.5860
spaz	0.4430	0.5000
speak	0.7650	0.4720
speakeasy	0.6800	0.5360
speaker	0.6040	0.6600
speakerphone	0.5310	0.5690
speaking	0.7530	0.5900
spear	0.5100	0.6010
spec	0.5830	0.4260
special	0.8440	0.6020
specialist	0.7600	0.5620
speciality	0.8540	0.4700
specialize	0.7760	0.5400
specially	0.8470	0.3980
specialty	0.7240	0.4790
specie	0.5830	0.4710
species	0.5610	0.3300
specific	0.6560	0.3880
specification	0.5520	0.4790
specify	0.6560	0.4050
specimen	0.5310	0.4440
speck	0.4180	0.2450
speckled	0.4490	0.2630
specs	0.5400	0.3980
spectacle	0.8120	0.7450
spectacles	0.8160	0.7750
spectacular	0.9470	0.7400
spectator	0.6940	0.5600
specter	0.2650	0.7230
spectral	0.4300	0.6670
spectrometer	0.5000	0.4520
spectrophotometer	0.5000	0.4840
spectroscopy	0.4700	0.5410
spectrum	0.3120	0.7000
speculate	0.3980	0.6020
speculation	0.3250	0.6830
speculative	0.2760	0.5910
speculum	0.4170	0.4690
speech	0.6560	0.4700
speechless	0.4590	0.3200
speed	0.7190	0.8490
speedboat	0.6350	0.8580
speedily	0.6880	0.7400
speeding	0.4380	0.9080
speedometer	0.4270	0.5490
speedway	0.6670	0.5190
speedy	0.6250	0.6250
spell	0.3850	0.3800
spellbound	0.5310	0.6470
spelling	0.5940	0.3570
spencer	0.5100	0.3940
spend	0.6720	0.7450
spender	0.3120	0.6920
spending	0.3330	0.5560
spent	0.2960	0.2960
sperm	0.3960	0.7060
spew	0.2600	0.6510
sphere	0.6330	0.2770
spherical	0.5500	0.3080
sphincter	0.3470	0.6330
sphinx	0.6040	0.3240
spic	0.3020	0.4550
spice	0.5940	0.4390
spicy	0.4400	0.7330
spider	0.2290	0.5690
spiders	0.2600	0.6960
spiffy	0.6150	0.5820
spigot	0.3800	0.3460
spike	0.3820	0.5100
spiked	0.2810	0.6130
spiky	0.2840	0.6570
spill	0.4080	0.6330
spillin	0.3750	0.5000
spin	0.5510	0.4220
spinach	0.5830	0.2000
spinal	0.3120	0.4910
spindle	0.5520	0.4100
spine	0.4950	0.4610
spineless	0.3440	0.3870
spinner	0.4580	0.5930
spinning	0.5940	0.6100
spinster	0.3570	0.3680
spiny	0.1670	0.6390
spiral	0.4900	0.6240
spire	0.3540	0.3580
spirit	0.7860	0.3700
spirited	0.8540	0.5870
spirits	0.5830	0.8470
spiritual	0.9380	0.3270
spirituality	0.8650	0.2810
spit	0.1490	0.5450
spite	0.0800	0.6000
spiteful	0.0730	0.7100
spitfire	0.2330	0.6230
spittoon	0.2760	0.4260
splash	0.5210	0.4120
splat	0.5100	0.4330
splatter	0.3120	0.5960
spleen	0.4480	0.2550
splendid	0.8960	0.7400
splendor	0.9270	0.6120
splice	0.3860	0.4600
spline	0.4900	0.3980
splint	0.1790	0.4000
splinter	0.1360	0.4220
split	0.3440	0.6180
splitting	0.1880	0.5980
splurge	0.3650	0.4810
spoil	0.1460	0.7230
spoiler	0.3470	0.5270
spoiling	0.1350	0.6780
spoils	0.3880	0.7600
spoke	0.6350	0.4330
spoken	0.5510	0.3630
spokesman	0.7200	0.4800
spokesperson	0.5730	0.4530
sponge	0.5510	0.1920
spongy	0.4690	0.3240
sponsor	0.7290	0.5370
sponsorship	0.8540	0.6080
spontaneity	0.8170	0.6980
spontaneous	0.7800	0.5780
spoof	0.4900	0.5940
spook	0.3270	0.8870
spooky	0.1040	0.8580
spool	0.3970	0.3890
spoon	0.4790	0.2360
spoonful	0.5820	0.2080
sporadic	0.3330	0.3940
spore	0.4800	0.4080
sport	0.8650	0.7000
sporting	0.9170	0.6560
sports	0.8330	0.6830
sports car	0.7590	0.6960
sportsman	0.7550	0.7350
sportsmanship	0.8900	0.5820
sportswriter	0.7600	0.5510
sporty	0.7350	0.7130
spot	0.5100	0.1800
spotless	0.7920	0.3270
spotlight	0.6880	0.3530
spotted	0.3540	0.4720
spotter	0.5420	0.4910
spotty	0.2810	0.6060
spousal	0.6560	0.5820
spouse	0.7500	0.6000
spout	0.4380	0.3570
sprain	0.0630	0.5800
sprawl	0.6000	0.5960
spray	0.4380	0.4100
spread	0.5700	0.5830
spreader	0.5100	0.4800
spree	0.5640	0.6630
spring	0.8370	0.3700
springtime	0.8370	0.4390
sprinkle	0.6350	0.4040
sprinkler	0.5100	0.4340
sprinkling	0.6770	0.5100
sprint	0.5490	0.6490
sprite	0.5610	0.4380
sprout	0.5820	0.5650
spruce	0.6040	0.2880
spud	0.4030	0.4230
spunk	0.4380	0.6320
spunky	0.6460	0.8790
spur	0.3780	0.5450
spurious	0.1780	0.4800
spurred	0.5620	0.6840
spurt	0.4480	0.5500
spy	0.2600	0.6860
squabble	0.1730	0.8500
squad	0.5520	0.7110
squadron	0.4690	0.6860
squall	0.1910	0.8330
squamous	0.3440	0.4460
squander	0.2400	0.7550
square	0.5090	0.3400
squash	0.5310	0.6670
squat	0.3300	0.5500
squatter	0.3900	0.3610
squaw	0.4280	0.4410
squawk	0.2650	0.4800
squeak	0.2710	0.6790
squeaky	0.2290	0.7710
squeal	0.2500	0.7310
squealer	0.5410	0.5190
squeamish	0.1760	0.6560
squeeze	0.4580	0.6760
squeezing	0.2600	0.5980
squelch	0.2710	0.5100
squid	0.4970	0.3980
squint	0.3850	0.4610
squire	0.4790	0.4590
squirm	0.2350	0.8240
squirrel	0.5920	0.3580
squirt	0.4060	0.4600
squish	0.2600	0.7880
squishy	0.5160	0.3330
stab	0.1670	0.8820
stabbed	0.0310	0.8750
stability	0.8120	0.2640
stabilize	0.8390	0.4270
stabilizer	0.6880	0.3530
stable	0.7250	0.2040
staccato	0.3960	0.5000
stack	0.4700	0.2820
stadium	0.6350	0.6790
staff	0.7450	0.2740
stag	0.5940	0.2500
stage	0.5920	0.3060
stagecoach	0.5160	0.5190
stagehand	0.4200	0.6840
stagger	0.5310	0.6200
staggering	0.5200	0.6570
stagnant	0.3000	0.5000
stagnation	0.2760	0.3240
staid	0.3850	0.2900
stain	0.4530	0.3240
stained	0.2450	0.4600
stainless	0.5940	0.3290
stair	0.3750	0.3540
staircase	0.4690	0.3470
stairs	0.5100	0.4390
stairway	0.5620	0.5100
stairwell	0.5100	0.2920
stake	0.4060	0.6080
stakeout	0.3440	0.5460
stale	0.2350	0.4610
stalemate	0.2960	0.3540
stalk	0.4360	0.2720
stalker	0.1770	0.9300
stall	0.3700	0.2450
stallion	0.6280	0.5960
stalls	0.5820	0.3780
stalwart	0.8120	0.4300
stamina	0.6640	0.6940
stamp	0.4380	0.3270
stampede	0.2350	0.8750
stance	0.6040	0.3330
stand	0.6000	0.3240
standard	0.6730	0.1430
standardize	0.6840	0.3530
standardized	0.6100	0.3240
standby	0.2600	0.2240
standing	0.6040	0.3170
standoff	0.3330	0.8400
standpoint	0.5850	0.3880
standstill	0.4410	0.2030
standup	0.6330	0.5830
stanza	0.6120	0.3430
staph	0.3750	0.4800
staple	0.5420	0.3060
stapler	0.3700	0.2640
star	0.8330	0.4180
star fruit	0.7010	0.4330
starboard	0.5310	0.3880
starch	0.5070	0.3540
stardom	0.8440	0.7860
stardust	0.8430	0.4100
stare	0.5410	0.4300
starfish	0.6800	0.3200
stargazing	0.8020	0.4610
staring	0.5420	0.3060
stark	0.3300	0.6300
starlet	0.8060	0.4710
starlight	0.9080	0.3680
starling	0.5000	0.4900
starry	0.4380	0.6430
stars	0.7960	0.5210
starship	0.7400	0.7190
start	0.6840	0.4300
starter	0.6670	0.4610
startle	0.2760	0.8170
startled	0.3330	0.8650
startling	0.7500	0.7680
starvation	0.2400	0.5920
starve	0.0730	0.7290
starved	0.0970	0.6890
starving	0.1630	0.6700
stash	0.3440	0.6300
stat	0.4790	0.4600
state	0.5620	0.3200
stately	0.8300	0.7280
statement	0.6880	0.6080
stateroom	0.6530	0.3800
stateside	0.6430	0.4800
statesman	0.5100	0.4900
static	0.2970	0.2500
staticky	0.3570	0.2780
statics	0.5420	0.2900
station	0.6880	0.3670
stationary	0.4080	0.2400
stationery	0.5700	0.1200
statistic	0.5080	0.4200
statistical	0.7140	0.3530
statistician	0.5710	0.3600
stator	0.2810	0.4530
statuary	0.5610	0.2810
statue	0.5420	0.1530
statuette	0.6770	0.4330
stature	0.4700	0.3530
status	0.6580	0.3770
statute	0.5920	0.3300
statutory	0.5100	0.3760
staunch	0.4800	0.3630
stave	0.4170	0.3330
stay	0.6040	0.2750
stayaway	0.3690	0.2840
stayed	0.4970	0.2700
stays	0.6330	0.3630
stead	0.5510	0.2140
steadfast	0.7710	0.4330
steady	0.6800	0.1860
steak	0.6250	0.3590
steakhouse	0.8020	0.3790
steal	0.0210	0.8560
stealing	0.0860	0.9130
stealth	0.5200	0.2700
stealthily	0.7630	0.2940
stealthy	0.3800	0.3630
steam	0.4690	0.4130
steamboat	0.7080	0.5000
steamer	0.5100	0.4420
steaming	0.5920	0.5530
steamroller	0.3960	0.5670
steamship	0.4690	0.4900
steamy	0.4790	0.5380
steel	0.5210	0.4200
steep	0.3120	0.6120
steeple	0.6250	0.5190
steer	0.4690	0.4900
steering	0.5800	0.4310
stellar	0.7960	0.5800
stem	0.6150	0.1910
stench	0.1040	0.5700
stencil	0.5000	0.3270
stenographer	0.5100	0.4080
step	0.5310	0.3210
stepdaughter	0.5100	0.5100
stepfather	0.3960	0.4910
stepmother	0.4270	0.5300
steppe	0.4270	0.3210
steps	0.5110	0.3490
stepson	0.6140	0.4060
stereo	0.6170	0.5190
stereoscopic	0.3630	0.4170
stereotype	0.1510	0.4220
stereotyped	0.3750	0.5100
sterile	0.3020	0.4710
sterility	0.2010	0.5190
sterilize	0.4060	0.5100
sterling	0.5290	0.4810
stern	0.5520	0.3940
sternum	0.5200	0.4220
steroid	0.3600	0.7060
stethoscope	0.4270	0.3770
stew	0.6670	0.3730
steward	0.6330	0.2380
stewardess	0.6250	0.4910
stewardship	0.5510	0.4400
stfu	0.2920	0.5000
stick	0.3960	0.3640
sticker	0.5830	0.3060
sticking	0.4860	0.4250
stickler	0.3850	0.4710
stickup	0.4530	0.5370
sticky	0.3850	0.5690
stiff	0.1580	0.4590
stiffen	0.3600	0.5820
stiffness	0.3230	0.5000
stifle	0.2400	0.7640
stifled	0.2290	0.7310
stifling	0.1630	0.8580
stigma	0.3270	0.5000
stile	0.7500	0.3590
stiletto	0.3960	0.4300
stillbirth	0.0920	0.8090
stillborn	0.2710	0.5190
stillness	0.7290	0.1250
stillwaiting	0.3440	0.3930
stilts	0.4390	0.5770
stimulant	0.4410	0.7940
stimulate	0.7920	0.7980
stimulating	0.7400	0.8040
stimulation	0.7080	0.8210
stimulus	0.7710	0.7790
sting	0.1630	0.6510
stinger	0.2790	0.6250
stinging	0.2600	0.7300
stingy	0.0940	0.5480
stink	0.0420	0.4810
stinker	0.1630	0.5670
stinking	0.0410	0.6570
stinky	0.0920	0.5580
stint	0.4900	0.3260
stipend	0.6040	0.5460
stipulate	0.5700	0.5460
stipulation	0.4690	0.6220
stir	0.4480	0.7730
stirring	0.5820	0.7020
stitch	0.3060	0.5380
stitching	0.5100	0.3820
stock	0.5940	0.4180
stockade	0.3750	0.4020
stockbroker	0.4170	0.6760
stockholder	0.5730	0.6250
stocking	0.5940	0.3240
stockings	0.4580	0.3650
stockpile	0.5420	0.3150
stockroom	0.5620	0.3120
stocks	0.5730	0.5980
stoic	0.4270	0.4730
stole	0.1350	0.7600
stolen	0.1560	0.6460
stomach	0.3670	0.4020
stomachache	0.0300	0.7450
stomp	0.3650	0.5650
stomped	0.2290	0.6840
stone	0.2160	0.1830
stoned	0.1770	0.7960
stonewall	0.3370	0.4570
stoneware	0.4580	0.3000
stony	0.3560	0.4940
stooge	0.4380	0.4060
stool	0.4480	0.2690
stools	0.4590	0.3820
stoop	0.4900	0.4300
stoopid	0.2800	0.4310
stop	0.2800	0.5100
stopover	0.5310	0.3270
stoppage	0.2240	0.4910
stopper	0.3650	0.3360
stopping	0.3880	0.3820
stopwatch	0.4690	0.5210
storage	0.6980	0.4060
store	0.6460	0.5380
storefront	0.5800	0.2170
storehouse	0.5700	0.2500
storeroom	0.5600	0.2170
storing	0.6300	0.3780
storm	0.1880	0.9400
storming	0.2650	0.9100
stormy	0.1460	0.8700
story	0.6530	0.4060
storybook	0.8540	0.3060
storyteller	0.7300	0.3570
storytelling	0.6430	0.3750
stound	0.4900	0.4730
stout	0.6560	0.6570
stove	0.4660	0.3910
stow	0.6150	0.3650
stowaway	0.2240	0.4810
straddle	0.3060	0.5500
straighten	0.6770	0.5000
straightforward	0.7800	0.1500
straightway	0.6670	0.4440
strain	0.1900	0.7500
strained	0.1220	0.6560
strait	0.4380	0.4330
straitjacket	0.2240	0.7190
straits	0.4080	0.2690
strand	0.3960	0.4060
stranded	0.2920	0.4590
strange	0.3140	0.6630
stranger	0.3300	0.4490
strangle	0.0940	0.9270
strangulation	0.0400	0.8860
strap	0.3800	0.4170
strapless	0.3140	0.4620
strapping	0.5520	0.4130
strata	0.5000	0.4570
strategic	0.7860	0.7080
strategist	0.5710	0.5940
strategy	0.7040	0.6670
stratification	0.5310	0.4900
stratosphere	0.6040	0.5830
stratum	0.3650	0.3070
stratus	0.4480	0.5200
straw	0.4800	0.2900
strawberry	0.8330	0.2700
stray	0.1330	0.7600
streak	0.4400	0.6080
streaked	0.4580	0.4260
stream	0.4490	0.5370
streamer	0.6150	0.5300
streaming	0.5920	0.4810
streamline	0.6560	0.5730
street	0.5940	0.3240
streetcar	0.3900	0.5690
streetlight	0.6730	0.2680
strength	0.8020	0.6820
strengthen	0.8020	0.7960
strengthening	0.9130	0.6270
strenuous	0.1040	0.6600
strep	0.3650	0.5940
stress	0.1730	0.8430
stressed	0.1670	0.7400
stresses	0.1150	0.8170
stressfree	0.8330	0.0800
stressful	0.1530	0.8730
stressin	0.1460	0.8100
stressing	0.1630	0.8660
stressrelief	0.6270	0.4170
stretch	0.6040	0.5780
stretcher	0.4380	0.1960
stricken	0.1630	0.7200
strict	0.5000	0.6460
stride	0.4900	0.6700
strife	0.3440	0.8980
strike	0.2710	0.8110
strikeout	0.3160	0.5200
striker	0.5000	0.5890
striking	0.3570	0.8270
strikingly	0.6900	0.6840
string	0.3850	0.3980
strings	0.4570	0.2920
stringy	0.4300	0.5100
strip	0.4270	0.5000
stripe	0.6290	0.3020
striped	0.3440	0.3730
stripped	0.2550	0.6150
stripper	0.6250	0.8480
striptease	0.6070	0.9180
strive	0.5820	0.8370
strobe	0.4900	0.6330
stroke	0.5620	0.4400
stroll	0.7450	0.4150
stroller	0.7860	0.3980
strolling	0.7550	0.5150
strong	0.9120	0.7450
stronghold	0.7080	0.6360
strongly	0.6300	0.8170
structural	0.5820	0.4250
structure	0.5620	0.3560
strudel	0.6270	0.4170
struggle	0.3650	0.8200
strut	0.5800	0.4800
stub	0.3960	0.3200
stubbed	0.3230	0.6420
stubble	0.3330	0.4420
stubborn	0.1570	0.7020
stubbornness	0.1560	0.6730
stubby	0.4170	0.3700
stucco	0.4390	0.2920
stuck	0.1530	0.6440
stuckup	0.2810	0.4800
stud	0.5640	0.5310
studded	0.3960	0.4120
student	0.6340	0.3180
studied	0.7860	0.3060
studio	0.6770	0.2650
study	0.6530	0.3610
stuff	0.6220	0.3670
stuffed animal	0.6840	0.2550
stuffing	0.4170	0.3240
stuffy	0.3230	0.6150
stumble	0.1530	0.7160
stump	0.4490	0.5100
stumped	0.3440	0.6040
stun	0.3330	0.7100
stunned	0.3060	0.6630
stunner	0.4180	0.7800
stunning	0.8880	0.6730
stunt	0.3870	0.5550
stunted	0.1940	0.4720
stuntman	0.4900	0.4820
stupefaction	0.2940	0.7040
stupefy	0.2000	0.7400
stupendous	0.8230	0.6900
stupid	0.1330	0.5100
stupidity	0.0600	0.4180
stupidpeople	0.0730	0.6750
stupidrain	0.2600	0.5200
stupor	0.3230	0.5900
sturdy	0.5800	0.6420
sturgeon	0.4170	0.4730
stutter	0.2500	0.4690
sty	0.2960	0.5000
style	0.7450	0.4720
styling	0.8230	0.3780
stylish	0.8850	0.4900
stylist	0.7600	0.4450
suave	0.7240	0.2650
sub	0.5100	0.3700
subatomic	0.3850	0.5380
subcommittee	0.3960	0.4670
subconscious	0.5310	0.3750
subcutaneous	0.3960	0.4440
subdivide	0.5380	0.4330
subdivision	0.5920	0.4550
subduction	0.3500	0.5690
subdue	0.2750	0.6400
subdued	0.2360	0.4630
subdural	0.3810	0.4910
subito	0.3720	0.6270
subject	0.6020	0.3440
subjected	0.2860	0.5200
subjection	0.3540	0.4080
subjective	0.5100	0.3500
subjugation	0.2800	0.6100
sublet	0.4690	0.5510
sublevel	0.3650	0.2980
sublimation	0.5100	0.3900
sublime	0.7840	0.3330
subliminal	0.4100	0.5280
submarine	0.5720	0.4810
submerge	0.5170	0.6430
submerged	0.3370	0.5280
submersible	0.4060	0.4590
submission	0.5310	0.5800
submissive	0.4800	0.2170
submit	0.6350	0.4480
submitting	0.6670	0.6100
subordinate	0.2760	0.3920
subordination	0.2700	0.5270
subplot	0.4690	0.4130
subpoena	0.2810	0.6340
subscribe	0.6600	0.3440
subscriber	0.5620	0.3980
subscription	0.5830	0.3330
subsequence	0.4380	0.5100
subsequent	0.4490	0.3850
subsequently	0.3800	0.3370
subservient	0.2550	0.4020
subset	0.4290	0.3580
subside	0.3750	0.3080
subsidence	0.3200	0.5090
subsidiary	0.5410	0.2950
subsidize	0.6040	0.6150
subsidy	0.5730	0.4620
subsist	0.5730	0.4180
subsistence	0.5100	0.4040
subsoil	0.4290	0.2400
subspace	0.4700	0.4530
substance	0.6150	0.4220
substandard	0.2350	0.3330
substantial	0.5900	0.4900
substantially	0.6460	0.4710
substantiate	0.5310	0.5490
substantive	0.5000	0.3500
substation	0.4690	0.4610
substitute	0.4270	0.4060
substituted	0.2710	0.5450
substitution	0.4060	0.4800
substructure	0.4410	0.3580
subterranean	0.4690	0.3060
subtext	0.6350	0.2760
subtitle	0.4450	0.2020
subtle	0.7080	0.1670
subtlety	0.6150	0.1760
subtract	0.2080	0.3300
subtraction	0.1630	0.3820
subtype	0.4270	0.2960
suburb	0.3540	0.5660
suburban	0.4390	0.4500
suburbia	0.4380	0.4900
suburbs	0.5100	0.5710
subversion	0.3470	0.6080
subversive	0.1980	0.7650
subvert	0.3570	0.5570
subway	0.4180	0.3000
succeed	0.9260	0.7550
succeeding	0.8670	0.7550
success	0.9590	0.8800
successful	0.9490	0.7240
succession	0.6980	0.4810
successive	0.6350	0.4710
successor	0.7290	0.5310
succinct	0.5100	0.4130
succubus	0.4170	0.6470
succulent	0.8230	0.5380
succumb	0.2020	0.7870
suck	0.3440	0.7060
sucker	0.2650	0.3930
sucking	0.2270	0.5280
suckling	0.5960	0.5580
sucks	0.1150	0.6830
suction	0.4600	0.5930
sudden	0.4490	0.6600
suddenly	0.6700	0.5100
suds	0.4580	0.3650
sue	0.2190	0.7310
suede	0.5420	0.2590
suffer	0.0820	0.9100
sufferer	0.1560	0.6900
suffering	0.0200	0.7190
suffice	0.6430	0.3260
sufficiency	0.5940	0.4380
sufficient	0.8330	0.3300
sufficiently	0.7760	0.3670
suffix	0.4300	0.4200
suffocate	0.2190	0.7640
suffocating	0.1330	0.7740
suffocation	0.0200	0.8300
sugar	0.8960	0.3820
suggest	0.5730	0.4710
suggestion	0.6460	0.3650
suggestive	0.5520	0.5000
suicidal	0.0210	0.8670
suicide	0.0300	0.8730
suicidebombing	0.0310	0.9570
suit	0.7760	0.2820
suitable	0.7920	0.2980
suitcase	0.5620	0.2120
suite	0.7900	0.4200
suitor	0.7080	0.6390
sulfate	0.4270	0.3520
sulfur	0.1730	0.5300
sulk	0.2500	0.5800
sullen	0.2500	0.4070
sully	0.3780	0.5500
sulphur	0.2600	0.4500
sultan	0.5290	0.4230
sultry	0.7350	0.6960
sum	0.7920	0.3400
summarily	0.4690	0.4310
summarize	0.5900	0.3230
summary	0.7290	0.2600
summation	0.7660	0.3370
summer	0.8120	0.3730
summerhouse	0.7960	0.3080
summertime	0.8370	0.5000
summit	0.6250	0.6180
summon	0.5210	0.5600
summons	0.5520	0.6040
sumo	0.4800	0.3940
sump	0.3650	0.4510
sumptuous	0.6980	0.5500
sun	0.8770	0.4000
sunbeam	0.7290	0.4400
sunburn	0.0610	0.7550
sundae	0.7430	0.4140
sunday	0.7760	0.1960
sundial	0.6430	0.2250
sundown	0.8120	0.2760
sundry	0.5430	0.3690
sunflower	0.8780	0.2310
sunglass	0.6840	0.2640
sunglasses	0.8440	0.4430
sunk	0.1460	0.5310
sunken	0.1030	0.4760
sunless	0.2450	0.2800
sunlight	0.9060	0.4070
sunny	0.7400	0.3480
sunrise	0.8230	0.3470
sunroof	0.6810	0.3250
sunscreen	0.6560	0.3870
sunset	0.8750	0.2310
sunshine	0.8850	0.2970
suntan	0.6200	0.5100
sunup	0.7600	0.3040
sup	0.5510	0.3580
super	0.8440	0.6630
superannuation	0.4480	0.4120
superb	0.9800	0.7080
superficial	0.3570	0.4070
superfluous	0.3160	0.4690
superhero	0.9100	0.8200
superhuman	0.8100	0.7450
superimposed	0.4900	0.5290
superintendent	0.5920	0.5700
superior	0.8010	0.6970
superiority	0.5820	0.6020
superlative	0.7140	0.5660
superman	0.9450	0.7940
supermarket	0.6900	0.5470
supermodel	0.8800	0.6630
supernatant	0.5000	0.5000
supernatural	0.6220	0.8240
supernova	0.7290	0.6730
superposition	0.4800	0.5700
superpower	0.8060	0.7840
supersede	0.4790	0.5100
superstar	0.8850	0.8600
superstition	0.1770	0.6400
superstitious	0.2810	0.5450
superstore	0.7190	0.6000
supervise	0.6980	0.5550
supervision	0.4590	0.5780
supervisor	0.6150	0.4790
supper	0.7080	0.4290
suppertime	0.7920	0.3880
supplant	0.3440	0.5580
supple	0.8120	0.5280
supplement	0.7450	0.4060
supplemental	0.6040	0.4040
supplementary	0.6250	0.3520
supplication	0.4690	0.5700
supplier	0.6150	0.4620
supplies	0.6980	0.3900
supply	0.7080	0.5190
support	0.8110	0.4720
supported	0.8530	0.4080
supporter	0.7210	0.5100
supporters	0.7630	0.5390
supporting	0.6340	0.4900
supportive	0.8750	0.4200
suppose	0.5510	0.3430
supposed	0.2960	0.3780
supposing	0.4490	0.4510
supposition	0.5310	0.4080
suppress	0.2810	0.5590
suppression	0.2670	0.5410
supremacy	0.7940	0.7060
supreme	0.8120	0.7000
supremely	0.8330	0.7250
surcharge	0.3750	0.5280
sure	0.7240	0.2700
surety	0.7760	0.3650
surf	0.8470	0.6500
surface	0.4480	0.3750
surfboard	0.7290	0.7300
surfer	0.7040	0.7010
surge	0.4490	0.6840
surgeon	0.5000	0.5980
surgery	0.2860	0.7690
surgical	0.3270	0.6960
surly	0.2210	0.4690
surmise	0.5290	0.4000
surname	0.6700	0.2500
surpassing	0.7190	0.6600
surplus	0.6020	0.6800
surprise	0.8750	0.8750
surprised	0.7840	0.8550
surprises	0.8750	0.7690
surprising	0.8880	0.7900
surprisingly	0.8470	0.7930
surreal	0.5500	0.5290
surrender	0.1150	0.3960
surrendering	0.1980	0.4110
surrogate	0.4060	0.5900
surround	0.5420	0.6230
surrounding	0.5310	0.4220
surroundings	0.6000	0.3460
surveillance	0.3650	0.7200
survey	0.5800	0.3570
surveying	0.4880	0.4550
surveyor	0.5450	0.3370
survival	0.5410	0.7980
survive	0.7700	0.8240
surviving	0.6460	0.8360
survivor	0.6770	0.7500
susceptibility	0.4580	0.6270
susceptible	0.4380	0.4490
sushi	0.6980	0.3430
suspect	0.1330	0.7500
suspected	0.1730	0.7550
suspend	0.2400	0.3200
suspended	0.2240	0.4020
suspenders	0.3910	0.3330
suspense	0.2860	0.7750
suspension	0.2880	0.5300
suspicion	0.2040	0.7110
suspicions	0.2080	0.7450
suspicious	0.1530	0.7450
sustain	0.6350	0.3580
sustained	0.6490	0.3400
sustenance	0.8200	0.5190
suture	0.2400	0.5100
suv	0.5520	0.4310
sux	0.4060	0.5310
swab	0.4700	0.3640
swag	0.6560	0.6760
swagger	0.3330	0.7310
swallow	0.4660	0.6080
swami	0.5100	0.5470
swamp	0.2450	0.4250
swamped	0.1560	0.4800
swampy	0.3060	0.3900
swan	0.7810	0.2250
swank	0.4900	0.5000
swap	0.5520	0.5000
swarm	0.3020	0.7350
swarming	0.3750	0.6000
swastika	0.3160	0.4720
swat	0.3800	0.6940
sway	0.6900	0.5960
swear	0.6010	0.5770
swearing	0.3330	0.5590
sweat	0.3880	0.5790
sweater	0.7040	0.2450
sweating	0.2920	0.6670
sweatshirt	0.5100	0.3680
sweatshop	0.3850	0.7970
sweaty	0.2810	0.5400
sweep	0.4480	0.3850
sweeper	0.4700	0.5490
sweeping	0.3440	0.4310
sweet	0.6680	0.4180
sweeten	0.9080	0.4550
sweetened	0.9400	0.4610
sweetener	0.6700	0.3330
sweetest	0.9590	0.5000
sweetheart	0.9590	0.4230
sweetie	0.9900	0.5490
sweetness	0.9060	0.4740
sweets	0.9100	0.4220
swell	0.3600	0.6790
swelling	0.3230	0.6080
sweltering	0.2040	0.6440
swerve	0.2760	0.6120
swift	0.7600	0.7760
swiftly	0.6600	0.8850
swig	0.6040	0.4810
swill	0.4270	0.5280
swim	0.6880	0.4610
swimmer	0.6570	0.6980
swimming	0.7600	0.5590
swimsuit	0.7400	0.3730
swindle	0.1220	0.7400
swindler	0.1250	0.7210
swine	0.3400	0.5190
swing	0.6020	0.5100
swinger	0.4590	0.7780
swinging	0.6560	0.5100
swipe	0.5730	0.4500
swirl	0.4900	0.7260
swish	0.5620	0.5100
switch	0.5000	0.5380
switchblade	0.3570	0.5960
switchboard	0.5710	0.5190
swivel	0.5620	0.4800
swollen	0.2360	0.5100
swoon	0.2920	0.5100
swoop	0.4790	0.6180
sword	0.4380	0.6530
swordfish	0.5640	0.5200
swordplay	0.6160	0.7500
swordsman	0.3950	0.8570
sycamore	0.5000	0.4010
syllable	0.4480	0.2500
syllabus	0.7360	0.3700
symbiotic	0.8320	0.4250
symbol	0.6430	0.3880
symbolic	0.6700	0.3850
symbolically	0.5820	0.3850
symbolism	0.6880	0.3470
symbolize	0.6330	0.3270
symmetric	0.7450	0.2120
symmetrical	0.5420	0.2630
symmetry	0.6040	0.2740
sympathetic	0.7960	0.4340
sympathize	0.7700	0.6270
sympathy	0.8270	0.4970
symphonic	0.7750	0.5450
symphony	0.7650	0.4900
symposium	0.5730	0.3940
symptom	0.3800	0.5290
symptomatic	0.3670	0.4340
synagogue	0.5310	0.3000
synapse	0.6600	0.4710
synaptic	0.5730	0.5530
sync	0.8020	0.4400
synchronize	0.7810	0.3610
synchronous	0.6000	0.5380
syncope	0.2450	0.5380
syndicate	0.4390	0.4910
syndrome	0.2290	0.5100
synergistic	0.5710	0.5500
synergy	0.6670	0.5100
synod	0.4690	0.3770
synonym	0.6150	0.2100
synonymous	0.4800	0.3230
synopsis	0.5410	0.3900
synoptic	0.5610	0.5100
syntax	0.5310	0.3460
synthesis	0.6040	0.3150
synthesizer	0.5000	0.4100
synthetic	0.3960	0.3500
syphilis	0.0710	0.6060
syringe	0.2500	0.6800
syrup	0.6200	0.2230
system	0.6150	0.3460
systematic	0.6170	0.4440
systematically	0.6900	0.3900
t-shirt	0.8150	0.2860
tab	0.5940	0.2080
tabasco	0.3750	0.5460
tabby	0.5100	0.4260
tabernacle	0.4080	0.4800
table	0.5510	0.1700
tableau	0.5310	0.3020
tablecloth	0.4800	0.1650
tablespoon	0.4900	0.3530
tablet	0.5620	0.3300
tableware	0.6770	0.2500
tabloid	0.4380	0.3650
taboo	0.1980	0.7940
tabular	0.4380	0.3300
tabulate	0.4800	0.4030
tabulation	0.3960	0.3460
tachometer	0.3980	0.3940
tacit	0.4590	0.3400
tack	0.3650	0.4310
tackle	0.3650	0.6860
tackled	0.4380	0.6120
tackling	0.4800	0.6940
tacky	0.2450	0.4900
taco	0.5610	0.3530
tact	0.5500	0.4170
tactful	0.7040	0.2920
tactic	0.5310	0.4340
tactical	0.5940	0.4810
tactics	0.5830	0.6760
tactile	0.5730	0.4100
tad	0.4590	0.2400
tadpole	0.3500	0.4340
taffeta	0.6040	0.2790
taffy	0.4480	0.4310
tag	0.6120	0.3530
tail	0.4800	0.2720
tailed	0.4380	0.3580
tailgate	0.3230	0.3400
tailings	0.4390	0.3110
taillight	0.4790	0.3670
tailor	0.5730	0.2060
tailoring	0.6730	0.5400
tailpipe	0.4600	0.4290
taint	0.1410	0.4250
take	0.8280	0.5370
takeoff	0.7550	0.8840
takeout	0.7360	0.3920
takeover	0.6630	0.5310
taker	0.3750	0.5210
talcum	0.5000	0.1960
tale	0.6630	0.3000
talent	0.9590	0.6070
talented	0.9390	0.6350
talisman	0.7040	0.5420
talk	0.8330	0.3460
talkative	0.5620	0.6730
talker	0.5000	0.6040
tall	0.7250	0.5910
tallies	0.5510	0.2900
tallow	0.3440	0.2830
tally	0.5420	0.4200
talon	0.3440	0.5690
talons	0.3200	0.6980
tambourine	0.6220	0.5480
tame	0.5600	0.6040
tamer	0.3850	0.7830
taming	0.5690	0.5140
tamper	0.1840	0.8020
tampon	0.3960	0.3940
tan	0.6430	0.4600
tandem	0.5520	0.4060
tang	0.5940	0.3830
tangent	0.5730	0.3730
tangerine	0.5710	0.2710
tangible	0.6460	0.3500
tangle	0.3540	0.5450
tangled	0.2600	0.5390
tango	0.6220	0.5600
tank	0.4310	0.4540
tank top	0.6100	0.3710
tanker	0.5200	0.6470
tanned	0.6150	0.5500
tantalizing	0.5250	0.7880
tantamount	0.6330	0.2880
tantrum	0.2190	0.8170
taoism	0.4900	0.2500
tap	0.4610	0.3700
tape	0.5310	0.2770
tape measure	0.4060	0.2500
taper	0.5410	0.4100
tapering	0.3440	0.3800
tapestry	0.5200	0.1760
tapeworm	0.3570	0.3340
tapioca	0.5940	0.2970
taps	0.4480	0.3780
tar	0.4380	0.4400
tarantula	0.2600	0.7180
tardiness	0.2960	0.4520
tardy	0.2040	0.5920
target	0.6330	0.5730
targeted	0.5730	0.5370
targeting	0.5100	0.4200
tariff	0.4590	0.4020
tarmac	0.3570	0.3020
tarnish	0.2040	0.4410
tarot	0.4790	0.4220
tarp	0.4790	0.2100
tarry	0.3920	0.4130
tart	0.7190	0.3800
tartan	0.4480	0.4230
tartar	0.2140	0.3510
task	0.5500	0.3530
tassel	0.5520	0.3300
taste	0.8020	0.4060
tasteful	0.9180	0.4580
tasteless	0.1460	0.1960
tasting	0.7810	0.6030
tasty	0.9590	0.7860
tat	0.4290	0.3800
tattler	0.4170	0.5300
tattletale	0.6330	0.4060
tattoo	0.4900	0.6020
taught	0.8140	0.4810
taunt	0.0830	0.6960
taupe	0.4060	0.3400
taut	0.4320	0.7040
tavern	0.5160	0.5770
tawdry	0.3750	0.5100
tawny	0.5510	0.3980
tax	0.2600	0.4810
taxed	0.2550	0.4560
taxi	0.5420	0.3620
taxicab	0.4790	0.4300
taxonomy	0.3700	0.4100
taxpayer	0.5920	0.5280
tea	0.6980	0.1630
teach	0.8400	0.5100
teacher	0.7600	0.4040
teaching	0.8220	0.4440
teacup	0.6330	0.1350
teahouse	0.8020	0.3140
teal	0.5400	0.2930
team	0.7080	0.4610
teamjesus	0.6730	0.4530
teammate	0.8650	0.4490
teamwork	0.9180	0.4900
teapot	0.4790	0.1100
tear	0.4040	0.6200
tearful	0.2080	0.5000
tearsofjoy	0.9260	0.7400
teary	0.1670	0.4730
tease	0.3170	0.7900
teaser	0.5100	0.5580
teasing	0.2350	0.7250
teaspoon	0.5210	0.3300
teat	0.6120	0.4690
teatime	0.8470	0.1590
tech	0.6840	0.4910
technical	0.5100	0.4900
technicality	0.6320	0.4710
technician	0.5920	0.5100
technique	0.7600	0.4140
techno	0.5610	0.5390
technological	0.6800	0.4520
technology	0.7760	0.4900
ted	0.7120	0.4530
teddy bear	0.8900	0.1700
tedious	0.1040	0.4060
tedium	0.2240	0.3310
tee	0.4590	0.3730
teeming	0.5820	0.5500
teen	0.7290	0.5310
teenager	0.7810	0.5930
teens	0.6530	0.6600
teensy	0.5200	0.4270
teeny	0.4270	0.4180
teeth	0.5200	0.3880
teething	0.3960	0.4710
teflon	0.3540	0.2450
telegram	0.5610	0.5420
telegraph	0.5940	0.4230
telekinesis	0.5820	0.6460
telemetry	0.4600	0.3820
telepathic	0.6020	0.4900
telepathy	0.5940	0.5100
telephone	0.6940	0.5200
telescope	0.5310	0.3400
telescopic	0.4900	0.2900
telethon	0.6430	0.6410
teletype	0.5320	0.3920
televised	0.6250	0.5190
television	0.6330	0.3910
tell	0.5510	0.3500
teller	0.5000	0.3950
telling	0.7190	0.4410
telltale	0.2400	0.6630
temp	0.4900	0.4400
temper	0.6330	0.6230
tempera	0.4580	0.3180
temperament	0.4200	0.6250
temperamental	0.3160	0.7740
temperance	0.5000	0.2940
temperate	0.4690	0.3940
temperature	0.5210	0.5590
tempered	0.5830	0.4370
tempest	0.2450	0.8430
template	0.4790	0.3110
temple	0.6120	0.2690
tempo	0.5820	0.3370
temporal	0.5000	0.4130
temporarily	0.5000	0.3650
temporary	0.4580	0.4150
tempt	0.2100	0.6770
temptation	0.3650	0.8170
tempting	0.6150	0.7400
temptress	0.4270	0.7870
ten	0.5620	0.2600
tenable	0.7410	0.4120
tenacious	0.7240	0.6580
tenacity	0.7400	0.6570
tenancy	0.5000	0.4580
tenant	0.3850	0.3600
tend	0.6040	0.3980
tendency	0.6840	0.5000
tender	0.6300	0.5200
tenderfoot	0.4690	0.4210
tenderness	0.9490	0.2760
tending	0.6220	0.5560
tendon	0.3410	0.2710
tenement	0.4700	0.3840
tenet	0.6670	0.3330
tenets	0.7340	0.3570
tenfold	0.4690	0.4180
tennis	0.6220	0.5190
tenor	0.5870	0.4510
tense	0.3960	0.4390
tensile	0.4580	0.5100
tension	0.3040	0.8100
tent	0.5100	0.2750
tentacle	0.3700	0.5590
tentative	0.5820	0.6570
tenth	0.5100	0.3490
tenths	0.4060	0.2940
tenuous	0.3980	0.2630
tenure	0.6150	0.4720
tepee	0.5000	0.3370
tepid	0.3370	0.3270
tequila	0.6120	0.7100
teriyaki	0.6460	0.4490
term	0.4500	0.2550
terminal	0.3160	0.4340
terminate	0.1710	0.4100
termination	0.3440	0.4720
terminator	0.3700	0.6630
terminology	0.6120	0.2840
terminus	0.2810	0.3820
termite	0.2650	0.4800
terms	0.4900	0.3620
tern	0.5730	0.3650
ternary	0.5500	0.4060
terrace	0.6150	0.2690
terrain	0.5400	0.3000
terrestrial	0.5420	0.4130
terrible	0.0610	0.8490
terribly	0.0610	0.7310
terrier	0.5620	0.5400
terrific	0.8590	0.6500
terrified	0.0900	0.9020
terrifies	0.0830	0.9230
terrify	0.0520	0.8890
terrifying	0.0310	0.8360
territorial	0.4050	0.6000
territory	0.6250	0.4690
terror	0.0690	0.9020
terrorism	0.0600	0.9710
terrorist	0.0190	0.9300
terrorists	0.0620	0.9670
terrorize	0.0410	0.9070
terse	0.5420	0.3930
tertiary	0.5000	0.3500
test	0.4490	0.5000
testament	0.5940	0.4200
testicle	0.4580	0.6510
testicular	0.3880	0.6800
testify	0.5210	0.6500
testimonial	0.5410	0.5380
testimony	0.6150	0.5780
testosterone	0.5730	0.8400
testy	0.1350	0.6400
tetanus	0.1330	0.5770
tether	0.3230	0.6200
tethered	0.2600	0.4720
tetrahedral	0.5950	0.4680
text	0.6040	0.1570
textbook	0.6220	0.2350
textile	0.6040	0.2350
textural	0.6600	0.2960
texture	0.6150	0.2150
tgif	0.5420	0.4710
thank	0.9580	0.3530
thankful	0.9690	0.3440
thankgod	0.8230	0.4510
thanking	0.9170	0.5380
thankless	0.1460	0.5000
thanks	0.9180	0.4720
thanksalot	0.9080	0.4280
thanksgiving	0.9270	0.4490
thankyougod	0.9000	0.4460
thankyoujesus	0.8780	0.4060
thankyoulord	0.8090	0.3880
thatch	0.3370	0.2450
thatmoment	0.6670	0.3890
thaumaturgy	0.5100	0.5460
thaw	0.4380	0.3210
theater	0.7600	0.6350
theatrical	0.7200	0.6900
theatrics	0.6940	0.5390
thebest	0.7600	0.5960
theft	0.1350	0.8670
theism	0.4600	0.4310
theistic	0.3970	0.3650
thelife	0.6880	0.5660
thelittlethings	0.5710	0.2400
theme	0.5410	0.1760
theocracy	0.4900	0.4270
theocratic	0.3800	0.4800
theologian	0.5210	0.3040
theological	0.4800	0.3630
theology	0.4480	0.3300
theorem	0.5000	0.2960
theoretical	0.6150	0.2700
theory	0.5830	0.3140
therapeutic	0.6250	0.2750
therapeutics	0.5520	0.3430
therapist	0.4680	0.4300
therapy	0.4900	0.3530
thereabouts	0.4270	0.3650
thereof	0.5420	0.2650
therewith	0.4620	0.3170
thermal	0.4800	0.3600
thermocouple	0.4060	0.4060
thermodynamics	0.5100	0.5940
thermometer	0.4000	0.3270
thermos	0.5820	0.2550
thermostat	0.4390	0.4800
thesaurus	0.5200	0.4800
thesis	0.5830	0.5820
thick	0.4490	0.4330
thicken	0.4060	0.3980
thickening	0.4480	0.3550
thicket	0.3850	0.3730
thickness	0.5520	0.3700
thief	0.0880	0.8880
thigh	0.4690	0.4330
thimble	0.4900	0.1920
thin	0.4690	0.3370
thing	0.4490	0.2220
things	0.5190	0.2500
thingy	0.4580	0.3120
think	0.7860	0.4080
thinker	0.7060	0.3860
thinking	0.7200	0.3080
third	0.5510	0.1870
thirds	0.4020	0.3270
thirst	0.2980	0.5190
thirsty	0.2810	0.6600
thirteen	0.4590	0.3850
thirteenth	0.4080	0.3300
thirty	0.5620	0.3490
thistle	0.4270	0.4230
thither	0.5000	0.2700
thong	0.4670	0.5960
thorn	0.2960	0.5410
thorny	0.1770	0.6900
thorough	0.4670	0.3500
thoroughbred	0.6690	0.7400
thoroughfare	0.5820	0.4810
thought	0.7800	0.3150
thoughtful	0.6670	0.2900
thoughtfulness	0.8670	0.2690
thoughtless	0.1940	0.5800
thoughts	0.7450	0.3820
thousand	0.6630	0.3550
thrash	0.2600	0.5100
thread	0.6460	0.1840
threat	0.1350	0.8650
threaten	0.1040	0.9580
threatened	0.0520	0.9280
threatening	0.0710	0.8750
three	0.6530	0.2250
threefold	0.5210	0.4000
threesome	0.4900	0.6760
thresh	0.4900	0.4170
threshold	0.5310	0.5190
thrice	0.4690	0.4420
thrift	0.7600	0.2170
thrifty	0.6040	0.3800
thrill	0.8880	0.8370
thrilled	0.8980	0.8180
thriller	0.4900	0.7960
thrilling	0.9300	0.8270
thrive	0.9480	0.5290
thriving	0.8650	0.5210
throat	0.3500	0.5380
throb	0.5000	0.6730
throbbing	0.6450	0.8080
throes	0.1460	0.7600
throne	0.7240	0.6060
throng	0.4800	0.8100
throttle	0.5620	0.8040
throw	0.3440	0.7700
throwback	0.2800	0.4540
thrower	0.4700	0.6900
thrown	0.5000	0.5500
thrush	0.3060	0.4900
thrust	0.5100	0.6470
thruster	0.6980	0.8120
thud	0.2550	0.6860
thug	0.2400	0.8820
thumb	0.6730	0.2710
thumbprint	0.5100	0.3470
thump	0.2800	0.7920
thumper	0.3540	0.6230
thumping	0.2140	0.7550
thunder	0.2960	0.9160
thunderbolt	0.4180	0.7190
thunderclap	0.3900	0.8330
thundering	0.3370	0.7780
thunderstorm	0.1350	0.8600
thunderstruck	0.1940	0.7160
thwart	0.2810	0.6840
thx	0.5620	0.4250
thyme	0.5610	0.2550
thyroid	0.2340	0.4550
tiara	0.7190	0.3000
tibia	0.4500	0.3020
tic	0.2710	0.4380
tick	0.5210	0.3860
ticked	0.4690	0.3860
ticker	0.4790	0.4710
ticket	0.6840	0.3870
tickle	0.7600	0.7270
tickled	0.7550	0.7070
ticklish	0.8230	0.8140
tidal	0.5920	0.5390
tidal wave	0.2400	0.8940
tidbit	0.5520	0.3820
tide	0.5410	0.5560
tidings	0.6100	0.5100
tidy	0.7600	0.2080
tie	0.6630	0.4640
tier	0.5200	0.2450
tiff	0.5310	0.4150
tiger	0.4790	0.7650
tighten	0.3880	0.4870
tightness	0.3440	0.6060
tightrope	0.3540	0.6530
tights	0.5830	0.3430
tilde	0.5200	0.3140
tile	0.4290	0.2450
tiling	0.6000	0.3300
till	0.4900	0.3270
tillage	0.5520	0.5910
tiller	0.4480	0.4100
tilt	0.3650	0.5490
tilting	0.4590	0.3840
timber	0.3320	0.2020
timberland	0.5500	0.4150
timbre	0.4600	0.4800
time	0.6040	0.2880
timeless	0.4080	0.4680
timeliness	0.7600	0.4040
timely	0.8650	0.3870
timeout	0.3440	0.4330
timepiece	0.6500	0.2790
timer	0.4690	0.4330
times	0.4900	0.2790
timetable	0.5610	0.1890
timewasters	0.3910	0.5350
timid	0.3270	0.2760
timidity	0.3330	0.3580
timing	0.5210	0.3110
tin	0.4690	0.3700
tincture	0.4400	0.3600
tine	0.4380	0.3730
tinfoil	0.4480	0.2840
tinge	0.4690	0.2920
tingle	0.4600	0.5600
tingling	0.4270	0.6150
tinker	0.3960	0.5280
tinkering	0.5310	0.4900
tinkle	0.5620	0.5290
tinkling	0.6120	0.5300
tinnitus	0.3840	0.5360
tinsel	0.6630	0.5210
tint	0.5820	0.2920
tiny	0.4790	0.1960
tip	0.7080	0.2210
tipper	0.4270	0.5710
tipster	0.4900	0.4620
tipsy	0.5100	0.6250
tiptoe	0.5100	0.4900
tirade	0.3780	0.5870
tire	0.4380	0.3850
tired	0.1250	0.3170
tiredness	0.3870	0.4080
tiredofit	0.3000	0.2700
tireless	0.6570	0.7500
tiresome	0.2400	0.5420
tiring	0.1530	0.5100
tissue	0.5580	0.2360
tistheseason	0.6460	0.5480
tit	0.4020	0.5390
titan	0.5980	0.6530
titanic	0.4270	0.7860
titanium	0.5200	0.4700
tithe	0.5070	0.2760
title	0.7080	0.3560
titled	0.6770	0.2400
titty	0.5610	0.5480
titular	0.7040	0.3850
toad	0.3020	0.4520
toast	0.7400	0.3820
toaster	0.5420	0.3370
toasty	0.6980	0.4610
tobacco	0.3270	0.5460
toby	0.4270	0.3750
tod	0.4690	0.3300
today	0.8060	0.3060
toddler	0.8120	0.4690
toe	0.4060	0.2210
toenail	0.5300	0.3800
toffee	0.6580	0.5100
tofu	0.5210	0.3300
toga	0.6980	0.3930
together	0.8740	0.3920
togetherness	0.9060	0.3600
toil	0.5580	0.5100
toilet	0.4900	0.2900
toils	0.4800	0.7100
token	0.5100	0.4180
tolerable	0.7500	0.3500
tolerance	0.8750	0.2060
tolerant	0.7650	0.1920
tolerate	0.7240	0.4300
toleration	0.7760	0.4420
toll	0.2960	0.4220
tomahawk	0.5100	0.6420
tomato	0.5500	0.1830
tomatoes	0.6150	0.2400
tomb	0.1120	0.5000
tombstone	0.2040	0.4410
tomcat	0.5200	0.4120
tome	0.4290	0.3160
tomorrow	0.7920	0.3770
ton	0.5600	0.4180
tone	0.5510	0.3550
toner	0.4480	0.3000
tong	0.4750	0.4800
tongs	0.5000	0.4590
tongue	0.5420	0.4320
tonic	0.5410	0.3600
tonnage	0.3230	0.3820
tonsils	0.3470	0.3730
toocold	0.4200	0.5500
tool	0.4900	0.3500
toolbox	0.5310	0.3160
tooling	0.5100	0.4060
toomuchtodo	0.4200	0.6880
toot	0.5000	0.4810
tooth	0.4390	0.2500
toothache	0.1880	0.8530
toothbrush	0.5170	0.3300
toothed	0.4490	0.3940
toothless	0.3120	0.5410
toothpaste	0.5100	0.2900
toothpick	0.5610	0.2160
toots	0.5520	0.4800
top	0.7600	0.4000
topaz	0.6430	0.3250
topic	0.5200	0.2760
topical	0.5610	0.3400
topless	0.6250	0.7650
topographic	0.6040	0.3780
topographical	0.4380	0.3500
topography	0.4690	0.3570
topple	0.1980	0.8200
topside	0.7080	0.4660
tor	0.3370	0.4300
torch	0.5310	0.6300
torment	0.0570	0.7500
tormented	0.0710	0.8550
torn	0.1530	0.5100
tornado	0.2600	0.8960
torpedo	0.2190	0.7940
torque	0.4660	0.3750
torrent	0.5410	0.7450
torrid	0.2810	0.6250
torsion	0.3120	0.6510
torso	0.4080	0.3940
tort	0.2290	0.6350
tortious	0.3120	0.7240
tortoise	0.6730	0.0780
tortuous	0.1940	0.7550
torture	0.1150	0.8780
tortured	0.0620	0.8900
toss	0.4180	0.7250
tot	0.6020	0.4310
total	0.7710	0.2860
totality	0.6880	0.4430
totally	0.8200	0.4220
tote	0.5100	0.3980
totem	0.6390	0.3500
touch	0.6460	0.4770
touchdown	0.6670	0.7700
touched	0.5920	0.3800
touching	0.7600	0.4390
touchy	0.3230	0.5100
tough	0.3440	0.5880
toughen	0.4580	0.6830
toughness	0.5520	0.6180
toupee	0.3230	0.2700
tour	0.6630	0.5450
tourism	0.8230	0.5310
tourist	0.7450	0.4800
tourmaline	0.4480	0.5130
tournament	0.6940	0.7400
tourniquet	0.3350	0.5210
tout	0.4800	0.5380
tow	0.5310	0.5000
towel	0.6300	0.2080
tower	0.6060	0.3800
towering	0.5000	0.6900
town	0.5510	0.2990
townhouse	0.6220	0.4000
township	0.5310	0.2920
townspeople	0.6770	0.4660
toxic	0.0080	0.8850
toxicity	0.1040	0.8650
toxicology	0.3020	0.7360
toxin	0.1150	0.6540
toy	0.8780	0.4200
toymaker	0.7550	0.5100
trace	0.5730	0.3460
traceable	0.6020	0.3700
tracer	0.5730	0.3270
traces	0.4820	0.4480
trachea	0.4480	0.5090
tracing	0.4180	0.5910
track	0.4480	0.4330
tracker	0.3980	0.7440
tract	0.4060	0.4220
tractable	0.6350	0.5000
traction	0.4290	0.5850
tractor	0.4490	0.5800
trade	0.5610	0.5440
trademark	0.6670	0.3440
trader	0.5620	0.6320
tradesman	0.5310	0.4310
trading	0.6350	0.6020
tradition	0.8300	0.4300
traditional	0.6770	0.2210
traffic	0.3230	0.5590
traffic light	0.4900	0.4690
trafficking	0.2500	0.7100
tragedies	0.1000	0.9100
tragedy	0.0520	0.8430
tragic	0.0480	0.9040
trail	0.6000	0.3220
trailer	0.5410	0.4900
train	0.6660	0.7050
train set	0.6040	0.5980
trained	0.7710	0.5380
trainee	0.6270	0.4080
trainer	0.6980	0.7190
training	0.7140	0.7760
trait	0.4690	0.3650
traitor	0.1120	0.7960
traitorous	0.0730	0.7450
trajectory	0.6530	0.5580
tram	0.6670	0.6280
tramp	0.1080	0.5100
trample	0.2350	0.7640
trampoline	0.6040	0.6900
tramway	0.6150	0.5380
trance	0.4690	0.4810
tranquil	0.9170	0.0940
tranquility	0.8400	0.1350
tranquilizer	0.5100	0.2360
transact	0.5210	0.6250
transaction	0.6500	0.5770
transatlantic	0.7240	0.5960
transceiver	0.5100	0.4900
transcend	0.6040	0.7710
transcendence	0.6560	0.6080
transcendent	0.6670	0.6000
transcendental	0.6350	0.6520
transcribe	0.5000	0.3940
transcriber	0.4900	0.4200
transcript	0.6390	0.3980
transcription	0.5920	0.4550
transfer	0.7020	0.4900
transference	0.5920	0.2940
transferred	0.4800	0.4500
transfixed	0.4270	0.6600
transform	0.7350	0.6670
transformation	0.7960	0.6180
transformer	0.5820	0.5820
transfusion	0.4170	0.7300
transgression	0.1580	0.8900
transient	0.5100	0.4050
transistor	0.4800	0.4800
transit	0.4390	0.5900
transition	0.6050	0.5610
transitional	0.5730	0.4720
transitive	0.4790	0.3770
transitory	0.4380	0.4500
translate	0.6040	0.4230
translation	0.6330	0.4350
translator	0.7600	0.4120
translocation	0.3670	0.6120
translucent	0.6000	0.5000
transmission	0.6880	0.4900
transmit	0.8360	0.5810
transmitter	0.5200	0.5110
transmutation	0.4380	0.7400
transom	0.3750	0.3850
transparency	0.8470	0.2600
transparent	0.5420	0.3300
transplant	0.4450	0.8060
transplantation	0.5310	0.6940
transponder	0.5640	0.5750
transport	0.6130	0.6270
transportation	0.6670	0.5600
transporter	0.6150	0.6250
transpose	0.4400	0.5850
transposition	0.3120	0.4510
transsexual	0.2640	0.8150
transverse	0.4290	0.4290
transvestite	0.2700	0.6750
trap	0.1040	0.6100
trapdoor	0.0940	0.6700
trapeze	0.5420	0.6250
trapped	0.1350	0.6150
trapper	0.2960	0.6540
trapping	0.3330	0.6210
trappings	0.4580	0.4620
traps	0.2350	0.6730
trash	0.1630	0.5410
trashy	0.0710	0.3800
trauma	0.1120	0.7920
traumatic	0.0620	0.8850
travail	0.5000	0.6770
travel	0.9310	0.6890
traveler	0.8370	0.5710
traveling	0.9000	0.7500
traverse	0.5710	0.5900
travesty	0.3540	0.6440
trawl	0.2550	0.5900
trawler	0.3160	0.4300
tray	0.5490	0.2500
treacherous	0.1120	0.8150
treachery	0.1040	0.8520
tread	0.5100	0.5200
treadmill	0.4590	0.6360
treason	0.0940	0.8060
treasure	0.9270	0.5920
treasured	0.8490	0.4710
treasurer	0.6940	0.4560
treasures	0.8670	0.7710
treasury	0.8120	0.5410
treat	0.5730	0.5710
treatable	0.7800	0.3020
treatise	0.6040	0.4070
treatment	0.6630	0.3860
treaty	0.6460	0.3820
treble	0.3580	0.4710
tree	0.6700	0.1180
trees	0.6530	0.1370
trek	0.4690	0.5300
trellis	0.2990	0.5000
tremble	0.1770	0.8780
trembling	0.1770	0.8240
tremendous	0.6000	0.8880
tremendously	0.7190	0.7220
tremor	0.1040	0.8330
trench	0.4290	0.7600
trend	0.6250	0.4580
trending	0.7500	0.4720
trendy	0.7130	0.5200
trepidation	0.5820	0.5940
trespass	0.2290	0.6700
triad	0.4690	0.4130
triage	0.3980	0.4330
trial	0.4380	0.6630
triangle	0.5620	0.2690
triangular	0.4300	0.3200
triangulate	0.4080	0.3800
triathlon	0.5210	0.8530
tribal	0.4170	0.4040
tribe	0.6640	0.4860
tribulation	0.4480	0.6120
tribunal	0.4100	0.6700
tribune	0.6100	0.5850
tributary	0.6150	0.4630
tribute	0.6840	0.5730
trick	0.5420	0.7000
trickery	0.1460	0.7980
trickle	0.5000	0.1960
trickster	0.3750	0.6800
tricky	0.2190	0.6510
tricycle	0.6330	0.4020
trident	0.4030	0.6060
trifle	0.2710	0.2960
trifling	0.3750	0.4180
trig	0.4380	0.4170
trigger	0.2710	0.8040
trigonometry	0.3960	0.4000
trillion	0.5920	0.4200
trilogy	0.6150	0.5200
trim	0.5000	0.4660
trimester	0.7830	0.3360
trimmer	0.2600	0.5480
trimming	0.5000	0.4780
trine	0.3960	0.3650
trinity	0.6350	0.3460
trinket	0.5210	0.3520
trio	0.5210	0.6130
trip	0.8750	0.6430
tripartite	0.5000	0.4800
tripe	0.3120	0.3610
triple	0.5850	0.3850
triplet	0.6220	0.5100
triplicate	0.6840	0.5450
tripod	0.4060	0.3880
tripping	0.2760	0.5940
trite	0.4580	0.4180
tritium	0.4120	0.4710
triumph	0.9690	0.7980
triumphant	0.9490	0.8370
trivia	0.6900	0.4900
trivial	0.4060	0.3870
troll	0.3780	0.6270
trolley	0.5620	0.5580
trombone	0.5620	0.5000
troop	0.3750	0.6960
trooper	0.4580	0.6940
troops	0.3850	0.7180
trophy	0.9470	0.6430
tropic	0.7400	0.5290
tropical	0.7400	0.4610
tropics	0.7400	0.3830
trot	0.5310	0.6640
trouble	0.1350	0.8110
troubled	0.1670	0.6270
troublemaker	0.2600	0.9000
troubles	0.0510	0.8540
troublesome	0.2830	0.8940
trough	0.5000	0.3080
troupe	0.6250	0.4060
trousers	0.6250	0.3140
trout	0.5160	0.3870
trowel	0.4700	0.4180
truce	0.6880	0.4410
truck	0.5310	0.3680
trucker	0.4940	0.6090
truckload	0.4800	0.4500
truculent	0.2100	0.7310
true	0.8960	0.4360
truelove	0.8600	0.6000
truffle	0.6770	0.3230
truism	0.5210	0.4220
trump	0.6400	0.7160
trumpet	0.5730	0.5700
trumpeter	0.6730	0.6000
truncate	0.3230	0.6000
truncated	0.3160	0.6020
trundle	0.5070	0.2700
trunk	0.2710	0.1670
truss	0.5210	0.4820
trust	0.8880	0.5470
trustee	0.5310	0.4420
trusting	0.8570	0.5080
trustworthy	0.9690	0.3150
trusty	0.8630	0.3980
truth	0.9710	0.4000
truthful	0.7080	0.4670
truthfulness	0.9200	0.5490
try	0.6040	0.5510
tryout	0.4590	0.5390
tryouts	0.4900	0.6020
tsunami	0.0420	0.9440
tub	0.4490	0.2350
tuba	0.5420	0.4020
tubby	0.4270	0.4230
tube	0.4180	0.2790
tuberculosis	0.2140	0.5190
tubing	0.4380	0.3630
tubular	0.4580	0.3610
tubule	0.5000	0.3300
tuck	0.3670	0.4730
tucker	0.4750	0.5580
tuesday	0.4690	0.1840
tufted	0.5000	0.5100
tug	0.3200	0.6040
tugboat	0.2710	0.5100
tuition	0.5310	0.3720
tulip	0.7300	0.1890
tumble	0.2760	0.5560
tumbler	0.5200	0.2600
tumbleweed	0.3120	0.4710
tummy	0.4270	0.3650
tumor	0.1020	0.6640
tumour	0.0920	0.6270
tumult	0.2710	0.6400
tumultuous	0.2080	0.6220
tun	0.3860	0.4130
tuna	0.5310	0.3860
tunable	0.5100	0.3640
tune	0.7080	0.4790
tunic	0.5310	0.2480
tuning	0.7190	0.3900
tunnel	0.3120	0.4900
turban	0.4690	0.3860
turbidity	0.1840	0.6070
turbine	0.5200	0.5490
turbo	0.5830	0.7290
turbulence	0.0620	0.9220
turbulent	0.3020	0.7920
turd	0.2400	0.5190
turf	0.5310	0.1920
turkey	0.6340	0.2450
turmeric	0.5420	0.3160
turmoil	0.1980	0.8880
turn	0.5310	0.3980
turnaround	0.5600	0.6540
turned	0.6300	0.5380
turning	0.5100	0.6840
turnip	0.5610	0.1830
turnkey	0.5310	0.3820
turnoff	0.3120	0.5600
turnout	0.6410	0.6920
turnover	0.4900	0.3920
turnpike	0.4590	0.4340
turntable	0.5310	0.4550
turpentine	0.3200	0.5390
turquoise	0.7860	0.2260
turret	0.4940	0.5000
turtle	0.2910	0.1020
turtleneck	0.5830	0.3980
tussle	0.3330	0.9190
tutelage	0.3930	0.4420
tutor	0.7500	0.3460
tutoring	0.6630	0.4020
tutu	0.5830	0.2760
tux	0.5310	0.3650
tuxedo	0.6940	0.3540
tv	0.6220	0.3800
twain	0.5410	0.2550
twat	0.2920	0.4590
twats	0.4060	0.5880
tweak	0.4400	0.4620
tweed	0.5100	0.4400
tweet	0.6590	0.4900
tweezers	0.4930	0.4080
twelfth	0.5210	0.2920
twelve	0.4900	0.2980
twentieth	0.4690	0.2970
twenty	0.5200	0.2920
twerp	0.4080	0.4430
twig	0.3780	0.2880
twilight	0.6220	0.3410
twill	0.4490	0.4150
twin	0.6880	0.3630
twine	0.5210	0.3800
twinge	0.3160	0.7200
twinkle	0.7190	0.7240
twins	0.7600	0.4730
twirl	0.5520	0.6470
twist	0.3750	0.4690
twisted	0.0710	0.7360
twister	0.3300	0.6800
twit	0.1940	0.6530
twitch	0.5100	0.7400
twitching	0.2920	0.7000
twitchy	0.0940	0.9180
two	0.5200	0.2000
two step	0.5830	0.3140
twofaced	0.3870	0.6200
twofold	0.5730	0.3330
twosome	0.5830	0.5440
tycoon	0.6820	0.5960
tyke	0.5000	0.3880
type	0.5000	0.2840
typewriter	0.5420	0.3730
typhoid	0.2650	0.4580
typhoon	0.3230	0.7960
typical	0.6350	0.2060
typically	0.5690	0.3770
typist	0.5510	0.5590
typo	0.2240	0.4150
typography	0.4800	0.3340
tyrannical	0.1670	0.8600
tyranny	0.1120	0.7920
tyrant	0.1150	0.8500
tyre	0.4800	0.3580
ubiquitous	0.6350	0.5710
ubiquity	0.5780	0.4900
ugliness	0.0940	0.4070
ugly	0.1670	0.6300
uhoh	0.3200	0.6220
ukulele	0.5130	0.3580
ulcer	0.2860	0.5960
ulterior	0.3750	0.5090
ultimate	0.6480	0.6450
ultimately	0.3850	0.4800
ultimatum	0.2190	0.8550
ultimo	0.3750	0.3630
ultrasound	0.5730	0.5940
ultraviolet	0.6040	0.4480
umbilical	0.3980	0.4060
umbra	0.4080	0.4000
umbrella	0.5830	0.2460
umpire	0.5200	0.5920
umpteen	0.5100	0.4600
unabashed	0.2920	0.6140
unabated	0.5320	0.4200
unable	0.1320	0.4590
unacceptable	0.1330	0.4790
unaccompanied	0.2920	0.3760
unaccountable	0.1800	0.6000
unaccounted	0.4100	0.3380
unacknowledged	0.2400	0.2690
unadulterated	0.5700	0.4200
unaffected	0.5420	0.2650
unafraid	0.5000	0.5200
unaided	0.2900	0.4100
unaltered	0.5710	0.2690
unambiguous	0.4060	0.3900
unanimity	0.4900	0.4070
unanimous	0.6560	0.3800
unanimously	0.6860	0.3330
unannounced	0.2400	0.5880
unanswered	0.2760	0.3610
unanticipated	0.2550	0.7750
unappreciated	0.1430	0.4310
unapproved	0.1840	0.4710
unarmed	0.4270	0.4200
unassisted	0.3020	0.3200
unassuming	0.4900	0.2300
unattached	0.1920	0.4390
unattainable	0.2200	0.6350
unattended	0.2550	0.4000
unattractive	0.1770	0.3070
unauthorized	0.2600	0.4480
unavailable	0.3230	0.2810
unavoidable	0.3500	0.5800
unaware	0.2080	0.3550
unbalanced	0.3020	0.5960
unbearable	0.1250	0.7980
unbeatable	0.7350	0.7190
unbeaten	0.8540	0.7600
unbecoming	0.1230	0.4710
unbelief	0.2650	0.5820
unbelievable	0.7710	0.7900
unbiased	0.6250	0.3780
unborn	0.3120	0.3000
unbound	0.3540	0.4020
unbounded	0.6460	0.6000
unbreakable	0.6530	0.5730
unbridled	0.3960	0.7590
unbroken	0.5500	0.2240
unbutton	0.4790	0.5390
uncalled	0.3440	0.2940
uncanny	0.4690	0.4610
uncaring	0.1770	0.2450
uncensured	0.4380	0.6490
uncertain	0.3630	0.5000
uncertainty	0.0640	0.4940
unchallenged	0.5520	0.3940
unchangeable	0.3750	0.4420
unchanged	0.4900	0.2040
uncharted	0.1880	0.4060
uncherished	0.2500	0.4120
uncivilized	0.1330	0.6000
unclaimed	0.3160	0.3460
uncle	0.6530	0.2550
unclean	0.1330	0.5290
unclear	0.2290	0.4630
uncomfortable	0.1880	0.6100
uncommon	0.4590	0.4290
uncommonly	0.6260	0.4900
uncomplicated	0.7400	0.2600
uncompromising	0.3200	0.5310
unconcerned	0.5620	0.2830
unconditional	0.7600	0.4930
unconfirmed	0.3340	0.3210
unconnected	0.1880	0.2650
unconscionable	0.2080	0.6180
unconscious	0.2400	0.3560
unconsciousness	0.1770	0.4400
unconstitutional	0.2300	0.5880
unconstrained	0.6530	0.6400
uncontested	0.5100	0.4710
uncontrollable	0.2650	0.7900
uncontrolled	0.1880	0.8910
unconventional	0.1770	0.5090
unconvinced	0.4090	0.4580
unconvincing	0.1900	0.5320
uncooked	0.3120	0.3210
uncooperative	0.2500	0.4220
uncorrelated	0.3330	0.3270
uncouth	0.0800	0.7610
uncover	0.7710	0.5520
uncritical	0.4800	0.3670
uncut	0.4480	0.4220
undead	0.3670	0.6350
undecided	0.2860	0.4330
undefeated	0.8330	0.7520
undefined	0.2600	0.4180
undeniable	0.5520	0.4730
underage	0.4690	0.4610
underbelly	0.4060	0.4230
undercover	0.3880	0.6270
undercurrent	0.3570	0.5820
underdog	0.2500	0.4100
underestimate	0.4130	0.4640
undergo	0.3980	0.5540
undergraduate	0.5830	0.5000
underground	0.3960	0.4550
underhanded	0.1880	0.4150
underlay	0.5210	0.3650
underlie	0.3230	0.3780
underline	0.4800	0.4120
underlying	0.4800	0.4450
undermine	0.3160	0.4910
undermined	0.3650	0.4090
underneath	0.4500	0.2650
underpaid	0.1460	0.4130
underpants	0.4480	0.4730
underprivileged	0.1670	0.4490
underrated	0.2080	0.5200
underscore	0.3750	0.2750
undersea	0.5450	0.4900
undersecretary	0.4590	0.3770
undersized	0.3160	0.4250
understaffed	0.1480	0.4440
understand	0.7600	0.3740
understandable	0.7760	0.3630
understanding	0.8650	0.3040
understatement	0.3470	0.4800
understood	0.7800	0.4410
understudy	0.3780	0.4020
undertake	0.7960	0.7020
undertaker	0.3630	0.6960
undertaking	0.6670	0.5300
undertow	0.3270	0.6390
underwear	0.6100	0.5460
underwood	0.5100	0.4530
underworld	0.1770	0.6760
underwrite	0.4160	0.5200
underwriter	0.5710	0.3270
undeserved	0.2190	0.5520
undesirable	0.1770	0.6440
undesired	0.1560	0.4410
undetectable	0.4380	0.5390
undetected	0.2240	0.3040
undetermined	0.2650	0.2560
undeveloped	0.2920	0.3300
undignified	0.1220	0.6270
undirected	0.3300	0.4170
undisclosed	0.4790	0.3610
undiscovered	0.4380	0.3470
undisputed	0.6460	0.5880
undisturbed	0.7250	0.2870
undivided	0.5100	0.3800
undo	0.3650	0.4440
undoing	0.2190	0.4520
undoubted	0.5920	0.4610
undress	0.4380	0.9000
undressed	0.3750	0.7550
undue	0.1560	0.5730
undying	0.7080	0.5000
unearned	0.1770	0.3400
unearth	0.4270	0.6350
uneasiness	0.1900	0.7980
uneasy	0.1150	0.5980
uneducated	0.1770	0.3500
unemployed	0.0940	0.4810
unemployment	0.0940	0.4000
unencumbered	0.6040	0.2800
unending	0.3850	0.5190
unequal	0.1180	0.4330
unequalled	0.5620	0.4700
unequivocal	0.6040	0.4150
unequivocally	0.5210	0.6680
unethical	0.1040	0.4330
uneven	0.1250	0.4570
uneventful	0.5100	0.3430
unexpected	0.5000	0.7200
unexpectedly	0.3540	0.7590
unexplainable	0.2600	0.4480
unexplained	0.2710	0.5310
unexplored	0.4010	0.6400
unfailing	0.6250	0.6350
unfair	0.1730	0.4720
unfairness	0.1700	0.8170
unfaithful	0.0310	0.8060
unfamiliar	0.2190	0.5580
unfavorable	0.1330	0.4500
unfeeling	0.2350	0.3770
unfettered	0.5690	0.6500
unfinished	0.1880	0.3680
unfit	0.2500	0.3680
unflinching	0.6670	0.6060
unfold	0.6120	0.5100
unfollow	0.2810	0.3370
unforeseen	0.2550	0.7140
unforgettable	0.8330	0.5610
unforgivable	0.2760	0.7430
unforgiving	0.4060	0.6300
unfortunate	0.0730	0.4870
unfortunately	0.1040	0.4940
unfounded	0.2710	0.5200
unfreeze	0.4580	0.2970
unfriendly	0.1730	0.6700
unfulfilled	0.1840	0.4260
unfurnished	0.3160	0.3330
unglued	0.3780	0.4460
ungodly	0.2960	0.4230
ungrateful	0.2190	0.4610
unguarded	0.1560	0.5780
unhand	0.4060	0.3600
unhappiness	0.0830	0.6300
unhappy	0.1120	0.5000
unharmed	0.7400	0.3780
unhealthy	0.1150	0.5490
unheard	0.3440	0.5390
unhelpful	0.1040	0.3200
unhindered	0.7290	0.4410
unholy	0.3270	0.5600
unhook	0.3750	0.5920
unicorn	0.7760	0.5100
unidentified	0.3850	0.3610
unification	0.6880	0.3450
unified	0.7290	0.4390
uniform	0.5700	0.2450
uniformed	0.4690	0.5190
uniformity	0.7450	0.3530
uniformly	0.6250	0.3330
unimaginable	0.5730	0.6340
unimpeachable	0.6840	0.5500
unimpeached	0.4580	0.3350
unimportant	0.2810	0.2400
unimpressed	0.1980	0.3020
unimproved	0.1630	0.3770
uninfected	0.6880	0.3040
uninformed	0.1560	0.3700
uninhabited	0.3010	0.2300
uninitiated	0.2710	0.2880
uninspired	0.1630	0.2430
unintelligible	0.2080	0.4720
unintended	0.4380	0.3850
unintentional	0.3330	0.5380
unintentionally	0.4600	0.4900
uninterested	0.3650	0.2400
uninteresting	0.1530	0.2350
uninterrupted	0.5000	0.4340
uninvited	0.0900	0.3850
union	0.8540	0.2260
unique	0.8230	0.3470
unisex	0.4920	0.4170
unison	0.5100	0.4390
unit	0.5620	0.2350
unitary	0.5310	0.2390
unite	0.7810	0.3750
united	0.7810	0.4310
unity	0.8370	0.2880
universal	0.8020	0.4170
universality	0.7960	0.4100
universe	0.6940	0.4540
university	0.7350	0.5740
unjust	0.1150	0.6250
unjustifiable	0.1150	0.5960
unjustified	0.2880	0.5410
unkind	0.1350	0.4090
unknowable	0.3470	0.5400
unknown	0.3570	0.4500
unlawful	0.0940	0.7590
unleash	0.4790	0.7750
unlicensed	0.3060	0.5740
unlike	0.4390	0.4390
unlikely	0.2710	0.2930
unlimited	0.7500	0.6230
unlisted	0.3650	0.2650
unload	0.6560	0.6390
unloaded	0.4690	0.3800
unlock	0.5820	0.4420
unlucky	0.0730	0.3950
unmanageable	0.1770	0.6660
unmanned	0.2350	0.4410
unmarked	0.4160	0.2940
unmarried	0.4380	0.4800
unmask	0.3230	0.6900
unmatched	0.7760	0.5360
unmistakable	0.6020	0.5710
unmitigated	0.6490	0.4270
unmoved	0.1840	0.3550
unnamed	0.3160	0.1890
unnatural	0.1530	0.5870
unnecessary	0.2190	0.3580
unneeded	0.1770	0.3750
unnoticed	0.3020	0.4400
unnumbered	0.4060	0.2550
unobserved	0.3980	0.2550
unobstructed	0.5830	0.4400
unobtrusive	0.4470	0.3270
unoccupied	0.2580	0.2450
unofficial	0.2600	0.3020
unopened	0.5420	0.3400
unopposed	0.6150	0.3750
unordered	0.2240	0.4820
unorganised	0.2500	0.5000
unorganized	0.2600	0.6570
unorthodox	0.3400	0.4800
unpack	0.5310	0.5280
unpaid	0.3000	0.4130
unparalleled	0.7080	0.3060
unpleasant	0.1220	0.6120
unpleasantness	0.0620	0.7240
unplug	0.2390	0.4410
unplugged	0.3670	0.3750
unpopular	0.0730	0.4410
unprecedented	0.5000	0.4910
unpredictable	0.4290	0.7690
unprepared	0.2040	0.4500
unpretentious	0.5100	0.2960
unproductive	0.1000	0.3240
unprofessional	0.0420	0.3700
unprofitable	0.1630	0.3760
unprotected	0.1500	0.5820
unproven	0.2960	0.4270
unprovoked	0.5650	0.3270
unpublished	0.4060	0.4800
unpunished	0.2920	0.5940
unqualified	0.1700	0.4330
unquestionable	0.4690	0.4500
unquestionably	0.5000	0.6300
unquestioned	0.5620	0.5090
unquote	0.3880	0.3630
unravel	0.3780	0.5980
unreachable	0.2080	0.6790
unread	0.4580	0.2400
unreal	0.1730	0.4310
unrealistic	0.2290	0.5000
unreasonable	0.1150	0.7020
unrecorded	0.2410	0.3510
unregistered	0.2550	0.3370
unregulated	0.3440	0.4540
unrelated	0.3020	0.2700
unrelenting	0.5000	0.7900
unreliable	0.1080	0.4800
unremarkable	0.2710	0.1550
unrepentant	0.2400	0.4450
unrequited	0.1430	0.4410
unresolved	0.1350	0.4410
unresponsive	0.1080	0.2820
unrest	0.1020	0.5770
unrestrained	0.3850	0.7750
unrestricted	0.6980	0.4580
unromantic	0.2080	0.3160
unruly	0.2400	0.7450
unsafe	0.1150	0.5620
unsanitary	0.0630	0.5920
unsatisfactory	0.1220	0.5200
unsatisfied	0.2000	0.5470
unsavory	0.0710	0.6370
unscathed	0.6250	0.3080
unscheduled	0.3120	0.4360
unscientific	0.3960	0.3170
unscrew	0.3330	0.4620
unscrupulous	0.0940	0.7270
unseat	0.2290	0.5000
unseen	0.4270	0.3510
unselfish	0.6150	0.3530
unsettled	0.2080	0.6470
unsightly	0.2260	0.5590
unsolicited	0.0940	0.3390
unsolved	0.1460	0.3900
unsophisticated	0.3270	0.4910
unsound	0.1460	0.2220
unspeakable	0.3270	0.5670
unspecified	0.2400	0.3650
unspoken	0.1770	0.2600
unstable	0.1670	0.5870
unsteady	0.1220	0.5000
unstoppable	0.6250	0.8870
unsuccessful	0.1400	0.3180
unsuitable	0.1880	0.5280
unsung	0.2960	0.3300
unsupervised	0.4780	0.4810
unsupported	0.2600	0.4500
unsure	0.1430	0.5800
unsurpassed	0.6940	0.5690
unsuspecting	0.3020	0.5090
unsustainable	0.2550	0.6500
unsweetened	0.3960	0.2630
unsympathetic	0.1630	0.6200
untamed	0.4290	0.7780
untenable	0.1430	0.6370
untested	0.3020	0.2960
unthinkable	0.3650	0.4800
untidy	0.1060	0.6100
untie	0.5420	0.4630
untimely	0.2450	0.6760
untitled	0.2130	0.2400
untold	0.2400	0.3670
untouchable	0.4900	0.6020
untouched	0.5310	0.2760
untoward	0.1220	0.5550
untraceable	0.3210	0.6740
untrained	0.1490	0.5290
untranslated	0.2710	0.1880
untroubled	0.7500	0.2130
untrue	0.0310	0.5000
untrustworthy	0.0970	0.4490
unturned	0.3120	0.2550
unused	0.3440	0.2310
unusual	0.4290	0.4330
unusually	0.3850	0.4060
unutterable	0.4060	0.5920
unveil	0.4390	0.4420
unveiling	0.5690	0.5700
unverified	0.2140	0.3650
unwanted	0.1770	0.5460
unwarranted	0.0910	0.5000
unwary	0.2860	0.4170
unwashed	0.3650	0.4270
unwavering	0.7400	0.6300
unwed	0.5410	0.5950
unwelcome	0.1150	0.4800
unwell	0.1430	0.6400
unwilling	0.3020	0.3160
unwillingly	0.2040	0.5480
unwillingness	0.2040	0.3110
unwind	0.8370	0.1810
unwise	0.1410	0.6100
unwitting	0.2600	0.5260
unwittingly	0.3120	0.5100
unworthy	0.1940	0.4330
unwrap	0.6040	0.4910
unwritten	0.3670	0.3840
unyielding	0.3670	0.8060
unzip	0.3780	0.5200
upbeat	0.8780	0.5310
upbringing	0.6770	0.4900
upcoming	0.6880	0.4600
update	0.6980	0.5350
upgrade	0.7860	0.5000
upheaval	0.2900	0.8300
uphill	0.3960	0.7230
uphold	0.6980	0.3210
upholstery	0.5920	0.2700
upkeep	0.5900	0.4420
upland	0.7190	0.5780
uplands	0.6150	0.4710
uplift	0.6560	0.7790
uplifting	0.7710	0.5480
uplink	0.5440	0.5100
upload	0.6380	0.6830
upper	0.7400	0.5290
uppercut	0.4100	0.6000
uppity	0.4650	0.5460
upright	0.6670	0.3730
uprising	0.5610	0.7770
uproar	0.2710	0.9020
upscale	0.6980	0.5260
upset	0.0710	0.6800
upshot	0.6930	0.4900
upstairs	0.6630	0.4080
upstanding	0.8510	0.3900
upstart	0.4490	0.5000
uptight	0.1840	0.7160
upward	0.7920	0.4810
upwards	0.7240	0.4390
uranium	0.3750	0.5800
urban	0.5610	0.5280
urchin	0.4170	0.5100
urge	0.4180	0.6800
urgency	0.4290	0.9080
urgent	0.3270	0.9180
urinal	0.2140	0.5100
urinalysis	0.3440	0.5320
urinate	0.3600	0.5000
urination	0.2710	0.4410
urine	0.3750	0.3610
urn	0.1940	0.5200
usable	0.8120	0.4550
usage	0.6460	0.3600
use	0.4380	0.3580
used	0.3540	0.3060
useful	0.8330	0.4110
usefully	0.6500	0.4810
usefulness	0.8060	0.5190
useless	0.0520	0.3420
user	0.6290	0.3470
usher	0.5210	0.4400
usual	0.6250	0.2210
usurp	0.1250	0.8180
usurped	0.2920	0.7800
usury	0.3440	0.6790
utensil	0.5730	0.2790
uterus	0.5510	0.4200
utilitarian	0.4270	0.3630
utility	0.6220	0.4000
utilization	0.5620	0.4690
utilize	0.6940	0.4450
utmost	0.7190	0.7400
utopian	0.5420	0.3270
utter	0.5310	0.4220
utterance	0.5420	0.6400
utterly	0.6330	0.4400
vacancy	0.6430	0.3110
vacant	0.5780	0.2200
vacate	0.3570	0.4900
vacation	0.8400	0.4900
vaccination	0.5300	0.5780
vaccine	0.5000	0.5200
vacuolar	0.4390	0.3700
vacuole	0.4900	0.4060
vacuous	0.3540	0.2670
vacuum	0.3270	0.1960
vagabond	0.3840	0.5310
vagina	0.5510	0.8700
vaginal	0.4490	0.7650
vagrancy	0.2190	0.5670
vagrant	0.2650	0.5480
vague	0.2710	0.3350
vagueness	0.1500	0.3240
vainly	0.3650	0.2830
valance	0.4240	0.2860
vale	0.5920	0.2760
valedictorian	0.5000	0.4900
valentine	0.8880	0.6150
valet	0.6350	0.4060
valiant	0.8800	0.7450
valid	0.6930	0.3530
validate	0.7600	0.4310
validation	0.6550	0.4600
validity	0.6460	0.4700
valium	0.4190	0.3980
valley	0.7290	0.3060
valor	0.8330	0.4420
valuable	0.8990	0.5470
valuables	0.7900	0.6250
valuation	0.6150	0.4800
value	0.8750	0.5820
valve	0.3230	0.3630
vamoose	0.4590	0.4550
vamp	0.3100	0.7940
vampire	0.2710	0.8020
van	0.5610	0.3780
vandal	0.1350	0.7920
vandalism	0.0830	0.9040
vane	0.5610	0.2800
vanguard	0.6930	0.6400
vanilla	0.7060	0.2160
vanish	0.2360	0.4800
vanished	0.2080	0.5660
vanishing	0.2920	0.5500
vanity	0.2600	0.5400
vanquish	0.7080	0.7600
vanquished	0.4960	0.5290
vanquishing	0.6000	0.7480
vantage	0.7400	0.6320
vapor	0.5100	0.3580
vara	0.4900	0.3330
variable	0.6200	0.4070
variance	0.5400	0.4050
variation	0.6350	0.5610
variations	0.4580	0.5480
varicella	0.1840	0.5930
varicose	0.2350	0.4620
varied	0.6040	0.7010
variegated	0.3980	0.5490
variety	0.7140	0.4720
various	0.5000	0.2960
varmint	0.4170	0.5000
varnish	0.4480	0.3530
varsity	0.7100	0.5940
vary	0.5210	0.3730
varying	0.5520	0.4710
vascular	0.5160	0.4510
vase	0.6380	0.2250
vasectomy	0.2080	0.6630
vassal	0.4170	0.5250
vast	0.5200	0.5350
vat	0.3330	0.4910
vaudeville	0.4900	0.4710
vault	0.4900	0.3780
vaulted	0.4170	0.4600
vaulting	0.5100	0.3230
veal	0.4380	0.3370
vector	0.5380	0.3080
veer	0.4690	0.4300
vega	0.5100	0.3330
vegan	0.4900	0.2260
vegetable	0.5510	0.1200
vegetarian	0.5620	0.2550
vegetarianism	0.5100	0.2690
vegetation	0.7400	0.1770
vegetative	0.5000	0.2700
veggie	0.6020	0.2450
vehement	0.5000	0.5000
vehicle	0.6410	0.5650
veil	0.5000	0.2350
veiled	0.3700	0.3170
vein	0.3470	0.3730
veined	0.4870	0.4590
vellum	0.5000	0.3490
velocity	0.6730	0.7690
velour	0.6700	0.2920
velvet	0.6630	0.2260
velvety	0.6770	0.3430
vena	0.5000	0.3150
vendetta	0.1980	0.7840
vending	0.4170	0.5650
vendor	0.5410	0.5410
veneer	0.4900	0.2650
venerable	0.7080	0.3690
veneration	0.7450	0.6500
venereal	0.3020	0.6540
venetian	0.6330	0.3730
vengeance	0.1030	0.9270
vengeful	0.1500	0.8400
venison	0.5100	0.4220
venom	0.1250	0.7700
venomous	0.1590	0.8410
venous	0.4060	0.5710
vent	0.4790	0.5190
ventilation	0.7190	0.4510
ventilator	0.4710	0.3530
venting	0.3750	0.3880
ventricle	0.5200	0.3870
ventricular	0.4400	0.5490
ventriloquist	0.5520	0.6000
venture	0.8930	0.8100
venue	0.7270	0.3160
veracity	0.7350	0.7240
veranda	0.7430	0.3430
verb	0.5820	0.3120
verbal	0.5200	0.2910
verbatim	0.5620	0.2550
verbiage	0.4290	0.5600
verbose	0.4390	0.4800
verbosity	0.3000	0.4910
verdant	0.6000	0.2600
verdict	0.3250	0.6890
verge	0.5000	0.3370
verification	0.7500	0.2760
verified	0.7810	0.3670
verify	0.7610	0.4810
verily	0.7130	0.3510
veritable	0.7940	0.3300
vermin	0.1670	0.7120
vermouth	0.5030	0.4800
vernacular	0.4790	0.4530
vernal	0.5530	0.4020
veronica	0.5940	0.3990
versatile	0.9060	0.6250
versatility	0.8780	0.5850
verse	0.6670	0.2690
version	0.6040	0.4230
versus	0.3100	0.5000
vert	0.4900	0.3750
vertebra	0.4270	0.3300
vertebral	0.3080	0.4340
vertex	0.3160	0.5100
vertical	0.5200	0.3870
vertically	0.5340	0.3850
vertigo	0.2920	0.6550
verve	0.7240	0.8400
very negative	0.0620	0.5210
very positive	1.0000	0.5510
veryangry	0.3230	0.7140
vesicle	0.3590	0.5090
vesicular	0.2140	0.4400
vessel	0.4900	0.3980
vest	0.6670	0.3800
vested	0.6630	0.4150
vestibule	0.5410	0.3850
vestige	0.5620	0.4700
vet	0.5310	0.4000
veteran	0.5600	0.4310
veterinarian	0.5820	0.4180
veterinary	0.6560	0.4500
veto	0.2710	0.4620
vexed	0.1150	0.8020
viability	0.7760	0.5000
viable	0.6560	0.3200
viaduct	0.4200	0.4400
vial	0.5940	0.3460
vibe	0.7100	0.4800
vibes	0.6350	0.6880
vibrant	0.7710	0.8240
vibrate	0.5000	0.6980
vibration	0.5830	0.6570
vibrator	0.4790	0.7980
vibratory	0.5420	0.6900
vicar	0.5310	0.3700
vicarious	0.4790	0.4520
vice	0.2960	0.7780
viceroy	0.5410	0.4810
vicinity	0.7000	0.3530
vicious	0.2080	0.6940
victim	0.1150	0.6760
victimized	0.1150	0.6440
victor	0.8020	0.5870
victoria	0.8960	0.8110
victorious	0.8840	0.8860
victory	0.9380	0.7350
video	0.6460	0.5770
video game	0.7070	0.7650
videotape	0.6650	0.3430
vie	0.4840	0.4910
view	0.8960	0.2920
viewer	0.5920	0.3580
viewing	0.6900	0.3940
viewpoint	0.6730	0.3060
vigil	0.5210	0.4800
vigilance	0.4900	0.6150
vigilant	0.4690	0.6430
vigilante	0.4180	0.6270
vignette	0.7170	0.2830
vigor	0.8600	0.7550
vigorous	0.8570	0.7700
viking	0.5410	0.7550
vile	0.0830	0.5370
villa	0.6980	0.2900
village	0.6840	0.3670
villager	0.7100	0.3870
villain	0.1770	0.8920
villainous	0.1220	0.8400
vinaigrette	0.4900	0.2860
vindicate	0.6560	0.5960
vindicated	0.6150	0.4800
vindication	0.5310	0.6320
vindictive	0.0920	0.8300
vine	0.5310	0.2920
vinegar	0.2760	0.3700
vineyard	0.8060	0.3820
vintage	0.6800	0.3900
vinyl	0.4900	0.2410
viola	0.5210	0.4610
violate	0.0610	0.9700
violation	0.0830	0.8920
violence	0.0610	0.9330
violent	0.1120	0.9180
violently	0.1200	0.9700
violet	0.6880	0.2720
violin	0.8230	0.3960
violinist	0.8040	0.3020
viper	0.1730	0.8460
viral	0.2400	0.6120
virgin	0.6220	0.4330
virginal	0.6730	0.5770
virginity	0.6910	0.6760
virility	0.6840	0.6700
virology	0.4180	0.5690
virtual	0.5980	0.5320
virtually	0.5940	0.5210
virtue	0.8960	0.4430
virtuoso	0.9290	0.5910
virtuous	0.8900	0.5300
virulence	0.0940	0.5330
virus	0.2770	0.7400
visa	0.7350	0.3670
visage	0.7000	0.3610
viscosity	0.4170	0.5210
viscous	0.3980	0.3960
vise	0.5330	0.3910
visibility	0.7500	0.4440
visible	0.7500	0.3420
visibly	0.7240	0.3730
vision	0.7080	0.4470
visionary	0.8230	0.5650
visit	0.7710	0.4430
visitation	0.7290	0.3460
visiting	0.7290	0.4400
visitor	0.6460	0.4800
visor	0.3960	0.4900
vista	0.6980	0.3900
visual	0.8130	0.4620
visualize	0.6350	0.4310
vital	0.7500	0.7160
vitality	0.9230	0.5650
vitals	0.7040	0.6040
vitamin	0.8270	0.3300
vitreous	0.3120	0.4130
viva	0.8400	0.5670
vivacious	0.7800	0.8200
vivid	0.6980	0.6270
vixen	0.3670	0.6150
vocabulary	0.5300	0.2470
vocal	0.5830	0.3520
vocalist	0.6880	0.5960
vocation	0.8330	0.4260
vodka	0.5100	0.6320
vogue	0.7400	0.4910
voice	0.5940	0.3430
voiceless	0.2710	0.2350
voicemail	0.4580	0.4530
void	0.1350	0.1630
volatile	0.3230	0.7860
volatility	0.2810	0.7550
volcanic	0.3440	0.9100
volcano	0.2400	0.8440
volition	0.4800	0.5870
volley	0.5290	0.4600
volleyball	0.6400	0.7000
voltage	0.3820	0.8550
voltmeter	0.5990	0.5960
volume	0.5520	0.4900
volumes	0.5520	0.4520
voluminous	0.5610	0.4500
voluntarily	0.8470	0.4600
voluntary	0.7710	0.4600
volunteer	0.8880	0.4220
volunteering	0.8440	0.6140
volunteers	0.8200	0.4480
voluptuous	0.6730	0.7190
vomit	0.0730	0.5690
vomiting	0.1560	0.7800
voodoo	0.1880	0.6000
voracious	0.3850	0.8920
vortex	0.4080	0.6910
vote	0.5820	0.5000
voter	0.6120	0.5380
voting	0.6150	0.6020
votive	0.4790	0.4600
vouch	0.6250	0.4170
voucher	0.6220	0.4160
vow	0.5600	0.5100
vowel	0.4900	0.2830
voyage	0.8160	0.7140
voyager	0.6840	0.5960
voyeur	0.4790	0.6150
vulgar	0.0830	0.8200
vulgarity	0.1040	0.8700
vulnerability	0.2500	0.5100
vulnerable	0.1980	0.4900
vulture	0.3160	0.6040
wacko	0.2710	0.5740
wacky	0.1530	0.7200
wad	0.3330	0.3180
waddle	0.4900	0.4530
wade	0.5100	0.6560
wafer	0.6770	0.3600
waffle	0.7080	0.3940
wag	0.4480	0.4900
wage	0.6350	0.4800
wager	0.4790	0.8160
wages	0.7760	0.4400
wagon	0.4900	0.4610
wail	0.4180	0.7240
waist	0.5420	0.4480
waistcoat	0.5420	0.3200
waistline	0.5600	0.4170
wait	0.2240	0.1670
waiter	0.4590	0.3000
waiting	0.2390	0.3390
waitinggame	0.6040	0.5490
waitress	0.6460	0.5310
waive	0.2760	0.5590
waiver	0.3960	0.6300
wake	0.7000	0.4700
walk	0.6430	0.4120
walker	0.5510	0.4910
walking	0.7080	0.4800
walkout	0.2920	0.8530
wall	0.4170	0.2500
wallaby	0.5410	0.3680
wallet	0.6800	0.4320
wallflower	0.6670	0.2980
wallop	0.3200	0.7900
wallow	0.2860	0.8780
wallpaper	0.6730	0.1730
walnut	0.6880	0.3020
walrus	0.5210	0.3270
waltz	0.7690	0.4100
wan	0.3840	0.4570
wand	0.5420	0.3220
wander	0.4270	0.4170
wanderer	0.4580	0.5190
wandering	0.3230	0.4710
wane	0.1880	0.4020
waning	0.3750	0.3330
wanker	0.2900	0.5690
wannabe	0.6020	0.5470
wannasleep	0.6040	0.3300
want	0.6710	0.6420
wanting	0.7600	0.4330
wanton	0.4270	0.7390
war	0.0220	0.8920
warbler	0.4800	0.3490
warcrimes	0.0310	0.8520
ward	0.4690	0.2550
warden	0.6150	0.6270
wardrobe	0.6120	0.5100
ware	0.6040	0.4430
warehouse	0.7210	0.3650
warfare	0.0620	0.8850
warhead	0.2190	0.7560
warlike	0.3670	0.8470
warlock	0.3120	0.5580
warlord	0.1670	0.7960
warm	0.7600	0.3120
warming	0.5940	0.6370
warms	0.5940	0.5800
warmth	0.8780	0.3070
warn	0.4290	0.6470
warned	0.3020	0.6040
warning	0.2290	0.7740
warp	0.3440	0.4170
warpath	0.2800	0.6760
warped	0.2190	0.6630
warrant	0.6530	0.3980
warranted	0.7140	0.3670
warrants	0.5620	0.4310
warranty	0.6670	0.4700
warren	0.4170	0.5700
warrior	0.4580	0.8630
warship	0.2920	0.8900
wart	0.0820	0.3140
wartime	0.1000	0.9120
wary	0.5100	0.3430
wash	0.6350	0.3770
washed	0.5420	0.3140
washer	0.5940	0.3900
washing	0.6430	0.3960
washout	0.3830	0.3040
washroom	0.5000	0.3640
wasp	0.3900	0.6200
waste	0.0410	0.5100
wastebasket	0.2710	0.2300
wasted	0.1880	0.5580
wasteful	0.1730	0.7300
wasteland	0.3650	0.3080
wasting	0.0510	0.4170
watch	0.5310	0.3460
watchdog	0.5310	0.8110
watcher	0.5620	0.4010
watchful	0.3860	0.4900
watchman	0.5100	0.5090
watchout	0.3960	0.5300
watchtower	0.5000	0.4150
water	0.8120	0.1230
water polo	0.6880	0.6700
waterbed	0.7240	0.3810
watercourse	0.6770	0.3570
watered	0.6150	0.2900
waterfall	0.6520	0.4600
waterfront	0.7160	0.2740
watering can	0.6020	0.2980
watermelon	0.7140	0.2300
waterproof	0.7790	0.4230
waterworks	0.5100	0.4900
watery	0.3670	0.4610
wave	0.6220	0.4910
wavelength	0.6040	0.4420
waver	0.4260	0.6300
wavering	0.3750	0.4300
waves	0.6430	0.4700
wavy	0.5200	0.2840
wax	0.4360	0.2450
waxed	0.5310	0.3880
waxy	0.4080	0.2450
way	0.4800	0.2750
ways	0.6880	0.5600
wayward	0.3440	0.5730
weak	0.1800	0.2410
weaken	0.1120	0.2500
weakened	0.3730	0.3040
weakling	0.1940	0.2940
weakly	0.2700	0.2550
weakness	0.0880	0.3700
wealth	0.8570	0.6370
wealthy	0.9270	0.5660
weapon	0.0540	0.8400
weaponry	0.2190	0.8400
wear	0.3120	0.3700
wearer	0.4710	0.3470
wearily	0.3270	0.2860
weariness	0.1040	0.3330
wearing	0.6460	0.5200
weary	0.1940	0.2810
weasel	0.4080	0.3170
weather	0.7550	0.4040
weathered	0.4220	0.4910
weatherman	0.6600	0.4130
weatherproof	0.5410	0.3450
weave	0.6040	0.2650
web	0.5830	0.4110
website	0.6150	0.4420
wed	0.6040	0.5490
wedded	0.7710	0.4130
wedding	0.8750	0.8020
wedge	0.4900	0.2900
wedlock	0.7470	0.6540
wee	0.6630	0.4520
weed	0.4590	0.2940
weeding	0.4580	0.5280
weeds	0.3200	0.5510
weedy	0.2930	0.3660
weeeee	0.5620	0.6300
week	0.5100	0.2310
weekday	0.4900	0.4690
weekend	0.8440	0.6250
weekly	0.6220	0.2880
weenie	0.4060	0.4510
weep	0.0530	0.6210
weeping	0.0820	0.6880
weeping willow	0.3440	0.4410
weepy	0.0680	0.6150
weigh	0.3330	0.3960
weighing	0.4490	0.4410
weight	0.4500	0.3800
weightless	0.4600	0.4260
weightloss	0.5700	0.4390
weights	0.4580	0.5000
weighty	0.4270	0.4800
weir	0.3750	0.3850
weird	0.2600	0.6600
weirdness	0.3160	0.4910
weirdo	0.1730	0.5390
welcome	0.8980	0.5550
welcomed	0.9270	0.5850
welcoming	0.9050	0.5270
weld	0.4170	0.4620
welder	0.4480	0.6790
welding	0.5100	0.5690
welfare	0.8020	0.3780
wellhead	0.4690	0.4600
wellness	0.9690	0.4410
welsh	0.4900	0.3850
welt	0.3900	0.6320
wen	0.4380	0.4310
wench	0.4690	0.5190
werewolf	0.2350	0.8110
west	0.5620	0.3370
westbound	0.6460	0.3630
western	0.5730	0.5000
wet	0.3850	0.4170
wetback	0.2710	0.4020
whack	0.2190	0.8160
whale	0.5820	0.3980
whaling	0.2810	0.7170
wham	0.4690	0.4900
whammy	0.4610	0.4910
wharf	0.4690	0.2400
whatdoido	0.4060	0.4940
whatif	0.5230	0.5280
whatmakesmesmile	0.7650	0.5880
whatnot	0.3750	0.4930
whatsoever	0.4000	0.3140
whatsthepoint	0.4360	0.4590
wheat	0.5310	0.1850
wheel	0.6150	0.3100
wheel barrow	0.5100	0.3370
wheelbarrow	0.4790	0.3660
wheelchair	0.2400	0.3370
wheels	0.6670	0.4710
wheeze	0.2290	0.4620
whelp	0.3440	0.4580
whereabouts	0.4390	0.3820
wherefore	0.5610	0.3570
wherewith	0.4910	0.4200
wherewithal	0.3880	0.3660
whet	0.6430	0.4650
whiff	0.4590	0.4000
whilst	0.5100	0.3020
whim	0.3780	0.6800
whimper	0.2710	0.5450
whimsical	0.4490	0.6370
whimsy	0.7290	0.6390
whine	0.3420	0.6860
whiny	0.2080	0.5480
whip	0.2080	0.8990
whiplash	0.2570	0.7600
whipped	0.1980	0.8040
whirl	0.4610	0.7880
whirlpool	0.7100	0.4150
whirlwind	0.4170	0.9150
whisk	0.5000	0.5370
whisker	0.5210	0.3060
whiskers	0.4390	0.2780
whiskey	0.6120	0.7060
whisky	0.6400	0.6150
whisper	0.4900	0.2250
whispered	0.5480	0.3580
whistle	0.6530	0.5510
whit	0.5620	0.3930
whitefish	0.4920	0.3270
whiteness	0.6880	0.2350
whitewash	0.4290	0.4020
whitish	0.5830	0.2790
whittle	0.3470	0.4510
whiz	0.8960	0.6270
whole	0.6530	0.3570
wholesale	0.7600	0.5510
wholesome	0.8880	0.4230
wholly	0.6900	0.3530
whoo	0.5310	0.5780
whoop	0.5590	0.4810
whopper	0.4480	0.5980
whopping	0.5410	0.7400
whore	0.1350	0.8800
whorehouse	0.2000	0.9300
wick	0.3370	0.4810
wicked	0.1380	0.8000
wickedness	0.0310	0.7270
wicker	0.4270	0.3390
wicket	0.5000	0.5000
wide	0.5710	0.3120
widely	0.6980	0.4530
widen	0.5620	0.5380
widespread	0.6330	0.4560
widow	0.2500	0.4500
widowed	0.2050	0.4390
widower	0.1840	0.4060
width	0.5830	0.2800
wield	0.3470	0.6600
wiener	0.5940	0.4340
wienie	0.5000	0.5090
wife	0.8860	0.6300
wig	0.7220	0.2790
wiggle	0.5310	0.6760
wight	0.5420	0.4040
wiki	0.5300	0.3900
wild	0.3120	0.9220
wildcat	0.4580	0.6320
wildebeest	0.4380	0.4800
wilderness	0.2810	0.3330
wildfire	0.1400	0.9290
wildlife	0.6560	0.5300
will	0.6980	0.4080
willful	0.5570	0.7190
willies	0.4800	0.4900
willing	0.8330	0.5610
willingly	0.8330	0.3160
willingness	0.7860	0.5000
willow	0.6040	0.2450
willpower	0.8230	0.7760
wilt	0.2260	0.3540
wilted	0.2450	0.3750
wily	0.4590	0.6700
wimp	0.1840	0.4900
wimpy	0.1880	0.2920
win	0.9270	0.6940
wince	0.2860	0.4150
winch	0.3850	0.4340
wind	0.5310	0.4040
windbag	0.4380	0.5100
windfall	0.7500	0.8640
winding	0.3980	0.5820
windmill	0.7730	0.4120
window	0.5420	0.2760
windowsill	0.4290	0.2740
windpipe	0.2810	0.3600
windshield	0.6150	0.3750
windy	0.3300	0.5410
wine	0.7920	0.4170
wine cooler	0.7290	0.4040
wing	0.5620	0.2550
winged	0.6460	0.4690
winger	0.5310	0.7940
wingman	0.5730	0.5780
wink	0.6880	0.5570
winner	0.9600	0.8100
winning	0.9550	0.7120
winnings	0.9490	0.8290
wino	0.4060	0.5350
winter	0.6630	0.3550
winterbreak	0.6120	0.4640
wintertime	0.7600	0.5160
wintery	0.3880	0.5120
wintry	0.4480	0.4340
wipe	0.6630	0.4270
wiper	0.5000	0.3800
wire	0.4800	0.3300
wired	0.3980	0.4200
wireless	0.6350	0.4440
wiretap	0.2240	0.6420
wiring	0.4900	0.3670
wis	0.5100	0.4310
wisdom	0.9300	0.3020
wise	0.8780	0.2500
wish	0.7710	0.5830
wishbone	0.4940	0.5310
wishful	0.8850	0.7120
wishing	0.7550	0.6000
wishmeluck	0.7290	0.5820
wisp	0.5520	0.3880
wistful	0.3230	0.4510
wit	0.8440	0.4840
witch	0.2920	0.7100
witchcraft	0.1830	0.7790
withal	0.3450	0.2640
withdraw	0.2600	0.4250
withdrawal	0.2750	0.5410
withdrawals	0.4270	0.4040
withdrawn	0.1820	0.3680
wither	0.1500	0.4200
withered	0.1880	0.2920
withering	0.2710	0.6500
withhold	0.3200	0.4510
withholding	0.1650	0.4900
withstand	0.3700	0.5480
witless	0.1980	0.3330
witness	0.5620	0.5690
wits	0.7600	0.5960
witty	0.8570	0.7070
wiz	0.4670	0.5450
wizard	0.6560	0.4300
wobble	0.3750	0.6200
wobbly	0.2080	0.7590
woe	0.3400	0.6060
woeful	0.1350	0.5550
woefully	0.2040	0.5800
wok	0.5830	0.3750
wokemeup	0.5610	0.5200
wolf	0.4480	0.7120
wolverine	0.4700	0.6730
womanhood	0.8120	0.6560
womanizer	0.2810	0.8000
womanly	0.9090	0.6150
womb	0.3750	0.3850
wonder	0.9390	0.7710
wonderful	0.9710	0.7760
wonderfully	0.9690	0.7600
wonderment	0.9290	0.6790
wondrous	0.8540	0.6790
wont	0.2400	0.3430
woo	0.6460	0.7290
wood	0.4940	0.1820
woodcut	0.6330	0.3540
wooden	0.5000	0.1960
woodland	0.7760	0.3060
woodlands	0.6560	0.3400
woodpecker	0.5200	0.4820
woods	0.5940	0.2690
woodshed	0.5510	0.3730
woodsman	0.5000	0.4510
woodwork	0.4900	0.4810
woody	0.4690	0.2600
woof	0.3540	0.5090
woohoo	0.6580	0.6700
wooing	0.7400	0.7300
wool	0.5830	0.1320
woolen	0.7260	0.2650
woolly	0.5310	0.3980
woot	0.6020	0.4900
woozy	0.1770	0.4520
wop	0.4170	0.4520
word	0.5520	0.2550
wording	0.6530	0.5000
words	0.7100	0.2160
wordy	0.6430	0.4780
work	0.7190	0.5960
workaholic	0.3440	0.6570
workbook	0.6730	0.3430
worker	0.7190	0.5980
working	0.7400	0.5850
workings	0.7040	0.5600
workload	0.2310	0.7920
workman	0.7290	0.6180
workmanship	0.6940	0.4410
workout	0.8680	0.8270
workplace	0.5920	0.4310
works	0.7760	0.4340
workshop	0.5310	0.4260
workup	0.5820	0.7130
world	0.6220	0.3940
worldly	0.4380	0.6120
worldwide	0.7900	0.4620
worm	0.1300	0.4180
wormhole	0.3370	0.3800
wormwood	0.4580	0.4060
worn	0.3500	0.4820
worried	0.0940	0.8240
worries	0.0940	0.6790
worry	0.2450	0.7760
worrying	0.0470	0.7500
worse	0.0620	0.7040
worsening	0.1150	0.6850
worship	0.6880	0.3800
worshipful	0.7600	0.6480
worstfeeling	0.0920	0.6250
worth	0.8720	0.5100
worthless	0.0830	0.4200
worthwhile	0.9080	0.3850
worthy	0.8120	0.3400
wot	0.5200	0.4800
would	0.4930	0.4120
wound	0.1500	0.7170
wounded	0.1150	0.7700
wounding	0.2190	0.7250
wounds	0.1020	0.7350
wracking	0.2440	0.6070
wrangler	0.4170	0.5740
wrangling	0.1460	0.8650
wrap	0.5940	0.4410
wrapper	0.6250	0.3580
wrapping	0.4600	0.3680
wrath	0.0390	0.9080
wrathful	0.1020	0.7300
wreak	0.3750	0.6220
wreath	0.7450	0.4400
wreck	0.2200	0.7700
wreckage	0.0820	0.3530
wrecked	0.0780	0.6180
wrecker	0.2290	0.7160
wrench	0.3960	0.2020
wrenching	0.2040	0.8330
wrest	0.4270	0.7500
wrestle	0.3880	0.8900
wrestler	0.5200	0.8630
wrestling	0.4490	0.8680
wretch	0.0400	0.6670
wretched	0.1350	0.5600
wriggle	0.4690	0.6270
wright	0.5400	0.5280
wring	0.3600	0.6560
wringer	0.3650	0.5190
wrinkle	0.1500	0.3700
wrinkled	0.2710	0.4020
wrist	0.7060	0.3400
wristband	0.5510	0.1940
wristwatch	0.7710	0.3380
writ	0.5620	0.2200
write	0.6120	0.3870
writer	0.8060	0.3300
writing	0.6940	0.4750
written	0.6000	0.2310
wrong	0.0420	0.5820
wrongdoing	0.1120	0.7450
wrongful	0.1020	0.6800
wrongly	0.0540	0.5500
wrought	0.3220	0.5590
wry	0.2190	0.5480
xanax	0.4270	0.4020
xenophobia	0.1560	0.7710
xerox	0.3850	0.3490
xmas	0.9060	0.7170
xoxo	0.7290	0.5200
yaaaay	0.6250	0.6770
yaaay	0.6500	0.6100
yaay	0.6040	0.5750
yacht	0.8230	0.6700
yachting	0.6240	0.6350
yahoo	0.6430	0.5830
yak	0.4690	0.4220
yam	0.5000	0.2060
yank	0.2710	0.6300
yap	0.5100	0.4580
yard	0.4680	0.1760
yarn	0.5100	0.2650
yaw	0.5860	0.5920
yawn	0.3850	0.1200
yawning	0.3230	0.2160
yay	0.6940	0.5750
yayy	0.6400	0.5870
yayyy	0.6020	0.7000
yayyyy	0.6770	0.6130
yea	0.7510	0.4120
yeahhh	0.8200	0.7920
yeahhhh	0.8650	0.7210
year	0.5420	0.2840
yearbook	0.5620	0.2310
yearling	0.5100	0.3480
yearly	0.5920	0.2950
yearn	0.5920	0.4910
yearning	0.7090	0.5100
years	0.6530	0.3300
yeast	0.5000	0.3500
yehey	0.4900	0.5300
yell	0.2400	0.7980
yeller	0.4360	0.5000
yelling	0.3230	0.9390
yellow	0.6710	0.2750
yellows	0.5700	0.3060
yelp	0.4170	0.7090
yen	0.5100	0.4350
yeoman	0.5300	0.4590
yesss	0.7190	0.6570
yessss	0.7190	0.7960
yesterday	0.5000	0.2860
yesteryear	0.4690	0.2590
yew	0.3120	0.2070
yey	0.6770	0.5300
yield	0.7190	0.5780
yielding	0.4900	0.6430
yo-yo	0.5920	0.6430
yodel	0.5100	0.4540
yoga	0.7500	0.1150
yogi	0.6530	0.3470
yogurt	0.6600	0.2690
yoke	0.2810	0.6200
yolk	0.4900	0.3060
yon	0.4790	0.3650
yonder	0.6150	0.3300
youngster	0.7960	0.5570
yousuck	0.2250	0.6140
youth	0.9380	0.6080
youthful	0.8270	0.4800
yucky	0.1420	0.8060
yuletide	0.4380	0.4300
yummy	0.8780	0.5500
yuppie	0.6770	0.6100
zany	0.5000	0.6410
zap	0.3850	0.4380
zeal	0.3670	0.7410
zealot	0.4800	0.7930
zealous	0.2920	0.8290
zebra	0.5670	0.4480
zen	0.4920	0.2100
zenith	0.5820	0.3870
zephyr	0.4790	0.4080
zeppelin	0.5420	0.5500
zest	0.9170	0.7690
zesty	0.5620	0.5280
zeta	0.3850	0.2900
zigzag	0.4170	0.6060
zilch	0.4090	0.4510
zillion	0.6120	0.5590
zinc	0.3570	0.3140
zing	0.5790	0.4020
zip	0.4870	0.3680
zipper	0.3900	0.3150
zippy	0.5610	0.5230
zit	0.3370	0.4100
zodiac	0.5940	0.4290
zombie	0.2140	0.6480
zone	0.5310	0.3490
zoning	0.4170	0.4000
zoo	0.7600	0.5200
zoological	0.6670	0.4580
zoology	0.5680	0.3470
zoom	0.4900	0.5200
zucchini	0.5100	0.3210