土豚	0.4270	0.4900
吓了一跳	0.3850	0.4070
算盘	0.5100	0.2760
鲍鱼	0.5000	0.4800
放弃	0.3185	0.5428
弃	0.0460	0.4810
愧	0.1770	0.6440
杀	0.1080	0.8590
减排	0.3880	0.3380
僧院	0.5800	0.3670
方丈	0.4270	0.3210
简略	0.5310	0.3750
缩写	0.4690	0.3060
腹部	0.4690	0.4620
腹部的	0.4900	0.4560
拐	0.1730	0.7200
绑架	0.0580	0.9290
异常	0.3647	0.5983
像差	0.1250	0.8160
暂时保留	0.3300	0.5100
痛恨	0.1250	0.6020
深恶痛绝	0.1670	0.6840
可恶	0.1638	0.7520
遵守	0.6560	0.3935
守法	0.7960	0.3270
能力	0.8253	0.6187
卑劣	0.3540	0.5900
切除	0.3245	0.5005
炽盛	0.3230	0.7460
能够	0.7240	0.4300
不正常	0.1370	0.6040
船上	0.6980	0.2840
住所	0.7055	0.3100
废除	0.3097	0.5083
鄙弃	0.1980	0.7880
厌恶	0.1228	0.6928
土著	0.4740	0.4680
退出	0.2275	0.5643
流产	0.0620	0.7755
未遂	0.0900	0.7760
盛产	0.7040	0.4900
上述	0.5410	0.2980
胡言乱语	0.4223	0.6387
磨损	0.3050	0.5142
磨料	0.3920	0.6100
并肩	0.5465	0.3565
国外	0.6250	0.6385
突兀	0.2710	0.8190
突然	0.4563	0.6593
脓肿	0.1540	0.4510
缺席	0.1650	0.2280
缺席者	0.2350	0.3300
旷工	0.4040	0.2730
苦艾酒	0.4920	0.4950
绝对	0.5650	0.3800
赦免	0.6335	0.4565
开脱	0.6380	0.4745
吸收	0.5234	0.4664
吸水	0.5520	0.3940
避免	0.4828	0.4258
弃权	0.2710	0.2640
节制	0.3550	0.3940
抽象	0.4380	0.2920
抽象化	0.4690	0.4390
荒诞	0.1880	0.6560
荒谬	0.1470	0.6497
丰富	0.7841	0.6529
滥用	0.0583	0.7690
滥用的	0.1250	0.9030
邻接	0.5070	0.3293
深	0.3700	0.5915
深渊	0.3530	0.7250
学术的	0.7810	0.4200
学院	0.6730	0.4507
加入	0.6797	0.4573
促进剂	0.6430	0.8440
加速	0.6370	0.8213
促进	0.7411	0.6691
加速器	0.6740	0.7150
口音	0.5980	0.3570
加重	0.2328	0.7195
接受	0.7960	0.3637
验收	0.8330	0.2870
承兑汇票	0.8470	0.4130
访问	0.6967	0.5312
无障碍	0.7960	0.4100
附件	0.5204	0.3600
事故	0.1250	0.9080
偶然	0.4472	0.5644
欢呼	0.7852	0.7605
荣誉	0.8363	0.5883
容纳	0.8440	0.3750
伴奏	0.7400	0.4790
陪	0.8330	0.4060
随同	0.7870	0.4600
同案犯	0.4080	0.5800
完成	0.7911	0.4877
成就	0.9065	0.7510
符合	0.7020	0.3557
按照	0.6590	0.3490
手风琴	0.6040	0.4900
帐户	0.5310	0.3470
问责	0.7320	0.4095
会计	0.5523	0.4010
账户	0.5920	0.3400
认可	0.7720	0.4685
吸积	0.4480	0.5190
累积	0.5200	0.4810
积累	0.4640	0.5407
准确性	0.6695	0.6025
准确	0.7430	0.3600
诅咒	0.1344	0.6976
指控	0.0730	0.7180
宾格	0.1980	0.7550
告	0.1330	0.7520
被告	0.1900	0.6900
原告	0.3123	0.6920
指责	0.1560	0.7450
惯常的	0.5345	0.2865
高手	0.6430	0.4810
醋	0.3330	0.4200
乙炔	0.3060	0.4690
疼痛	0.0810	0.8120
实现	0.7558	0.5090
微弱	0.1620	0.5600
酸	0.4200	0.5387
酸度	0.1560	0.6630
确认	0.7810	0.4576
承认	0.6744	0.5051
顶点	0.4353	0.4440
粉刺	0.1670	0.4740
橡子	0.4480	0.1980
声	0.5420	0.4620
声学	0.6110	0.3300
认识	0.6803	0.3833
熟人	0.6560	0.2900
熟悉	0.8400	0.3563
默认	0.5005	0.4115
获得	0.7770	0.4764
收购	0.7540	0.5850
开释	0.6715	0.5340
英亩	0.5830	0.3870
面积	0.7410	0.4500
亩	0.5100	0.3630
杂技演员	0.7080	0.8280
丙烯酸树脂	0.5820	0.2790
法案	0.5260	0.5530
演戏	0.6980	0.6430
行动	0.7600	0.8980
行动图	0.6150	0.7740
诉	0.6730	0.7020
启用	0.7080	0.5307
激活	0.7810	0.8000
活性	0.8470	0.7300
活动家	0.5615	0.6755
活动	0.4350	0.4373
演员	0.6090	0.5490
实际	0.7145	0.4600
现实	0.6580	0.4227
精算师	0.5100	0.4040
敏锐	0.6460	0.5485
头脑	0.6100	0.5270
针刺	0.5310	0.3240
急性	0.4220	0.5975
广告	0.6000	0.5663
谚语	0.6047	0.3683
坚决	0.6097	0.4973
适应	0.7015	0.3600
适应性强	0.7350	0.4230
加	0.7280	0.4900
添加	0.5620	0.4050
附录	0.3785	0.3785
加法器	0.3880	0.4610
瘾君子	0.2793	0.6003
上瘾	0.2290	0.6975
瘾	0.3450	0.7805
加成	0.5620	0.3730
额外	0.6645	0.5065
添加剂	0.5610	0.6330
地址	0.5800	0.3405
收件人	0.6220	0.3820
拿手	0.5940	0.5390
充足	0.7377	0.3493
附着	0.6965	0.3230
追随者	0.5610	0.3850
秉承	0.6120	0.5610
粘着	0.5210	0.4450
胶粘剂	0.6040	0.3500
再见	0.3518	0.4210
脂肪	0.2723	0.3547
邻	0.6450	0.2760
形容词	0.5700	0.3160
隔壁的	0.5200	0.4000
休会	0.4115	0.4830
裁定	0.5590	0.5200
裁决	0.3640	0.5140
调整	0.5448	0.4818
辅助	0.5100	0.5000
管理	0.6850	0.4454
行政	0.6250	0.4040
行政的	0.5420	0.4150
管理员	0.5380	0.4800
令人钦佩	0.9290	0.6000
上将	0.8440	0.4900
金钟	0.5940	0.5470
钦佩	0.9690	0.5830
欣赏	0.8730	0.5640
尊敬的	0.9340	0.4730
爱慕者	0.7960	0.7200
受理	0.7910	0.5540
入场	0.8020	0.4150
准入	0.6900	0.4510
混合物	0.4980	0.3675
警告	0.3688	0.6620
忙乱	0.5200	0.4230
土砖	0.5000	0.3190
青春期	0.5195	0.7400
青少年	0.7345	0.6157
采用	0.6525	0.5320
养	0.5310	0.4690
可爱的	0.9690	0.5190
崇拜	0.8144	0.5570
装饰	0.7861	0.3974
肾上腺素	0.8150	0.9425
漂浮	0.3980	0.4860
成人	0.8150	0.4910
掺假	0.1880	0.8650
奸夫	0.2290	0.8140
通奸	0.2580	0.9275
成年	0.5410	0.4540
提前	0.6730	0.4720
高级	0.8440	0.6230
进步	0.7655	0.6280
前进	0.8760	0.5360
优点	0.9170	0.5480
有利	0.8347	0.5470
来临	0.6650	0.5600
冒险	0.6835	0.8287
冒险家	0.7810	0.8390
爱冒险的	0.9690	0.8980
对手	0.2387	0.6845
不利的	0.3230	0.6100
逆境	0.2760	0.7600
忠告	0.6980	0.4080
可取	0.7755	0.5150
劝告	0.5690	0.5265
建议	0.7385	0.3885
周密	0.6980	0.2350
顾问	0.7714	0.3496
咨询	0.6560	0.4290
拥护	0.6313	0.5223
主张	0.5890	0.6400
庇护	0.5970	0.3340
通风	0.5480	0.4463
天线	0.5680	0.3940
有氧运动	0.7080	0.7710
机场	0.5710	0.6950
空气动力学的	0.5610	0.7240
空气动力学	0.5900	0.6630
航空学	0.5510	0.6330
飞机	0.6865	0.6485
航天	0.6430	0.5200
审美	0.7080	0.4420
美学	0.8470	0.3270
病因	0.4900	0.3915
远	0.3960	0.3730
和蔼可亲的	0.7040	0.3800
事务	0.5200	0.4590
影响	0.5000	0.5810
感情	0.8290	0.5530
亲热	0.9490	0.4220
宣誓书	0.4690	0.5840
附属	0.6730	0.5190
联系	0.6670	0.5090
亲和力	0.8000	0.5000
肯定	0.7950	0.4963
肯定地	0.9080	0.5000
词缀	0.4380	0.3350
折磨	0.1526	0.7100
痛苦	0.1304	0.7566
富裕	0.7950	0.5920
富裕的	0.6590	0.5240
给予	0.5560	0.4875
实惠	0.8400	0.3980
冒犯	0.3560	0.7450
远处	0.4795	0.3630
着火	0.3670	0.9040
浮着	0.6020	0.4270
前面	0.5835	0.3770
前述的	0.5105	0.3370
害怕	0.1166	0.8096
重新	0.7070	0.4395
非洲人	0.4900	0.4230
船尾	0.3215	0.4235
来世	0.5710	0.5670
后果	0.2760	0.5850
下午	0.5330	0.3880
擦面液	0.4060	0.3840
回味	0.3540	0.3620
事后	0.3417	0.4363
纯爱	0.6120	0.5290
玛瑙	0.5400	0.3770
年龄	0.5610	0.2260
老	0.1350	0.3650
机构	0.5200	0.3035
议程	0.5310	0.2960
代理人	0.4950	0.4505
凝聚	0.5270	0.6505
加剧	0.2735	0.7730
恼人的	0.1695	0.8235
骨料	0.7300	0.3780
聚合	0.5830	0.5170
侵略	0.0940	0.9290
侵略性	0.1010	0.9310
积极	0.6095	0.7855
侵略者	0.1730	0.8875
骇然	0.1330	0.8650
敏捷	0.7843	0.6960
老化	0.2140	0.2550
激荡	0.3000	0.7960
激动	0.6700	0.7830
搅动	0.2780	0.7110
发红的	0.7800	0.5100
不可知	0.3265	0.4680
前	0.3962	0.3985
折腾	0.2505	0.7625
广场恐怖症	0.1270	0.7120
同意	0.7340	0.4539
合适的	0.9060	0.5000
协议	0.4600	0.4613
农业的	0.6860	0.3210
农业	0.6100	0.3855
搁浅	0.3125	0.3995
先	0.5880	0.4350
唉唉	0.5620	0.5170
趣多多	0.5000	0.4970
援助	0.7960	0.4910
助手	0.6630	0.3905
帮助	0.6495	0.5260
艾滋病	0.5610	0.4800
生病	0.0903	0.4530
病痛	0.1460	0.7340
目标	0.6657	0.4970
漫无目的	0.1500	0.2670
空气	0.7080	0.1630
安全气囊	0.5100	0.4020
空降	0.5420	0.5190
航空母舰	0.4900	0.7400
空降场	0.2710	0.4810
空运	0.5730	0.6220
航空公司	0.6500	0.4820
客机	0.6670	0.7770
气闸	0.3980	0.5200
空军	0.5870	0.7160
飞机场	0.7290	0.6840
摆架子	0.5830	0.1960
飞艇	0.5613	0.4773
空域	0.5620	0.5100
空速	0.5830	0.7800
简易机场	0.5500	0.6900
密闭	0.4790	0.3810
空中航线	0.6380	0.5850
走道	0.4380	0.2220
又名	0.4590	0.3580
类似的	0.6390	0.3430
雪花	0.6450	0.2980
报警	0.2410	0.8820
闹钟	0.5420	0.7270
惊慌	0.1880	0.8220
惊人	0.6288	0.7860
唉	0.5710	0.3100
信天翁	0.5000	0.4450
白化病	0.5000	0.2400
专辑	0.6350	0.3490
炼金术	0.5410	0.5830
醇	0.3230	0.6670
酒精	0.1530	0.6880
酗酒	0.0610	0.7790
壁龛	0.4745	0.3765
市议员	0.5500	0.4590
警报	0.4080	0.8120
警觉	0.4325	0.7450
苜蓿	0.5460	0.2500
代数	0.4855	0.3760
算法	0.4480	0.3940
别号	0.5410	0.3530
托辞	0.3960	0.5280
外侨	0.4100	0.6150
离间	0.2470	0.5000
疏远	0.2830	0.4025
异化	0.3780	0.5300
落	0.6670	0.6570
对齐	0.6195	0.3195
对准	0.6430	0.4120
一样	0.6390	0.2185
赡养费	0.6120	0.4770
等份	0.4400	0.3100
活	0.8160	0.6370
强碱	0.4900	0.3500
生物碱	0.4330	0.5620
缓和	0.6756	0.2960
断言	0.6360	0.5304
所谓的	0.3650	0.5220
忠诚	0.8667	0.3960
寓言	0.5685	0.4705
快板	0.6350	0.6270
过敏的	0.2187	0.6150
过敏	0.2960	0.6060
胡同	0.3520	0.4855
联盟	0.6718	0.4346
联盟的	0.7140	0.2450
鳄鱼	0.3608	0.5960
分配	0.5753	0.4509
配股	0.6000	0.3900
允许	0.7212	0.4152
津贴	0.6730	0.3820
合金	0.5830	0.4430
引诱	0.4765	0.5225
诱人	0.6810	0.7665
典故	0.4400	0.3080
冲积	0.3230	0.4900
盟友	0.7920	0.3200
历书	0.6640	0.2850
大能	0.9380	0.8740
杏仁	0.6980	0.1830
在高处	0.7710	0.3730
阿罗哈	0.6980	0.4400
单独	0.3330	0.1670
超然	0.4280	0.5115
高声	0.4995	0.7340
字母	0.5520	0.2825
拼音	0.5230	0.4167
高山	0.5940	0.3370
坛	0.7240	0.3870
祭坛男孩	0.4340	0.2060
改变	0.3863	0.6760
改造	0.4690	0.6540
争吵	0.2233	0.7842
备用	0.5657	0.4237
交替	0.4800	0.4940
替代	0.4798	0.4375
高度表	0.6150	0.5100
高度	0.7083	0.5867
中音	0.6560	0.4040
共	0.8330	0.3240
铝	0.4490	0.2800
校友	0.6330	0.3680
肺泡	0.4690	0.4810
汞合金	0.4380	0.3330
合并	0.5611	0.4901
阿玛丽托	0.5430	0.5510
攒	0.5520	0.4650
业余	0.4690	0.5000
惊奇	0.7017	0.7323
吃惊	0.5440	0.7760
惊愕	0.6315	0.7193
令人惊讶	0.9180	0.7650
大使	0.6510	0.5290
琥珀色	0.6350	0.3080
环境	0.6252	0.3652
周围	0.5723	0.3567
歧义	0.1640	0.4600
暧昧	0.2960	0.4720
范围	0.5650	0.4295
志向	0.5100	0.8040
有雄心	0.4840	0.8210
矛盾	0.3880	0.5490
神的食物	0.5710	0.4520
救护车	0.5000	0.7500
伏击	0.2810	0.8300
改善	0.8623	0.5213
阿门	0.7810	0.1820
适合	0.5998	0.3762
修改	0.5334	0.4802
修订	0.5310	0.4590
赔偿	0.4255	0.5723
礼仪	0.6615	0.3327
紫晶	0.6220	0.4060
可亲	0.8470	0.2900
和睦	0.8193	0.3367
际	0.5100	0.3400
烟雨	0.4800	0.3300
氨基	0.5510	0.4020
弹药	0.3305	0.7000
氨	0.3230	0.4915
健忘症	0.2960	0.3300
大赦	0.5510	0.4510
恋爱的	0.8440	0.6700
非晶	0.3270	0.4020
折旧	0.3675	0.5310
量	0.5830	0.4410
功放	0.4390	0.3930
符号	0.5860	0.4053
安非他明	0.1330	0.6670
两栖动物	0.4270	0.3570
水陆两用	0.4790	0.3460
圆形剧场	0.6530	0.4800
放大	0.6839	0.5607
振幅	0.6940	0.4390
充分	0.7153	0.3787
截肢	0.0920	0.6600
切断术	0.1980	0.6765
疯狂地	0.3850	0.6020
护身符	0.7810	0.2600
游玩	0.8120	0.6840
乐	0.9420	0.8470
娱乐	0.7840	0.6868
有趣	0.9435	0.7775
森蚺	0.1460	0.8300
麻醉	0.3575	0.2165
麻药	0.3995	0.2660
字谜	0.5520	0.3270
肛门	0.3400	0.7210
镇痛药	0.4170	0.3210
类似	0.5717	0.2895
类似物	0.5700	0.3200
比喻	0.4945	0.4085
分析	0.6737	0.4113
分析人士	0.6040	0.4150
解析	0.5670	0.4885
分析仪	0.6250	0.5560
无政府主义	0.1250	0.8040
无政府主义者	0.2040	0.7000
无政府状态	0.1460	0.7550
吻合	0.4630	0.3800
解剖的	0.5620	0.4420
解剖学	0.5620	0.3900
祖先	0.6633	0.4397
祖	0.7105	0.4805
锚	0.5200	0.2840
锚地	0.5000	0.3250
古	0.4200	0.2170
辅助的	0.4490	0.4420
雄激素	0.2550	0.5230
安卓	0.6630	0.4360
轶事	0.5830	0.5290
贫血	0.1880	0.3270
贫血的	0.1670	0.2790
海葵	0.5520	0.5380
麻醉师	0.4190	0.2240
动脉瘤	0.1150	0.6900
天使	0.8333	0.3240
愤怒	0.1912	0.7580
激怒	0.1501	0.8410
心绞痛	0.2300	0.6300
血管造影	0.3625	0.5280
角度	0.5410	0.3300
钓鱼	0.6510	0.3455
兔毛	0.5290	0.4250
焦虑	0.1827	0.8557
苦涩	0.1235	0.6100
角	0.4245	0.2885
无水	0.4560	0.3650
动物	0.5210	0.5100
活跃	0.8270	0.7453
动画	0.8555	0.7130
敌意	0.2420	0.7350
阿尼姆斯	0.6980	0.6760
踝	0.5000	0.2740
脚镯	0.4100	0.2760
志	0.4270	0.6100
歼灭	0.0780	0.8590
全军覆没	0.0800	0.7600
周年	0.8800	0.7700
注释	0.5250	0.4705
注解	0.6040	0.4700
宣布	0.6967	0.6380
公告	0.6700	0.5173
播音员	0.6020	0.5700
搅扰	0.0940	0.7650
烦恼	0.1903	0.6600
懊恼	0.1067	0.7440
惹恼	0.1460	0.7780
全年	0.5520	0.2360
年金	0.5210	0.3040
废止	0.2560	0.5302
环形的	0.3100	0.3850
环	0.5675	0.4035
膏	0.5000	0.3680
恩膏	0.6530	0.3500
异常的	0.2810	0.4800
不规则	0.2240	0.5745
不久	0.5305	0.3320
匿名	0.4917	0.3453
厌食症	0.1600	0.6180
回答	0.6105	0.4365
可回答的	0.7080	0.4810
蚂蚁	0.4480	0.2160
对抗	0.1840	0.7290
对抗性的	0.2960	0.6040
前情	0.4270	0.5510
羚羊	0.6055	0.4790
前面的	0.4630	0.3417
圣歌	0.7575	0.3175
垤	0.3270	0.5780
选集	0.3380	0.4060
炭疽病	0.1880	0.7300
人类学	0.4285	0.3785
人类学家	0.5510	0.3850
抗	0.3895	0.5440
防空	0.3300	0.6220
抗生素	0.4790	0.3895
敌基督	0.0820	0.8370
预料	0.6025	0.4605
预期	0.7017	0.4837
预料的	0.6530	0.5510
滑稽动作	0.4480	0.7400
解药	0.5410	0.4900
抗真菌	0.4080	0.4120
反重力	0.4300	0.7140
锑	0.3780	0.3980
反感	0.1387	0.5463
古玩	0.5000	0.2330
陈旧的	0.4200	0.3920
古董	0.5870	0.3300
古代	0.3345	0.2730
防腐剂	0.4845	0.3995
反社会的	0.1460	0.6860
对立	0.3385	0.4650
对立的	0.2710	0.5090
抗病毒	0.4590	0.4700
鹿茸	0.4480	0.4700
坐立不安	0.4490	0.5580
砧	0.3800	0.5100
急	0.3033	0.8943
任何时候	0.6250	0.4610
大动脉	0.4480	0.5100
主动脉	0.4360	0.5400
快速地	0.5360	0.5000
阿帕奇	0.6870	0.4690
公寓	0.6207	0.3393
麻木不仁	0.2035	0.3815
暮气	0.1840	0.2120
猿	0.5480	0.3890
光圈	0.5355	0.3935
顶尖	0.5700	0.4330
蚜	0.3880	0.4730
春药	0.7500	0.8460
一块	0.4390	0.2590
沉着	0.5000	0.5090
启示	0.6238	0.6428
世界末日	0.1730	0.8800
歉然	0.4790	0.4610
辩护士	0.4060	0.4290
道歉	0.5510	0.3780
歉意	0.5710	0.3460
叛教	0.3880	0.5200
变节者	0.3420	0.5000
使徒	0.6460	0.3470
使徒的	0.5920	0.3000
撇号	0.4690	0.3680
药剂师	0.4643	0.4237
慑	0.1940	0.7920
骇人听闻的	0.1600	0.8270
仪器	0.4685	0.4450
服饰	0.5464	0.4178
明显的	0.4507	0.4677
显然地	0.5310	0.4100
幻影	0.3330	0.6660
上诉	0.6630	0.5980
出现	0.6890	0.5430
安抚	0.7225	0.2805
上诉人	0.3270	0.5880
附加	0.5730	0.4640
附加物	0.2290	0.3820
阑尾切除术	0.1770	0.6700
阑尾炎	0.0310	0.6400
食欲	0.7040	0.6370
开胃菜	0.7550	0.5600
开胃的	0.8060	0.6570
鼓掌	0.8650	0.8240
掌声	0.9530	0.8570
苹果	0.8110	0.3000
苹果汁	0.7650	0.2040
苹果白兰地	0.6040	0.4310
苹果酱	0.7500	0.1670
器具	0.5930	0.4480
家电	0.5940	0.3940
适用性	0.6770	0.4900
适用	0.4690	0.4300
申请人	0.6120	0.5580
应用	0.6290	0.3830
委	0.5650	0.3300
约定	0.6880	0.5940
约会	0.7450	0.6770
分摊	0.6145	0.4855
评价	0.5470	0.5785
可感知的	0.8730	0.4910
赞赏	0.8375	0.4670
升值	0.9170	0.5290
欣赏的	0.8570	0.3800
拘押	0.4965	0.5715
顾虑	0.3850	0.7200
忧虑	0.4060	0.5920
学徒	0.7135	0.4475
途径	0.6120	0.3920
接近	0.7085	0.5325
赞许	0.8515	0.5145
适当	0.8125	0.3330
拨款	0.5100	0.6320
赞同	0.7135	0.5300
批准	0.7777	0.4840
满意的	0.9220	0.5860
近似	0.5665	0.4810
约	0.6220	0.3960
逼近	0.5830	0.6150
附属物	0.5730	0.4120
杏	0.7080	0.3200
围裙	0.5820	0.2080
易于	0.4985	0.4260
能力倾向	0.7500	0.4710
蓝晶	0.7290	0.3060
水族馆	0.6630	0.3270
水	0.6393	0.3010
水道	0.5510	0.4110
可耕的	0.5100	0.3500
仲裁者	0.5610	0.5370
随意	0.2810	0.7020
仲裁	0.5285	0.6110
仲裁人	0.3850	0.4480
乔木	0.5830	0.4900
弧	0.5520	0.3880
拱廊	0.6760	0.5210
神秘	0.5044	0.5696
拱	0.5000	0.3290
考古学的	0.7400	0.4410
考古学家	0.5520	0.4510
考古学	0.5960	0.3580
古老	0.2710	0.3270
大主教	0.6220	0.2800
教区	0.5320	0.3115
大公	0.5095	0.4315
拱形的	0.4995	0.4315
射手	0.4323	0.7563
射箭	0.5940	0.6040
原型	0.5605	0.4250
群岛	0.7450	0.3700
建筑师	0.7760	0.4420
建筑的	0.7290	0.3900
建筑	0.8200	0.3900
档案	0.4380	0.2940
北极	0.6150	0.3520
热心	0.4640	0.7743
热情	0.7226	0.7214
艰巨	0.4690	0.7155
区	0.4863	0.3273
竞技场	0.5100	0.2350
乳晕	0.4170	0.3960
哎呀	0.2655	0.6465
争论	0.2010	0.8190
论据	0.5100	0.4640
论证	0.6070	0.5100
争论的	0.3605	0.6945
参数	0.5410	0.6020
干旱	0.2280	0.3430
贵族	0.6975	0.3987
贵族的	0.4490	0.5190
算术	0.4530	0.4600
方舟	0.3960	0.4270
臂	0.5520	0.2850
舰队	0.4775	0.5850
武器	0.2338	0.7097
军备	0.1920	0.8390
衔铁	0.5100	0.5580
扶手椅	0.6460	0.1640
武装	0.1880	0.7500
盔甲	0.4690	0.6250
装甲	0.4690	0.5090
军械库	0.4480	0.6630
腋窝	0.2830	0.4390
军队	0.4510	0.7210
香气	0.8230	0.2350
芳香疗法	0.8470	0.2200
觉醒	0.7910	0.9430
引起	0.7240	0.7215
提审	0.4060	0.8370
安排	0.6877	0.4677
排列	0.4530	0.4920
欠款	0.2860	0.4850
逮捕	0.1460	0.9510
心律失常	0.2650	0.7060
到达	0.7575	0.4580
傲慢	0.2006	0.6798
箭头	0.4390	0.3900
混蛋	0.1558	0.6364
兵工厂	0.3650	0.7410
砷	0.2810	0.4720
纵火	0.1330	0.9040
纵火犯	0.3480	0.8400
艺术	0.8120	0.3600
动脉	0.3960	0.5450
巧	0.7710	0.6080
关节炎	0.1100	0.5180
节肢动物	0.3440	0.4640
朝鲜蓟	0.5830	0.2180
文章	0.5765	0.3455
用品	0.5520	0.3240
说出	0.6040	0.4420
关节	0.3750	0.4705
神器	0.5100	0.5000
技巧	0.3160	0.6960
人造	0.2985	0.4375
炮兵	0.3500	0.9120
工匠	0.7290	0.3315
艺术家	0.7990	0.5545
艺术的	0.8020	0.6460
艺术性	0.8230	0.3460
艺术品	0.8960	0.3680
附庸风雅	0.4900	0.4220
尽快	0.5710	0.5000
石棉	0.3570	0.4810
登	0.8300	0.6200
优势	0.6260	0.6737
上升的	0.6560	0.6730
上升	0.7532	0.6460
探明	0.5600	0.5300
确定	0.6140	0.4693
苦行者	0.4380	0.3750
灰	0.2600	0.2100
羞愧	0.1213	0.6287
灰烬	0.3270	0.2790
烟灰缸	0.4060	0.3820
愚蠢	0.3493	0.4310
问	0.5310	0.4400
睡着	0.6040	0.1000
芦笋	0.4690	0.3170
阿斯巴甜	0.4690	0.4800
方面	0.4590	0.4745
白杨	0.4790	0.2800
沥青	0.4583	0.3100
窒息	0.1472	0.7614
心愿	0.7040	0.7240
立志	0.8120	0.4690
阿司匹林	0.4790	0.2710
有志	0.8440	0.5820
屁股	0.3170	0.6420
攻击	0.3320	0.7290
攻击者	0.1845	0.9150
刺客	0.0730	0.9330
暗杀	0.0670	0.9550
突击	0.1670	0.8480
化验	0.6330	0.5590
装配	0.4290	0.4520
集合	0.5853	0.5300
组装	0.6630	0.4500
部件	0.6980	0.5000
众议员	0.4340	0.5045
断言的	0.7190	0.4120
评估	0.6805	0.5700
评定	0.7500	0.6230
估税员	0.5510	0.5380
财富	0.8270	0.7010
资产	0.6670	0.6130
同化	0.4290	0.3780
助攻	0.8330	0.4350
助理	0.6250	0.3900
关联	0.7487	0.4963
协会	0.7450	0.5000
什	0.6020	0.4600
品种	0.6327	0.4243
承担	0.7470	0.5515
假定	0.5198	0.4406
假设	0.5540	0.4338
保证	0.7573	0.4041
无疑	0.7860	0.3960
星号	0.5410	0.2880
小行星	0.3955	0.7075
哮喘	0.2135	0.6275
散光	0.2140	0.4900
震惊	0.7860	0.8450
惊讶	0.5100	0.7750
星体	0.6040	0.4170
走错	0.0980	0.6760
涩	0.3160	0.5000
占星家	0.5940	0.5190
占星术	0.6350	0.3400
宇航员	0.7920	0.6010
天文学家	0.7500	0.5090
天文	0.6000	0.6320
天文学	0.6130	0.4740
精明	0.6820	0.6170
四分五裂	0.2080	0.4420
避难所	0.6367	0.2647
非对称	0.5800	0.3430
不对称	0.4760	0.3730
渐近	0.4790	0.4510
画室	0.4900	0.3300
无神论	0.3245	0.4705
无神论者	0.2250	0.4470
动脉粥样硬化	0.2500	0.4800
运动员	0.6687	0.7143
竞技	0.8440	0.7445
运动能力	0.7500	0.8630
舆图	0.5310	0.3060
大气层	0.6040	0.3000
大气的	0.5310	0.4200
环礁	0.4800	0.4080
原子	0.4185	0.6585
赎罪	0.4840	0.6375
内心安宁	0.7240	0.2980
中庭	0.4690	0.3650
穷凶极恶	0.0730	0.8110
暴行	0.0875	0.7665
痿	0.1770	0.5400
连接	0.6245	0.4615
附	0.5620	0.3500
进攻	0.2055	0.8595
达到	0.7625	0.5675
可实现	0.7600	0.5000
素养	0.8300	0.5200
尝试	0.6077	0.5407
出席	0.6500	0.4200
勤	0.8120	0.5000
服务员	0.5195	0.3325
注意	0.6690	0.4084
细心	0.8120	0.5200
衰减	0.3130	0.3917
减毒	0.4490	0.2800
表明	0.5165	0.5300
认证	0.6430	0.5070
阁楼	0.5155	0.3185
服装	0.6428	0.3935
态度	0.7600	0.6440
律师	0.5475	0.5530
吸引	0.8250	0.6730
引力	0.7107	0.6253
有吸引力	0.9060	0.6300
吸引力	0.9380	0.6670
归属	0.7040	0.4300
属性	0.7605	0.3300
归因	0.6460	0.4670
摩擦	0.3100	0.5777
奥本	0.5100	0.2400
拍卖	0.5943	0.6787
胆大	0.6150	0.5730
大胆	0.7197	0.8040
听得见	0.6730	0.3700
听众	0.6980	0.6100
音频	0.7090	0.4250
审计	0.3750	0.5620
面试	0.7500	0.6850
试镜	0.7400	0.7650
核数师	0.5820	0.5710
礼堂	0.5290	0.4900
听觉	0.5310	0.4810
任何事物	0.4180	0.1350
增加	0.7147	0.6667
增强	0.7955	0.5515
八月	0.6520	0.2920
姑妈	0.6670	0.2910
阿姨	0.6430	0.2750
光环	0.6250	0.3515
极光	0.8170	0.3060
主持	0.5907	0.5057
吉祥	0.5620	0.6350
简朴的	0.5000	0.3900
简朴	0.4380	0.4060
真实	0.7707	0.4957
真伪	0.6700	0.5480
作者	0.7210	0.4890
权威性	0.6360	0.5200
权威	0.5920	0.5920
授权	0.6623	0.6473
合法	0.7588	0.4088
自闭症	0.3010	0.4185
汽车	0.6890	0.5635
自传	0.8220	0.3730
自动更正	0.5510	0.4390
专制	0.3415	0.7005
签名	0.6525	0.4935
亲笔签名	0.7810	0.6200
自动化	0.5780	0.4020
自动	0.5620	0.4330
自治	0.7810	0.3490
自动驾驶仪	0.5940	0.4620
尸检	0.2520	0.6500
秋季	0.4710	0.4305
辅	0.6220	0.4710
果	0.8000	0.4300
可用性	0.7960	0.5440
可得到	0.8440	0.3560
雪崩	0.2650	0.9150
贪婪	0.1615	0.6930
头像	0.6330	0.4100
报仇	0.0730	0.8670
复仇者	0.3040	0.7765
复仇的	0.1430	0.8800
大街	0.6770	0.3600
平均	0.6840	0.2800
嫌弃	0.5820	0.4420
规避	0.3667	0.5940
鸟舍	0.5000	0.3600
航空	0.7080	0.6460
飞行员	0.6515	0.6900
狂热	0.3763	0.6707
鳄梨	0.6805	0.2860
躲避	0.4540	0.5010
等待	0.3360	0.2155
苏醒	0.6670	0.4690
憬	0.7290	0.4120
唤醒	0.6553	0.4867
奖	0.8750	0.7540
奖项	0.9580	0.7360
知道的	0.6560	0.3400
意识	0.7547	0.4127
慑于	0.3640	0.7740
真棒	0.9800	0.8970
迷死	0.9170	0.6470
肃然起敬	0.6150	0.7670
可怕	0.1008	0.7372
尴尬	0.2353	0.6730
重仓股	0.1670	0.4540
棚	0.4635	0.2940
歪	0.1840	0.5510
斧头	0.3145	0.6490
轴向	0.4580	0.2780
公理	0.4390	0.4410
不言自明的	0.4580	0.3920
轴	0.4057	0.2730
赞成	0.5620	0.4200
方位	0.3850	0.4610
天蓝	0.6200	0.2560
潺潺	0.5520	0.4410
胡说	0.3484	0.4900
孩儿	0.8600	0.5360
狒狒	0.3570	0.4100
宝宝	0.8370	0.3650
照看	0.7190	0.5870
保姆	0.6355	0.4113
学士学位	0.7290	0.5100
百家乐	0.5830	0.4970
单身汉	0.6670	0.4060
未婚	0.5865	0.6300
背部	0.4380	0.3530
篮板	0.4800	0.2590
骨干	0.5380	0.4640
后门	0.3440	0.4100
背景	0.3595	0.3330
靠山	0.6460	0.3750
逆火	0.2650	0.6120
十五子棋	0.5800	0.4100
反手	0.4270	0.4490
反铲	0.3980	0.5540
退避	0.1040	0.3960
背包	0.6400	0.2975
背包客	0.5100	0.7300
幕后	0.3510	0.4150
后座	0.3880	0.3300
背面	0.1820	0.4170
原路返回	0.3120	0.5250
落后	0.3422	0.3910
向后	0.3020	0.3720
回水	0.3120	0.4100
边远地区	0.5410	0.3500
后院	0.5520	0.2800
培根	0.6980	0.4060
菌	0.2825	0.4450
细菌	0.1750	0.5225
坏	0.1250	0.6250
坏蛋	0.2120	0.7405
徽章	0.6160	0.3850
獾	0.3440	0.4290
惨	0.0675	0.4850
恶	0.1645	0.8645
障	0.3440	0.4420
困惑	0.2485	0.6296
袋	0.4690	0.2400
面包圈	0.5310	0.3630
行李	0.5855	0.2945
旅行箱	0.3670	0.4270
松松垮垮	0.5210	0.2780
推销员	0.5745	0.5295
风笛	0.5410	0.5560
保释	0.3730	0.5200
法警	0.3470	0.5190
饵	0.3575	0.4460
烤	0.6430	0.4766
面包店	0.8020	0.5000
饼	0.5490	0.4550
平衡	0.6903	0.2548
均衡	0.7183	0.3320
阳台	0.6400	0.3347
秃	0.3060	0.1840
秃头	0.3020	0.3630
秃子	0.3980	0.3850
包	0.5590	0.3822
梁木	0.2290	0.4510
球	0.7400	0.4270
民谣	0.7920	0.2840
压载	0.3540	0.4230
芭蕾舞演员	0.8020	0.6600
芭蕾舞	0.6560	0.4800
球赛	0.7810	0.7900
弹道的	0.2600	0.8060
弹道学	0.2710	0.7870
气球	0.7290	0.2450
选票	0.5210	0.3610
球场	0.7240	0.6940
球坛	0.7190	0.7640
圆珠笔	0.5960	0.3370
舞厅	0.8470	0.6350
胆量	0.5203	0.5907
香脂	0.6440	0.2625
芳香	0.6840	0.3270
香醋	0.5820	0.2830
哄骗	0.3230	0.5470
竹	0.6460	0.2220
香蕉	0.6120	0.2300
带	0.5945	0.4370
绷带	0.2200	0.3270
土匪	0.0940	0.7960
音乐台	0.7350	0.5360
花车	0.6250	0.6510
带宽	0.7140	0.3370
诛戮	0.1990	0.8070
砰	0.2650	0.9510
香肠	0.4767	0.4863
放逐	0.1063	0.7253
流放	0.1600	0.7750
栏杆	0.4730	0.3547
班卓琴	0.4690	0.4000
银行	0.5620	0.3270
银行家	0.5860	0.5880
银行业	0.5100	0.3270
资金	0.6103	0.4600
破产者	0.1630	0.6730
破产	0.1665	0.5635
旗帜	0.5210	0.4080
宴会	0.7650	0.5710
女妖	0.4080	0.5650
嘲笑	0.2855	0.7087
洗礼	0.7383	0.3697
洗	0.6387	0.3723
酒吧	0.5000	0.5310
倒钩	0.4480	0.3650
野蛮人	0.2635	0.9135
野蛮	0.1948	0.8065
烧烤	0.7920	0.6430
带刺	0.1770	0.5940
理发师	0.6255	0.4840
理发店	0.5970	0.4410
芭比娃娃	0.7290	0.3700
诗人	0.6485	0.3800
裸	0.3787	0.7873
无鞍	0.5000	0.3560
赤脚	0.4450	0.3730
仅仅	0.4480	0.1830
讨价还价	0.5665	0.5670
议价	0.6220	0.6400
驳船	0.4690	0.3880
男中音	0.5920	0.5290
钡	0.4060	0.3530
吠	0.3600	0.6020
酒吧老板	0.4800	0.5000
树皮	0.4270	0.6940
大麦	0.6140	0.2120
招待员	0.5210	0.4560
酒保	0.5835	0.6540
谷仓	0.4945	0.4560
藤壶	0.4080	0.3370
巴尼	0.4510	0.3780
稗	0.5100	0.3530
晴雨表	0.3880	0.2730
男爵	0.5200	0.3580
男爵夫人	0.6250	0.4530
巴洛克	0.4900	0.3570
营房	0.3780	0.5000
梭鱼	0.3330	0.7130
弹幕	0.3880	0.8710
禁止	0.1792	0.7137
桶	0.4570	0.2532
荒芜	0.1730	0.3730
壅	0.3230	0.6670
屏障	0.3330	0.4800
酒吧间	0.6860	0.6190
独轮车	0.4790	0.3645
物物交换	0.4650	0.5590
基础	0.6270	0.3295
棒球	0.6600	0.7600
棒球棒	0.6670	0.5670
护壁板	0.3960	0.1980
毫无根据	0.2920	0.3820
底线	0.4830	0.3670
三垒手	0.6040	0.4490
地下室	0.3880	0.5000
基地	0.5690	0.2360
庆典	0.6620	0.6850
怕羞	0.3735	0.3680
基本	0.6655	0.2065
罗勒	0.5340	0.2740
教堂	0.5925	0.2710
盆地	0.5520	0.2310
晒	0.7600	0.3300
篮	0.4580	0.2270
篮球	0.8140	0.7640
低音	0.4270	0.2060
低音吉他	0.7380	0.3700
巴松管	0.5000	0.4330
堡垒	0.6208	0.5040
蝙蝠	0.3240	0.4090
批量	0.5455	0.2860
配料	0.4840	0.4200
浴	0.7250	0.2600
洗澡	0.7085	0.2850
澡堂	0.6020	0.3800
浴衣	0.5310	0.4420
浴室	0.5610	0.2830
浴缸	0.6250	0.2400
水深	0.4320	0.4800
指挥棒	0.2720	0.2350
营	0.4775	0.7175
面糊	0.5610	0.2450
受虐	0.0800	0.7900
殴打	0.1465	0.8220
电池	0.4800	0.4250
战斗	0.3725	0.8822
作战	0.2920	0.7940
战场	0.1445	0.9380
城垛	0.2760	0.4410
主力舰	0.4790	0.7500
疯狂	0.1945	0.8283
玩具	0.7880	0.4245
淫秽	0.1840	0.8230
呶	0.3850	0.8800
湾	0.7190	0.3650
刺刀	0.2630	0.7750
河口	0.4690	0.3545
市场	0.6197	0.4073
火箭筒	0.3020	0.8240
是	0.6700	0.2400
海滩	0.8750	0.5145
烽火	0.5800	0.4070
珠子	0.5920	0.3880
钉珠	0.5420	0.3200
珠	0.6730	0.3880
明眸	0.4480	0.4170
小猎犬	0.6490	0.4700
喙	0.3750	0.3630
烧杯	0.4200	0.4100
光束	0.5840	0.3490
聚束	0.8920	0.6540
豆	0.6670	0.2690
懒人沙发	0.4500	0.3800
豆豆	0.5000	0.2300
熊	0.4480	0.5700
可忍受的	0.5420	0.3750
胡子	0.4800	0.2485
大胡子	0.4390	0.3370
来人	0.5710	0.5470
轴承	0.4945	0.4285
看空	0.5210	0.5490
熊皮	0.3330	0.3980
兽	0.2067	0.8050
击败	0.2790	0.6470
打浆机	0.4380	0.5450
跳动	0.1530	0.8330
比特尼克	0.4290	0.5100
花花公子	0.6850	0.5540
美化	0.8687	0.5153
美丽	0.8750	0.6140
美女	0.8420	0.6000
海狸	0.4900	0.3440
波普	0.4820	0.4900
招手	0.6215	0.4150
成为	0.6410	0.5830
床	0.6040	0.1730
寝具	0.7040	0.2760
便盆	0.5100	0.4000
基岩	0.5610	0.3400
卧室	0.7440	0.2960
床头	0.6040	0.1670
床罩	0.5510	0.1390
就寝时间	0.6730	0.3140
蜜蜂	0.5410	0.5720
牛肉	0.5820	0.3120
牛排	0.5725	0.4155
蜂窝	0.5410	0.5585
嘟	0.5475	0.5110
呼叫器	0.4740	0.6230
啤酒	0.5920	0.6540
蜂蜡	0.5830	0.4020
甲虫	0.3230	0.3560
降临	0.5200	0.6630
合适	0.7080	0.3330
帮扶	0.9300	0.6240
喝醉了的	0.1560	0.7140
求	0.2920	0.6080
乞丐	0.2400	0.4020
乞讨	0.2920	0.4610
开始	0.7230	0.5299
初学者	0.4595	0.4130
羡慕	0.1757	0.7297
表现	0.6534	0.6002
行为	0.5990	0.4665
行为的	0.6120	0.4400
河马	0.5380	0.5523
遗志	0.6020	0.3500
不料	0.4820	0.5215
感激的	0.2170	0.6265
旁观者	0.5923	0.4357
米色	0.4900	0.2220
迟来的	0.2400	0.4000
扎绳	0.5000	0.4720
嗝	0.2325	0.5555
信仰	0.8645	0.2975
可信的	0.8915	0.4155
相信	0.7578	0.4794
信徒	0.6855	0.4665
贬低	0.1657	0.5273
轻视	0.1847	0.5000
钟	0.5917	0.4433
服务生	0.5420	0.3630
侍者	0.5000	0.2870
交战的	0.3440	0.6800
贝尔曼	0.5400	0.2500
怒吼	0.3375	0.5765
风箱	0.4580	0.5150
肚皮	0.5100	0.3880
肚脐	0.5310	0.2830
满腹	0.3470	0.8060
属于	0.6430	0.4050
财物	0.5920	0.3800
心爱	0.9690	0.6130
白鲸	0.5100	0.3330
困惑的	0.2810	0.4900
长凳	0.5710	0.2890
弯曲	0.4223	0.5263
弯管机	0.4900	0.5100
下面	0.3540	0.1730
感谢的	0.6770	0.4380
恩人	0.8330	0.5780
受益人	0.7760	0.3990
效益	0.9060	0.4220
仁	0.7860	0.3400
仁慈	0.8200	0.3765
良性	0.6940	0.4400
苯	0.4390	0.4590
遗赠	0.7020	0.4490
失去亲人	0.1040	0.4790
丧亲之痛	0.2650	0.6770
丧失	0.1560	0.5625
贝雷帽	0.5420	0.2400
佛手柑	0.5100	0.3650
柏林	0.5920	0.4230
发狂的	0.3287	0.6678
泊位	0.2950	0.3370
铍	0.4170	0.4120
恳求	0.4158	0.5355
困扰	0.2692	0.7695
最好的一天	0.7600	0.6460
最好的朋友	0.9340	0.6620
死党	0.8880	0.5090
赐给	0.6560	0.5600
畅销书	0.7710	0.6430
赌注	0.4233	0.7073
公测	0.7100	0.3700
背叛	0.0887	0.7353
辜负	0.1165	0.6760
许配	0.8330	0.6300
博彩	0.2370	0.8040
贝蒂	0.5420	0.3580
斜角	0.7570	0.4060
饮料	0.6820	0.5730
一群	0.3655	0.5975
谨防	0.1510	0.5960
不知所措	0.2300	0.6300
偏压	0.4000	0.3700
偏	0.2530	0.4635
围兜	0.3850	0.3960
圣经	0.6625	0.2622
参考书目	0.6220	0.2040
碳酸氢钠	0.4790	0.3370
二百年	0.5410	0.4230
肱二头肌	0.5920	0.5880
斗嘴	0.3370	0.5290
双色	0.5800	0.3270
自行车	0.7080	0.5095
出价	0.7600	0.5300
投标人	0.4650	0.4740
投标	0.6080	0.5820
两年一次	0.5310	0.3090
分枝	0.4525	0.5235
大	0.7983	0.6180
重婚	0.3270	0.6960
重要的日子	0.7960	0.6890
大不了	0.5310	0.4810
大号角	0.4800	0.5470
大嘴巴	0.3770	0.5960
独断论者	0.4790	0.7450
拘泥	0.1530	0.7600
偏执	0.2080	0.8320
骑自行车的人	0.6040	0.7100
比基尼泳装	0.7300	0.6390
双边	0.6330	0.3430
双层	0.4380	0.3980
胆汁	0.1570	0.4610
舱底	0.3160	0.3920
双语	0.7350	0.4900
广告牌	0.5940	0.3170
钢坯	0.4790	0.5830
台球	0.6810	0.5875
计费	0.4060	0.4810
十亿	0.7190	0.5640
亿万富翁	0.8060	0.6670
比利	0.4900	0.3970
宾博	0.3960	0.3700
半月刊	0.5000	0.3175
箱子	0.4220	0.3040
二进制	0.4900	0.3560
捆绑	0.4180	0.4435
粘合剂	0.4380	0.2500
构	0.5480	0.3880
兵	0.5730	0.4530
狂欢	0.5477	0.7619
答对了	0.7350	0.6670
双眼	0.5310	0.3440
望远镜	0.5105	0.3245
二项式	0.6000	0.4060
生物	0.5820	0.4547
生化	0.3670	0.4810
生物化学家	0.4710	0.4490
生物化学	0.5520	0.5310
生源	0.5940	0.4420
传记	0.7290	0.3345
传	0.6980	0.2290
生物学家	0.6250	0.4530
生物学	0.4790	0.2740
仿生	0.5710	0.5700
活检	0.3230	0.6570
生物圈	0.6840	0.3510
二部	0.3650	0.4800
双极	0.2080	0.6850
桦木	0.5620	0.3460
鸟	0.7290	0.3570
鸟笼	0.4800	0.3980
小鸟	0.5940	0.3940
鸟人	0.4900	0.5670
分娩	0.7653	0.7977
生日	0.9690	0.8440
胎记	0.6300	0.4610
出生地	0.7810	0.2900
长子继承权	0.6840	0.4170
饼干	0.7717	0.3513
双性恋	0.4380	0.7650
主教	0.5350	0.2917
野牛	0.5730	0.4330
浓汤	0.6930	0.4430
小酒馆	0.5940	0.4720
位	0.4270	0.3100
婊子	0.2760	0.7400
淫荡	0.5160	0.7700
咬	0.2190	0.7960
bitsy的	0.5100	0.3880
苦	0.1560	0.7010
痛	0.1940	0.6850
苦味	0.1150	0.6330
苦乐参半	0.4690	0.5690
小小的	0.4690	0.2710
双周	0.5810	0.3370
奇异的	0.3790	0.6200
废话	0.2595	0.5282
长舌	0.3910	0.5940
黑色	0.3505	0.3665
黑蛇	0.1040	0.8600
黑莓	0.6670	0.4130
黑鸟	0.5200	0.3400
黑板	0.4690	0.2550
黩	0.2080	0.5000
黑面	0.3020	0.4900
二十一点	0.4190	0.6790
黑名单	0.1330	0.7500
勒索	0.1440	0.7737
敲诈者	0.0920	0.7800
黑	0.2600	0.4800
灯火管制	0.1260	0.5300
铁匠	0.4800	0.5310
膀胱	0.4060	0.4120
刀	0.3610	0.6595
怪	0.1150	0.6400
无可指责	0.7215	0.3730
平淡	0.2290	0.2280
空白	0.5310	0.2290
毯	0.7400	0.1320
呜呜	0.4390	0.5610
亵渎神明	0.2100	0.7550
亵渎的话	0.1460	0.7940
爆破	0.1670	0.9290
冲击波	0.4590	0.5380
发射	0.5597	0.7080
火焰	0.5730	0.5205
西装外套	0.6350	0.3850
炽烈	0.5940	0.8960
漂白	0.3360	0.2820
苍凉	0.1385	0.4540
流血	0.0445	0.8925
泄放	0.2600	0.8520
流血的	0.1350	0.8170
哔	0.4790	0.6670
缺陷	0.1970	0.5514
瑕疵	0.1730	0.4690
混合	0.4993	0.4313
搅拌机	0.6020	0.5340
混纺	0.5600	0.4180
保佑	0.9290	0.2690
幸福	0.9363	0.6025
祝福	0.9290	0.3125
布鲁	0.4600	0.3540
枯萎病	0.2710	0.7710
秕	0.1460	0.6150
盲	0.1560	0.3600
失明	0.2450	0.4755
盲目的	0.4480	0.6840
蒙住眼睛	0.2080	0.5640
致盲	0.3040	0.5960
盲目地	0.4390	0.5980
眨	0.5520	0.3160
昙花一现	0.5290	0.4610
福	0.8160	0.5000
起泡	0.3755	0.5535
闪电战	0.4170	0.7220
暴风雪	0.2895	0.7795
膨胀	0.2670	0.6315
胀	0.2635	0.6360
块	0.4032	0.3264
封锁	0.3800	0.5190
阻止	0.2970	0.5725
重磅炸弹	0.5285	0.7720
傻瓜	0.2960	0.2962
博客	0.6390	0.3900
小子	0.3810	0.4595
金发	0.6440	0.5175
血液	0.3855	0.6070
血洗	0.0600	0.9710
警犬	0.3270	0.4620
不流血	0.2920	0.3900
世系	0.5100	0.6570
血丝	0.1880	0.8100
嗜血	0.0520	0.8040
血腥	0.0855	0.8925
盛开	0.8160	0.4530
灯笼裤	0.5210	0.5870
怒放	0.8600	0.4520
开花	0.8490	0.4510
斑点	0.4107	0.2707
大斑点	0.1330	0.5620
记事簿	0.3600	0.2980
衬衫	0.6390	0.1880
打击	0.3160	0.7500
送风机	0.5640	0.5500
河豚	0.3440	0.4200
吹	0.4270	0.5100
口交	0.2715	0.7740
吹熄	0.3980	0.7920
喷灯	0.5200	0.7300
大声哭	0.3880	0.2600
蓝色	0.6460	0.1370
蓝色云杉	0.5590	0.3350
蓝莓	0.6560	0.1850
知更鸟	0.5460	0.3500
兰草	0.5730	0.4410
蓝松鸦	0.6350	0.5200
蓝图	0.4900	0.1730
蓝调	0.4690	0.2200
虚张声势	0.4485	0.3980
偏蓝	0.6040	0.2450
错误	0.1112	0.5920
钝	0.4160	0.5700
模糊	0.2408	0.4150
脱口而出	0.4080	0.4390
脸红	0.6040	0.6995
公猪	0.4060	0.5000
板	0.4715	0.2675
棋盘游戏	0.7110	0.4900
登机	0.5310	0.4020
会议室	0.5550	0.5660
木栈道	0.6430	0.4810
夸	0.5200	0.5860
自夸	0.4900	0.8060
拥有	0.4017	0.6990
船	0.5810	0.4600
船屋	0.5980	0.3845
划船	0.5480	0.5280
勿庸置疑	0.3650	0.4150
船工	0.5920	0.5730
线轴	0.4290	0.4720
山猫	0.5620	0.4900
雪橇	0.6700	0.5528
预兆	0.4080	0.4840
酒窖	0.5730	0.3070
紧身胸衣	0.4400	0.4955
身体	0.6440	0.4710
保镖	0.5000	0.6815
沼泽	0.3108	0.3944
忌	0.3800	0.5190
可怕之处	0.3880	0.7080
虚假	0.2190	0.3530
波西米亚风格	0.6220	0.5000
熬	0.4170	0.6840
锅炉	0.5610	0.5900
样板	0.3980	0.5190
沸腾	0.3070	0.7555
哄然	0.3850	0.8060
魄力	0.8060	0.6840
加强	0.7107	0.6380
螺栓	0.3540	0.3630
丸	0.4823	0.4293
炸弹	0.1670	0.9120
轰击	0.1510	0.9600
投弹手	0.2400	0.8630
轰炸	0.1090	0.9070
轰炸机	0.1490	0.8785
富矿带	0.8750	0.4100
键	0.6410	0.3970
束缚	0.2210	0.5800
结合	0.6263	0.4180
债券	0.5785	0.4860
担保人	0.4690	0.4970
骨	0.3370	0.3700
梼	0.3370	0.5210
波纳	0.3440	0.6120
骨头	0.2810	0.3430
篝火	0.4800	0.7190
奉	0.3330	0.5660
疯狂的	0.2498	0.7458
帽子	0.5155	0.3387
邦尼	0.5610	0.4040
盆栽	0.5915	0.2855
奖金	0.9030	0.7245
骨的	0.4450	0.4620
嘘	0.3120	0.4535
布布	0.6940	0.6000
痴子	0.3960	0.4230
鼻屎	0.3990	0.5370
恶巫	0.2920	0.5590
布吉	0.5900	0.5430
书	0.8020	0.2100
书柜	0.5530	0.2210
赌本	0.3440	0.6330
预订	0.7080	0.5030
书卷气	0.6040	0.2360
簿记	0.5200	0.2140
小册子	0.5200	0.2600
赌博业者	0.5830	0.8040
书签	0.5430	0.4410
图书	0.7290	0.1150
书商	0.5830	0.3170
书店	0.7295	0.2355
书呆子	0.4223	0.3577
繁荣	0.8385	0.6070
婴儿潮一代	0.4800	0.5390
自食其果	0.5310	0.6250
福利	0.8400	0.3360
靴	0.4380	0.6500
亭	0.5380	0.3953
盗版	0.3570	0.5190
私酒	0.3540	0.6490
靴子	0.6020	0.2550
赃物	0.6595	0.6315
豪饮	0.2650	0.7450
国际收支平衡表	0.4290	0.4900
边境	0.4220	0.4660
接壤	0.6430	0.3820
边缘	0.4345	0.4646
孔	0.4910	0.3348
寒带	0.5820	0.3480
无聊	0.2300	0.2460
螟	0.3020	0.5490
天生	0.8650	0.5090
硼	0.4410	0.3700
镇	0.4900	0.3210
借	0.4590	0.5170
借款人	0.4390	0.4230
怀	0.6120	0.5880
老板	0.3100	0.6270
跋扈	0.2400	0.8240
波士顿	0.6430	0.3800
植物	0.6600	0.2590
植物学家	0.6510	0.2400
植物学	0.6040	0.2010
烦	0.2080	0.7800
瓶子	0.4690	0.2360
瓶颈	0.2840	0.4710
装瓶	0.3650	0.3330
底部	0.4170	0.3700
万丈	0.3100	0.4700
肉毒中毒	0.2920	0.5750
漂砾	0.4610	0.3090
弹跳	0.3750	0.6330
有弹性	0.5620	0.5650
界	0.4170	0.6670
边界	0.5610	0.4270
漫漫	0.6840	0.6420
界限	0.3870	0.4060
赏金	0.7600	0.7550
花束	0.7240	0.3520
波旁酒	0.6020	0.4900
资产阶级	0.3980	0.5050
股票交易所	0.5300	0.2300
回合	0.3800	0.6210
精品	0.7450	0.4900
牛	0.4383	0.2937
弓	0.5300	0.3060
鞠躬	0.4100	0.4180
肠	0.3245	0.4863
肠子	0.1940	0.4480
碗	0.5880	0.3285
投球手	0.5520	0.6330
保龄球	0.6560	0.4310
框	0.5000	0.1790
棚车	0.4200	0.4690
拳击手	0.4325	0.8450
拳击	0.4270	0.8540
男孩	0.6460	0.3920
抵制	0.2600	0.7330
男朋友	0.7810	0.6040
少年时代	0.7290	0.7450
孩子气	0.6980	0.5620
波森	0.6460	0.4090
笨蛋	0.2930	0.5347
胸罩	0.6720	0.5290
支撑	0.5773	0.3897
手镯	0.7760	0.3400
背带	0.4400	0.3770
肱	0.3880	0.3630
托架	0.4900	0.3500
括号	0.5315	0.3040
有盐味的	0.4690	0.3680
布拉德	0.4900	0.3850
吹牛	0.3470	0.5450
编织	0.5155	0.2435
脑	0.6670	0.4410
嚚	0.1380	0.3100
大脑	0.6630	0.5570
头脑风暴	0.7940	0.7840
洗脑	0.1980	0.6470
聪明	0.8470	0.4972
制动	0.3120	0.4810
麸	0.6880	0.4330
科	0.5380	0.2060
牌	0.5650	0.3005
白兰地	0.6000	0.5900
性急的	0.3600	0.8140
黄铜	0.5000	0.3200
黄铜转向节	0.4060	0.4490
乳罩	0.5100	0.4690
勇敢	0.7967	0.6367
胆	0.8980	0.7450
膂力	0.4380	0.4020
厚颜无耻	0.2970	0.6220
突破口	0.1770	0.7450
面包	0.7075	0.2820
宽度	0.6250	0.3850
打破	0.4275	0.4275
易碎的	0.1940	0.6670
摆脱	0.3365	0.6050
分解	0.1913	0.5152
断路器	0.4620	0.5583
早餐	0.8850	0.3300
破门而入	0.4180	0.7290
爆炸新闻	0.5000	0.5520
突破	0.6800	0.5250
分手	0.2500	0.7200
乳房	0.7530	0.4290
呼吸	0.6943	0.3980
喘息	0.6120	0.4220
咋舌	0.3230	0.4900
惊险	0.9330	0.8095
臀部	0.4568	0.5508
马裤	0.3650	0.4570
饲养员	0.6450	0.4810
配种	0.6670	0.4810
微风	0.8370	0.2840
活泼的	0.5310	0.4720
弟兄	0.9170	0.3800
简短	0.4590	0.4340
酿造	0.7400	0.5655
酿酒厂	0.7100	0.6220
荆棘	0.4930	0.3750
贿赂	0.1120	0.6900
受贿	0.1350	0.7750
砖	0.2170	0.4180
新娘	0.8315	0.6815
新郎	0.8090	0.7360
伴娘	0.7480	0.5190
桥	0.6250	0.3240
辔	0.4535	0.4075
简要	0.4690	0.3000
公文包	0.5420	0.2060
简报	0.6120	0.3330
简要地	0.6860	0.3140
禁闭室	0.5730	0.5390
旅	0.7395	0.6765
亮	0.8900	0.5270
变亮	0.7600	0.5470
提亮	0.7710	0.6110
光明	0.9180	0.6980
亮度	0.8660	0.4915
辉	0.9585	0.6425
辉煌	0.9490	0.6240
边	0.4690	0.3330
充满	0.6920	0.5297
硫磺	0.3570	0.5200
盐水	0.3633	0.3837
带来	0.6350	0.4600
轻快	0.7190	0.7450
胸部	0.5360	0.4035
鬃	0.3750	0.3750
脆	0.5260	0.5910
拉刀	0.4380	0.4390
广阔	0.6880	0.5147
广播	0.5785	0.6435
扩大	0.6980	0.5262
宽边	0.4590	0.3160
大刀	0.4690	0.5730
锦缎	0.5000	0.3270
西兰花	0.4690	0.2000
小册	0.5520	0.2260
破碎	0.1405	0.6275
心碎了	0.1300	0.5980
经纪人	0.5820	0.4620
佣金	0.5780	0.4900
溴	0.3470	0.4250
野马	0.5675	0.5760
青铜	0.6220	0.3330
胸针	0.5310	0.2600
窝	0.4440	0.5350
忧郁	0.2757	0.4387
溪	0.5730	0.3695
扫帚	0.3975	0.2095
肉汤	0.5000	0.2450
妓院	0.2275	0.9080
哥哥	0.8230	0.3610
手足情谊	0.9900	0.4710
兄弟的	0.8650	0.3060
眉头	0.5620	0.3110
棕色	0.3960	0.2020
赤褐色砂石	0.5590	0.4230
浏览	0.6350	0.7500
挫伤	0.1903	0.5423
瘀血	0.0840	0.5200
早午餐	0.4060	0.3630
黑发	0.8020	0.5280
首当其冲	0.2040	0.7500
刷	0.4900	0.2650
残酷	0.1200	0.8193
畜生	0.1150	0.5470
泡沫	0.6354	0.2844
冒泡	0.5000	0.4380
香槟酒	0.7290	0.6040
腹股沟腺炎的	0.2800	0.5300
降压	0.6770	0.5770
牧童	0.4430	0.4745
扣	0.4160	0.3730
沉着应战	0.4270	0.3580
巴克肖特	0.2550	0.7400
荞	0.4900	0.4710
芽	0.4600	0.4020
佛	0.6900	0.1980
佛教	0.5100	0.1150
佛教徒	0.5700	0.1820
芽接	0.4900	0.5000
伙伴	0.7785	0.4435
让步	0.6535	0.5890
预算	0.6430	0.3960
浅黄色	0.5610	0.4250
水牛	0.4690	0.5280
缓冲	0.4995	0.4710
自助餐	0.6560	0.5460
丑角	0.2345	0.7505
窃听器	0.2860	0.5000
吓人的东西	0.4390	0.4910
窃听	0.4125	0.5427
开溜	0.3120	0.6270
越野车	0.5000	0.5090
号角	0.4895	0.5155
司号员	0.5420	0.5400
建立	0.6590	0.4883
建设者	0.6600	0.6420
建造	0.7050	0.2880
房屋	0.5260	0.3820
灯泡	0.5675	0.2315
球根	0.3900	0.4420
凸	0.3823	0.4227
贪食症	0.0920	0.5700
舱壁	0.3120	0.4250
笨重	0.3430	0.6070
公牛	0.5210	0.6400
牛头犬	0.4940	0.6500
推土机	0.4590	0.5490
子弹	0.4080	0.7940
防弹	0.7500	0.7210
斗牛士	0.3360	0.8370
牛蛙	0.3440	0.4810
公牛当家	0.2290	0.7400
牛角	0.5100	0.6530
金条	0.6930	0.5580
犍	0.2810	0.4020
牛棚	0.4800	0.5490
欺负	0.2570	0.7550
熊蜂	0.4690	0.4930
郁闷	0.1600	0.4375
长号	0.3625	0.5000
磕碰	0.2860	0.4580
保险杠	0.3850	0.5730
颠簸	0.2550	0.7697
束	0.5310	0.3505
平房	0.5620	0.3520
蹦极	0.6370	0.5450
瓶口	0.2860	0.4260
姆囊炎	0.2760	0.3400
假寐	0.4380	0.3320
掩体	0.3750	0.6730
工棚	0.4700	0.4140
兔子	0.7125	0.3275
短打	0.4170	0.4220
浮标	0.5620	0.2800
浮力	0.6250	0.3730
轻飘	0.6250	0.4410
负担	0.3670	0.5830
背负	0.4290	0.5190
繁重	0.2290	0.6960
局	0.5675	0.4300
官僚	0.3800	0.5780
僚	0.2080	0.5190
官僚主义	0.2800	0.6300
汉堡包	0.7485	0.5595
窃贼	0.0500	0.7690
窃案	0.1460	0.9180
葬礼	0.1380	0.4785
隐藏	0.2943	0.4920
伯克	0.4660	0.4410
粗麻布	0.4290	0.4620
滑稽戏	0.3405	0.6295
结实	0.5620	0.6500
烧伤	0.2190	0.7830
烧	0.1630	0.6030
刻录机	0.2960	0.8160
燃烧	0.4370	0.7793
磨光	0.5200	0.5800
烧完	0.2190	0.4450
焦	0.2190	0.5847
饱嗝儿	0.2190	0.5940
毛刺	0.4170	0.4370
卷饼	0.6880	0.2940
地洞	0.4380	0.2800
金库	0.7705	0.5015
爆裂	0.1560	0.8940
埋葬	0.0770	0.5710
总线	0.4070	0.4110
衬套	0.4130	0.2200
蒲式耳	0.4170	0.3870
浓密的	0.5620	0.3210
商业	0.6670	0.5345
商人	0.6300	0.5473
总线负载	0.5610	0.4810
巴斯	0.4690	0.5000
胸围	0.5200	0.5000
破获	0.2040	0.6760
克星	0.4690	0.4910
忙碌	0.2570	0.8125
繁华	0.4900	0.8500
忙	0.4020	0.5000
好事者	0.2550	0.6340
丁烷	0.4420	0.4830
屠夫	0.5000	0.5750
男管家	0.4690	0.2250
牛油	0.6500	0.2920
毛茛	0.5620	0.4820
蝴蝶	0.8920	0.3270
酪	0.5615	0.4150
奶油	0.7355	0.3448
黄油状的	0.6250	0.3180
按键	0.5200	0.2200
支持	0.6088	0.4413
丰满	0.4823	0.5723
购买	0.7010	0.7353
买方	0.6130	0.5190
蜂鸣器	0.4410	0.7010
鹫	0.3500	0.5000
嗡嗡嗡	0.5830	0.5490
余音绕梁	0.4300	0.5880
过去的	0.2290	0.3100
条例	0.5420	0.4125
署名	0.4690	0.4500
旁路	0.4290	0.4180
字节	0.4900	0.3800
拜占庭式的	0.5460	0.4430
出租车	0.4863	0.4273
阴谋	0.3125	0.5965
小屋	0.6690	0.3337
歌舞表演	0.6770	0.6560
卷心菜	0.3980	0.2250
出租车司机	0.5210	0.4170
赤霞珠	0.5430	0.4200
舱	0.6430	0.2920
内阁	0.5520	0.3060
电缆	0.5830	0.2450
堆	0.5270	0.4377
守车	0.4400	0.4530
敞篷车	0.6670	0.5250
高速缓存	0.5520	0.3480
杂音	0.4080	0.5620
仙人掌	0.4390	0.4120
尸体	0.0620	0.6735
球童	0.5800	0.4700
韵律	0.5990	0.6160
学员	0.5040	0.3930
咖啡店	0.7810	0.3920
自助餐馆	0.7570	0.4000
咖啡因	0.5620	0.7590
笼	0.3505	0.3930
谨慎小心的	0.5420	0.3630
同流合污	0.3120	0.6960
凯恩	0.2600	0.4350
蛋糕	0.8100	0.3750
小菜一碟	0.7190	0.5100
鱿鱼	0.5210	0.3120
灾难性的	0.1450	0.8095
灾害	0.1393	0.7757
钙质	0.4900	0.3680
钙	0.6000	0.3460
计算	0.5837	0.4279
计算器	0.5130	0.2830
结石	0.3600	0.3600
日历	0.4800	0.2120
小牛	0.5310	0.3660
口径	0.4290	0.5510
校准	0.5520	0.4600
印花布	0.4060	0.3380
游标卡尺	0.4800	0.5100
柔软体操	0.5620	0.6630
呼叫	0.5940	0.6270
回电话	0.5240	0.5290
呼叫者	0.6460	0.6150
书法	0.6485	0.2500
调用	0.5530	0.6500
冷酷	0.2400	0.4385
电话	0.6770	0.4317
冷静	0.6693	0.1407
平静	0.8850	0.1050
热	0.4577	0.5487
卡路里	0.3330	0.5400
量热仪	0.4060	0.5600
凸轮	0.4480	0.3630
友情	0.8330	0.5100
弧形	0.4300	0.3820
摄录一体机	0.5560	0.4220
骆驼	0.5150	0.4360
宝石	0.7450	0.4685
相机	0.6400	0.2880
摄影师	0.6280	0.4665
妇女贴身背心	0.4970	0.2500
伪装	0.4778	0.6242
运动	0.6420	0.6570
竞选	0.5310	0.6630
露营	0.6130	0.5290
营火	0.6770	0.5090
营地	0.6800	0.4900
校园	0.6440	0.4585
开罐器	0.4440	0.4910
运河	0.6730	0.2590
金丝雀	0.5820	0.2760
取消	0.3347	0.3962
消除	0.1803	0.5893
癌症	0.0520	0.6940
坦率	0.6210	0.4397
候选人	0.5430	0.5735
脯	0.7130	0.3300
蜡烛	0.6085	0.2135
烛火	0.7890	0.2940
檠	0.4480	0.5310
直率	0.7400	0.3890
糖果	0.9600	0.4870
甘蔗	0.4590	0.2980
犬	0.5730	0.5690
罐	0.4915	0.3085
溃疡	0.2740	0.5325
麻	0.3890	0.5180
听装	0.3980	0.3570
食人族	0.1220	0.8240
自相残杀	0.0940	0.8900
罐头制造	0.4900	0.3920
大炮	0.4570	0.6320
炮弹	0.3440	0.8400
独木舟	0.5160	0.3350
教规	0.3850	0.5190
典范	0.5420	0.4100
华盖	0.6085	0.2740
哈密​​瓜	0.5920	0.2120
食堂	0.4155	0.7215
坎特伯雷	0.5820	0.4380
悬臂	0.3570	0.6180
酒馆	0.5847	0.6087
广州	0.5420	0.4720
帆布	0.7190	0.0900
峡谷	0.4165	0.6875
帽	0.6120	0.2400
能	0.7650	0.5870
容量	0.7190	0.4110
岬	0.5310	0.2350
跳跃	0.4840	0.5870
毛细管	0.4690	0.3650
首都	0.6375	0.5000
资本主义	0.4480	0.6860
资本家	0.3520	0.5770
利用	0.5923	0.6413
人头	0.4790	0.5290
国会大厦	0.5350	0.3750
投降	0.2293	0.4510
热奶咖啡	0.7920	0.2790
任性	0.3020	0.6442
大写锁定	0.3300	0.3940
胶囊	0.5830	0.2900
队长	0.5520	0.6530
标题	0.6760	0.2842
着迷	0.6980	0.6040
迷人	0.9303	0.6903
俘虏	0.2350	0.5580
囚禁	0.1285	0.6050
捕捉者	0.3470	0.6250
捕获	0.3570	0.6500
焦糖	0.9010	0.3630
克拉	0.8230	0.6040
大篷车	0.6350	0.4835
碳	0.6040	0.3600
化油器	0.4690	0.6120
胴体	0.1150	0.5290
癌	0.1530	0.6920
卡	0.6077	0.4660
纸板	0.5000	0.1730
心脏的	0.3440	0.7650
羊毛衣	0.5990	0.3240
枢机主教	0.5830	0.3580
心脏病	0.3037	0.6417
心肌病	0.1770	0.6450
关心	0.4237	0.6007
事业	0.7400	0.7120
畅快	0.7550	0.2200
小心	0.6042	0.4840
粗心	0.2450	0.4760
疏忽	0.2407	0.5567
抚摸	0.8225	0.4400
插入符号	0.6560	0.4020
管理人	0.6630	0.4940
货物	0.4095	0.4860
驯鹿	0.5770	0.3940
漫画	0.6470	0.4645
龋齿	0.1150	0.5690
爱心	0.7915	0.5405
汽车千斤顶	0.4380	0.6820
大屠杀	0.2340	0.7590
肉体	0.4170	0.6790
康乃馨	0.6530	0.3570
肉食	0.2240	0.6130
颂歌	0.7600	0.4160
圆盘传送带	0.7040	0.5000
鲤鱼	0.5310	0.3240
腕	0.5775	0.3335
木匠	0.5210	0.5500
木工	0.5610	0.4590
地毯	0.5273	0.2407
停车场	0.6250	0.5090
运输	0.6206	0.5232
携带的	0.4900	0.3820
支架	0.5330	0.5880
胡萝卜	0.5000	0.2350
携带	0.6455	0.4685
晕车	0.2240	0.5740
大车	0.5200	0.3440
卡特尔	0.4380	0.3940
卡特	0.3120	0.4800
软骨	0.4380	0.3700
制图	0.5050	0.3240
纸板箱	0.2860	0.1860
动画片	0.8670	0.4710
盒式磁带	0.4580	0.5000
雕刻	0.5036	0.4518
级联	0.6075	0.5510
案件	0.4270	0.2750
酪蛋白	0.4700	0.4360
现金	0.8670	0.5520
出纳员	0.6030	0.4213
开司米	0.6530	0.4520
套管	0.4580	0.3270
赌场	0.5420	0.6840
木桶	0.4900	0.3980
棺材	0.0990	0.4610
沙锅	0.5700	0.3600
暗盒	0.4900	0.3340
投	0.4370	0.6825
抛弃	0.2080	0.6460
种姓	0.5100	0.3330
铸工	0.6040	0.6700
城堡	0.6475	0.4300
蓖麻	0.5830	0.3370
阉割	0.1875	0.6100
随便	0.6430	0.2240
胡乱	0.6580	0.2900
受害者	0.1750	0.4750
猫	0.4593	0.4728
分解代谢	0.2650	0.5730
目录	0.5490	0.3203
催化	0.4735	0.5390
催化剂	0.6040	0.5090
双体船	0.5710	0.5660
弹射	0.4800	0.8300
白内障	0.4060	0.5450
灾难	0.1460	0.9520
紧张	0.2560	0.6228
抓住	0.5310	0.4370
捕手	0.6530	0.4130
捕	0.4900	0.7880
口号	0.6240	0.3195
上口	0.6770	0.4410
教义问答	0.6560	0.2360
明确的	0.5468	0.4852
类别	0.5710	0.2640
迎合	0.8020	0.5000
餐饮服务商	0.5500	0.5570
毛虫	0.4610	0.2860
凯茨	0.3700	0.3940
鲶鱼	0.4580	0.3370
泻药	0.3605	0.5300
大教堂	0.5980	0.3300
导管	0.4030	0.3965
天主教徒	0.6460	0.2400
薄荷	0.6205	0.2895
黄牛	0.6220	0.3400
猫步	0.6980	0.4360
预备会议	0.4180	0.3110
尾	0.4690	0.3915
釜	0.5100	0.4860
菜花	0.4480	0.2550
填缝	0.3670	0.5000
因果	0.5620	0.3670
因果关系	0.5310	0.4290
原因	0.6110	0.4293
造成	0.2555	0.6400
堤道	0.4530	0.3820
警示	0.5100	0.5410
谨慎	0.6168	0.3417
骑士	0.7167	0.5100
骑兵	0.6670	0.7270
洞穴	0.3910	0.3465
穴居人	0.2350	0.6440
海绵状	0.4115	0.4360
鱼子酱	0.9060	0.3940
崩落	0.3780	0.4910
空穴	0.4660	0.3850
辣椒	0.5413	0.3740
停止	0.3520	0.3807
停火	0.5420	0.5940
不断	0.5080	0.5253
雪松	0.5600	0.2670
天花板	0.5200	0.2240
礼	0.8440	0.4645
庆祝	0.9003	0.7900
著名	0.8812	0.7450
庆祝活动	0.9580	0.7940
名人	0.6770	0.6135
芹菜	0.3960	0.1470
天上	0.8305	0.4060
独身	0.4207	0.4193
细胞	0.5410	0.3750
地窖	0.5100	0.2770
电池块	0.1860	0.5700
大提琴家	0.6670	0.5000
狱友	0.1670	0.6840
大提琴	0.6350	0.3240
玻璃纸	0.6480	0.2820
细胞的	0.6430	0.3980
橘皮	0.2000	0.3840
赛璐珞	0.4690	0.4400
水泥	0.5440	0.2650
凝成	0.4290	0.3820
公墓	0.0510	0.6300
审查	0.3543	0.5423
谴责	0.1605	0.7230
人口调查	0.4490	0.2890
一分钱	0.5270	0.3345
一百年	0.6040	0.4400
百周年纪念	0.5830	0.3940
中央	0.6707	0.2890
插页	0.5710	0.4070
核心	0.6190	0.3463
厘米	0.4270	0.2800
蜈	0.2960	0.3990
中心地位	0.5710	0.3120
集权	0.5210	0.4400
集中	0.7170	0.4330
离心	0.3060	0.6510
离心分离机	0.4950	0.6220
百夫长	0.5900	0.4470
世纪	0.4070	0.3470
陶瓷的	0.5210	0.2550
陶瓷	0.5730	0.2500
谷类	0.6120	0.2060
谷物	0.5180	0.3075
颅内	0.3445	0.5555
仪式	0.5442	0.5145
某些	0.7600	0.3580
认证的	0.7140	0.4270
证书	0.7470	0.3750
证明	0.6213	0.4452
颈椎	0.3750	0.4130
宫颈	0.4290	0.3600
塞斯	0.4270	0.3750
戒烟	0.4140	0.3850
污水池	0.1670	0.4600
糠	0.3330	0.3270
柴	0.5100	0.3615
链	0.3780	0.5000
电锯	0.3670	0.8040
椅子	0.5620	0.0820
主席	0.6455	0.5500
女主席	0.7190	0.6640
贵妃	0.4060	0.3490
杯	0.7073	0.3810
粉笔	0.3850	0.1850
挑战	0.4690	0.9220
挑战者	0.4170	0.7550
室	0.5625	0.4075
女服务员	0.5940	0.3750
变色龙	0.4900	0.5800
冠军	0.8720	0.8170
锦标赛	0.8330	0.8000
机会	0.8855	0.6480
校长	0.5938	0.4595
吊灯	0.6150	0.5420
钱德勒	0.5100	0.4520
更改	0.6250	0.5750
多变	0.5470	0.5905
变	0.5940	0.3750
换	0.5260	0.4750
渠道	0.4900	0.2870
呗	0.7710	0.6980
混沌	0.0160	0.9230
混乱的	0.1625	0.7805
皴裂	0.5500	0.4100
伴侣	0.7167	0.4785
牧师	0.5747	0.3306
查普曼	0.5620	0.5290
章节	0.5800	0.3080
烧焦	0.3840	0.5250
字符	0.6670	0.3730
特性	0.6265	0.3810
表征	0.7290	0.4710
夏利	0.4580	0.5500
木炭	0.3020	0.1860
霞多丽	0.6770	0.5670
收费	0.4523	0.5350
充电器	0.5310	0.4180
辂	0.6840	0.5500
魅力	0.8846	0.6144
慈善	0.8385	0.4030
慈善机构	0.9200	0.2840
庸医	0.2000	0.6400
迷住了	0.9380	0.5700
魔术师	0.7393	0.5710
图表	0.4690	0.3170
宪章	0.6770	0.3820
包车	0.5690	0.4600
追	0.2920	0.8540
驱逐舰	0.2290	0.8300
裂口	0.2855	0.5105
机壳	0.4060	0.3420
贞	0.4080	0.2480
学乖了	0.1560	0.5800
惩罚	0.1110	0.8583
贞洁	0.4690	0.3920
聊	0.7290	0.4000
喋喋不休	0.5600	0.4500
抖动	0.3420	0.7905
健谈的	0.5940	0.5480
司机	0.5383	0.5180
沙文主义	0.3100	0.5390
低廉	0.6120	0.4710
含金量降低	0.4710	0.6110
小气鬼	0.2680	0.4510
作弊	0.1250	0.7760
骗子	0.2073	0.7460
查	0.6105	0.5405
支票簿	0.5520	0.2840
检查	0.4602	0.5608
格仔	0.4590	0.3160
跳棋	0.6760	0.4510
清单	0.4995	0.3970
将死	0.6670	0.7080
查看	0.5970	0.5100
检查站	0.5710	0.3230
脸颊	0.6890	0.3190
厚脸皮	0.4340	0.6790
吱吱	0.3133	0.6070
快乐	0.9872	0.7492
拉拉队长	0.9230	0.7460
啦啦队	0.6980	0.7690
冷冷清清	0.2040	0.3730
干杯	0.9480	0.7700
愉快的	0.9485	0.5930
起司	0.7400	0.2800
乳酪汉堡	0.8020	0.5290
乳酪蛋糕	0.8600	0.2760
俊俏的	0.4700	0.4710
猎豹	0.4690	0.7700
厨师	0.8505	0.4555
化学	0.4810	0.5400
化学家	0.4080	0.5750
化疗	0.1885	0.6875
珍视	0.8960	0.4910
珍惜	0.8360	0.3800
樱桃	0.6880	0.1860
棋	0.6560	0.3630
板栗	0.7140	0.2100
雪佛龙	0.4690	0.4690
嚼	0.4580	0.4397
劲道	0.6250	0.4180
别致	0.8700	0.6240
强辩	0.3570	0.4600
小鸡	0.7710	0.6020
鸡	0.5520	0.3470
水痘	0.1837	0.5550
首席	0.5200	0.5440
主要	0.6562	0.4313
头目	0.4315	0.5395
薄纱	0.4060	0.2300
儿童	0.9120	0.4600
童年	0.8650	0.4130
幼稚	0.4895	0.3510
无子女	0.3100	0.4000
孩子似的	0.6560	0.3720
孩子	0.8180	0.4970
寒意	0.8370	0.2060
冷	0.4595	0.4390
令人心寒	0.2080	0.8500
寒冷	0.2137	0.4700
嵌合体	0.2920	0.5820
编钟	0.6250	0.4900
烟囱	0.5830	0.2860
黑猩猩	0.4470	0.6105
下巴	0.5710	0.3100
中国	0.5610	0.4430
栗鼠	0.4800	0.4500
奇努克	0.4080	0.4970
芯片	0.4790	0.3820
花栗鼠	0.5730	0.5620
削片机	0.4180	0.5880
碎裂	0.3540	0.4520
按摩师	0.5453	0.3957
叽叽喳喳	0.4690	0.6020
鸣叫	0.5795	0.4765
凿	0.4690	0.4040
蒙人	0.4290	0.6060
保单	0.4900	0.3520
闲聊	0.6730	0.4550
骑士气概	0.8570	0.3800
氯化物	0.2650	0.3870
氯	0.3060	0.3270
氯仿	0.2810	0.3700
巧克力	0.8850	0.4800
选择	0.6661	0.4653
唱诗班	0.7040	0.2980
呛	0.1670	0.7880
霍乱	0.0200	0.8670
胆固醇	0.1980	0.5830
挑三拣四	0.2800	0.7600
劈	0.1925	0.6860
菜刀	0.4690	0.7450
斩波	0.5600	0.6250
印章	0.6120	0.4200
合唱队的	0.8520	0.2900
弦	0.7290	0.3940
和弦	0.6390	0.4060
苦差事	0.2500	0.4920
编舞	0.7290	0.6945
合唱	0.6200	0.4170
州城	0.5730	0.4900
杂烩	0.5100	0.3240
基督	0.7810	0.5100
基督教	0.7600	0.2410
圣诞	0.9590	0.5200
圣诞系列	0.8750	0.6980
圣诞节的时候	0.8370	0.5880
色	0.4070	0.4130
色谱	0.4800	0.5370
铬	0.5200	0.3885
染色体	0.5000	0.2960
慢性	0.2550	0.6150
编年史	0.4270	0.5710
计时码表	0.5000	0.3920
实足	0.5940	0.4450
丰满的	0.5310	0.4270
夹头	0.5420	0.5090
暗笑	0.7760	0.7145
突突	0.4010	0.4130
密友	0.9110	0.3470
合得来的	0.7600	0.4200
矮胖	0.5200	0.5170
教会	0.6905	0.2340
墓地	0.1685	0.4425
斜道	0.5800	0.7450
酸辣酱	0.4590	0.3700
苹果酒	0.5300	0.3460
雪茄	0.3060	0.4630
香烟	0.2190	0.5280
胡荽叶	0.4690	0.2600
肚带	0.4500	0.4900
煤渣	0.3500	0.2600
电影	0.7400	0.5010
放映技师	0.7920	0.4550
摄影	0.7240	0.4770
肉桂	0.6000	0.2500
暗号	0.4900	0.4140
圈	0.4800	0.2900
盘旋	0.5100	0.6540
电路	0.5910	0.5380
圆	0.5770	0.3665
流通	0.6120	0.3880
循环	0.5803	0.4670
循环系统	0.5920	0.5750
割礼	0.3270	0.6570
圆周	0.4580	0.2550
周	0.5305	0.3265
外切	0.3650	0.5390
情况	0.5465	0.4570
旁证	0.5000	0.5380
马戏团	0.6120	0.6405
冰斗	0.6040	0.6470
硬化	0.2873	0.6228
触须	0.4700	0.4510
水槽	0.4580	0.4260
引用	0.6250	0.5177
公民	0.6613	0.2563
国籍	0.7140	0.4020
茶晶	0.3750	0.4000
柑橘	0.5200	0.3195
市	0.8470	0.5310
全市	0.5920	0.5090
国内	0.6217	0.3360
平民	0.7000	0.2290
老百姓	0.4900	0.4480
礼貌	0.8445	0.3075
文明	0.8075	0.3415
包层的	0.5830	0.3730
要求	0.3670	0.6230
索赔	0.2710	0.6900
明察秋毫	0.7650	0.5310
蛤	0.4420	0.3020
病态的	0.2323	0.5173
叫嚣	0.4380	0.6430
钳	0.5340	0.3937
氏族	0.5620	0.4910
隐秘	0.4075	0.4635
铛	0.4590	0.5200
拍	0.5985	0.5540
铃舌	0.5000	0.2290
拍手	0.8230	0.8940
澄清	0.7013	0.5233
单簧管	0.5920	0.4530
明晰	0.7960	0.3100
冲突	0.2683	0.8627
钩	0.4330	0.4095
类	0.7870	0.2770
经典	0.6900	0.2600
经典摇滚	0.7290	0.5710
古典	0.6430	0.1980
经	0.5470	0.3750
分类	0.5686	0.4186
同学	0.7810	0.4000
课堂	0.5390	0.2920
优雅	0.9000	0.4353
哒	0.4180	0.8200
条款	0.4730	0.4000
幽闭恐惧症	0.1085	0.7975
锁骨	0.4090	0.4135
爪	0.2950	0.6223
粘土	0.5420	0.2500
清洁	0.8270	0.1700
清洁器	0.6040	0.5560
清洁的	0.5950	0.3960
清洁度	0.8160	0.3630
干净	0.8230	0.3520
洁净	0.6250	0.3100
去污粉	0.6040	0.3530
净化	0.7760	0.3010
清理	0.7290	0.3140
明确	0.6537	0.4913
净空	0.5420	0.4590
空地	0.6800	0.3330
清晰	0.7740	0.2975
夹板	0.3325	0.3300
分裂	0.3297	0.5821
劈开	0.2960	0.5450
切肉刀	0.2400	0.6270
谱号	0.6150	0.3600
宽大	0.5555	0.4265
咬紧	0.4380	0.6180
书记	0.5000	0.5790
见习	0.5820	0.3800
点击	0.5360	0.3650
唱首歌	0.4180	0.4900
客户	0.6040	0.5135
悬崖	0.2795	0.7020
气候	0.5830	0.3035
高潮	0.7010	0.7015
爬	0.6150	0.6600
登山者	0.5730	0.7160
成交	0.4690	0.5380
依偎	0.6083	0.5085
紧贴	0.2240	0.4600
诊所	0.4690	0.4390
临床	0.3370	0.4120
碰杯	0.4580	0.4620
夹	0.4553	0.3187
剪贴板	0.5940	0.2550
限幅器	0.2930	0.4220
剪裁	0.5665	0.5200
阴蒂	0.6250	0.8440
披风	0.4895	0.2285
隐形	0.4930	0.4420
衣帽间	0.6900	0.2540
撞	0.3960	0.5780
时钟	0.6770	0.1730
发条装置	0.4900	0.3730
土块	0.3750	0.4040
阻塞	0.1040	0.6180
寺院	0.4380	0.4130
克隆	0.3110	0.5835
关	0.2920	0.2600
关闭	0.2360	0.2958
亲近	0.7960	0.2370
壁橱	0.5310	0.2040
凝块	0.2150	0.4575
布	0.5725	0.1900
覆上	0.7970	0.3300
衣服	0.8330	0.2700
晾衣绳	0.5820	0.3240
云	0.7375	0.1640
乌云密布	0.2400	0.2130
云量	0.4690	0.2500
多云的	0.2810	0.2800
影响力	0.5840	0.6360
丁香	0.4330	0.2570
苜	0.6050	0.3400
小丑	0.6250	0.6355
俱乐部	0.6700	0.5945
会所	0.7230	0.5300
咕	0.3900	0.4900
线索	0.6530	0.3800
无知	0.2515	0.3750
丛	0.4420	0.4425
笨拙	0.1250	0.4200
闷响	0.4635	0.4010
簇	0.4900	0.4580
离合器	0.4625	0.4365
杂波	0.1350	0.5980
教练	0.6330	0.8230
赶车	0.4790	0.3940
凝结	0.3810	0.5580
煤炭	0.3600	0.2410
粗	0.3695	0.6375
滨	0.7190	0.3960
沿海	0.6040	0.3700
杯垫	0.6120	0.7880
海岸线	0.7110	0.2890
涂层	0.6485	0.3480
哄	0.3670	0.4000
钴	0.4080	0.3250
鹅卵石	0.4480	0.3850
皮匠	0.5100	0.4150
眼镜蛇	0.3120	0.7120
可卡因	0.1560	0.8400
公鸡	0.4385	0.4735
繁琐	0.4500	0.5000
荒唐的	0.4590	0.4600
座舱	0.5200	0.4240
蟑螂	0.1670	0.6325
鸡尾酒	0.7400	0.4800
自大	0.2600	0.7840
可可	0.7760	0.2550
椰子	0.6220	0.2650
茧	0.4700	0.2800
鳕鱼	0.5100	0.3210
码	0.5255	0.2420
可待因	0.3750	0.5820
法典	0.5310	0.4880
鳕	0.4900	0.2450
法典编纂	0.4480	0.4000
编成法典	0.4480	0.4100
编码	0.4660	0.4220
男女同校	0.4690	0.5310
系数	0.6495	0.3595
胁迫	0.2810	0.6550
强迫	0.3385	0.7895
强制	0.4793	0.6483
共存	0.6157	0.4270
咖啡	0.8230	0.4180
咖啡桌	0.7200	0.3390
咖啡屋	0.6940	0.3570
咖啡壶	0.7600	0.3330
切实	0.8060	0.4845
科涅克白兰地	0.6150	0.5100
同源	0.5430	0.3515
认知	0.5130	0.4010
同居	0.6460	0.5260
相干性	0.7200	0.4060
相干	0.6980	0.2810
凝聚力	0.5310	0.4700
队列	0.4340	0.4580
盘	0.4480	0.3430
盘绕	0.3780	0.5180
硬币	0.6770	0.5740
造币	0.5000	0.4000
重合	0.6540	0.4315
巧合	0.6290	0.4655
一致	0.6100	0.3954
可乐	0.4365	0.3930
冷眼	0.3650	0.3580
凉拌卷心菜	0.7070	0.3120
绞痛	0.1350	0.7360
体育馆	0.6120	0.6630
合作	0.8412	0.4782
合作者	0.7290	0.3200
大学	0.7075	0.4475
胶原	0.5410	0.2450
坍方	0.2080	0.6890
领	0.6560	0.4420
勘	0.4380	0.4480
抵押	0.3930	0.4150
整理	0.5200	0.3330
同事	0.7035	0.4515
搜集	0.6290	0.5563
集	0.5700	0.4020
采集	0.6175	0.3680
集体	0.5830	0.4580
统	0.8170	0.5730
集电极	0.5520	0.4810
合议	0.5920	0.4610
碰撞	0.3283	0.8747
牧羊犬	0.6230	0.3750
搭配	0.6370	0.3600
口语	0.6040	0.3630
共谋	0.3650	0.5100
科隆	0.6770	0.4130
结肠	0.3910	0.4070
陆军上校	0.4590	0.5920
殖民	0.5530	0.3270
结肠镜检查	0.2080	0.5240
殖民地	0.7160	0.3530
版权页	0.5000	0.4080
颜色	0.8305	0.3145
着色	0.5615	0.4060
有色	0.8060	0.3170
华美	0.8500	0.5200
染色	0.5130	0.4645
无色	0.3540	0.3400
庞大	0.6980	0.6920
小马	0.6865	0.5000
鸽的	0.5200	0.5210
柱	0.4800	0.2500
柱状	0.4480	0.3400
专栏作家	0.6460	0.3650
昏迷	0.2795	0.3620
昏睡的	0.1785	0.3415
梳	0.4900	0.1230
好斗	0.3810	0.6900
组合	0.6345	0.4580
二合一	0.6980	0.4390
易燃	0.3860	0.6500
来	0.5945	0.3890
回来	0.5800	0.4090
喜剧演员	0.8120	0.7350
喜剧	0.9180	0.5550
彗星	0.7040	0.6790
安慰	0.6490	0.3055
自在	0.6560	0.4690
棉被	0.6180	0.2750
欣慰的	0.9060	0.3370
舒适	0.8885	0.2562
滑稽	0.7845	0.5948
未来	0.7705	0.5305
逗号	0.3440	0.2690
命令	0.4270	0.7900
司令官	0.6220	0.7000
征用	0.3565	0.6475
指挥官	0.5310	0.6150
司令	0.5620	0.6640
诫命	0.6560	0.4900
别动队	0.3230	0.7100
纪念	0.7476	0.4488
纪念活动	0.7190	0.6150
表彰	0.9060	0.6940
值得称道	0.7860	0.5700
相称	0.6100	0.3040
评论	0.6453	0.4090
评论员	0.4920	0.5100
共匪	0.3850	0.5190
小卖部	0.3850	0.5000
专员	0.6020	0.4490
承诺	0.6162	0.5998
提交	0.6707	0.5333
委员会	0.5920	0.3920
商品	0.5630	0.4480
准将	0.4270	0.5300
共同	0.6540	0.2760
布衣	0.4480	0.3650
常用	0.6040	0.1700
平凡	0.4160	0.3785
公地	0.6330	0.3960
联邦	0.5977	0.4063
骚动	0.3257	0.7370
公社	0.5460	0.4045
传染性	0.5020	0.5605
通信	0.8230	0.4100
通讯	0.7295	0.3925
交际	0.8470	0.5600
传播者	0.5730	0.5090
交往	0.6580	0.4825
共产主义	0.2640	0.5700
共产	0.2650	0.7020
社区	0.7500	0.3500
可交换	0.6670	0.4420
改判	0.6220	0.5820
通勤	0.6460	0.5200
补偿	0.6695	0.4715
紧凑	0.5200	0.3845
压实	0.5310	0.4710
友谊	0.8955	0.3905
公司	0.6567	0.3790
可比	0.5620	0.4430
比较	0.5420	0.3573
对照	0.5830	0.4560
隔室	0.5000	0.3890
罗盘	0.5410	0.3070
同情	0.7726	0.4644
富于同情心的	0.8570	0.4040
兼容性	0.8160	0.4500
兼容	0.7845	0.3485
迫使	0.2000	0.8470
被迫	0.2565	0.6875
引人注目	0.5275	0.6985
概要	0.5925	0.3488
赔偿金	0.7750	0.4690
竞争	0.5765	0.7675
权限	0.6150	0.8020
胜任	0.8650	0.5600
竞争的	0.4470	0.7180
竞争者	0.5460	0.8745
汇编	0.5300	0.5120
编	0.6000	0.4130
自满	0.6145	0.4775
抱怨	0.2176	0.6650
补充	0.6772	0.3492
全然	0.7300	0.3700
完整性	0.8230	0.4330
复杂	0.3220	0.6362
复合	0.4735	0.4810
肤色	0.5210	0.5200
合规	0.7500	0.4620
并发症	0.3650	0.7260
同谋	0.2970	0.7350
免费	0.8230	0.4130
执行	0.4690	0.6332
康波	0.5000	0.3460
零件	0.5310	0.3820
撰写	0.6390	0.4320
由	0.6840	0.3850
作曲家	0.8330	0.5730
综合	0.5937	0.4117
组成	0.7940	0.3970
堆肥	0.4800	0.4040
自若	0.8020	0.3540
理解	0.8520	0.3575
全面	0.7960	0.3850
压缩	0.4050	0.4102
可压缩	0.6220	0.3920
压缩机	0.4180	0.4810
包括	0.7760	0.4080
妥协	0.6770	0.5200
审计长	0.4020	0.4810
义务	0.3165	0.6190
可计算	0.5700	0.4020
电脑	0.8020	0.3560
计算机化	0.6770	0.4500
同志	0.7810	0.4120
凹	0.4410	0.3490
暗	0.3440	0.3630
隐蔽	0.4010	0.5700
自负	0.2347	0.6530
可以想象	0.7300	0.3500
构想	0.7080	0.5380
浓度	0.7350	0.5000
同心	0.7300	0.4790
概念	0.6263	0.3463
音乐会	0.9380	0.8670
协奏曲	0.6130	0.7590
优惠	0.7550	0.4870
海螺	0.5830	0.3060
门房	0.4800	0.3430
调解	0.6960	0.3777
简洁	0.5450	0.3680
秘密会议	0.5730	0.4400
得出结论	0.5300	0.2670
结论	0.5730	0.3795
确凿	0.4980	0.4880
药汁	0.4480	0.4590
伴随	0.4270	0.4820
和谐	0.8373	0.3263
中央大厅	0.7400	0.6570
具体	0.6445	0.4040
妾	0.3880	0.5940
同时	0.6075	0.4790
震动	0.0720	0.7080
非难	0.1330	0.7250
缩合	0.5100	0.3160
冷凝	0.5980	0.4150
居高临下	0.5830	0.3630
屈尊	0.5210	0.3770
调味品	0.5200	0.3330
条件	0.4814	0.4314
有条件的	0.4585	0.3810
调节器	0.5833	0.4693
空调	0.4400	0.4680
慰问	0.2290	0.4615
避孕套	0.4060	0.6370
纵容	0.5710	0.4410
秃鹰	0.5730	0.3880
有利于	0.7750	0.4790
进行	0.4530	0.5100
传导	0.5300	0.5570
电导率	0.5830	0.5750
导体	0.6770	0.6630
锥体	0.4790	0.3090
邦联	0.5900	0.5410
帮凶	0.5510	0.5460
授予	0.5730	0.4820
会议	0.6485	0.5607
自白书	0.4690	0.6420
自白	0.3915	0.4650
五彩纸屑	0.7810	0.5730
知己	0.8370	0.6330
信任	0.7145	0.4660
置信度	0.9590	0.2760
信心	0.7650	0.3240
机密	0.6430	0.4710
保密	0.4805	0.4900
组态	0.5400	0.4430
局限	0.3270	0.5510
受限	0.2105	0.5045
坐月子	0.3330	0.6560
验证	0.7204	0.4068
没收	0.1967	0.6210
燹	0.3440	0.7210
冲突的	0.1730	0.7380
合流	0.6770	0.5980
一致性	0.6557	0.3803
混淆	0.3400	0.5285
面对	0.4853	0.4463
迷惑	0.2220	0.5900
扑朔迷离	0.2290	0.6900
混乱	0.2667	0.7167
康加	0.4690	0.5290
相投	0.8200	0.4120
先天性	0.4480	0.4340
拥塞	0.2710	0.6540
集团	0.5000	0.5000
聚集	0.5410	0.7200
恭喜	0.9390	0.7530
祝贺	0.9487	0.6983
国会	0.5005	0.4675
锥	0.5000	0.3950
推测	0.4120	0.5208
夫妻	0.6980	0.5100
共轭	0.5310	0.4245
连词	0.5200	0.4720
结膜	0.4870	0.4440
变戏法	0.5373	0.7533
戏法	0.3930	0.7635
连	0.7240	0.2990
连接的	0.8160	0.5500
结缔组织	0.7190	0.4910
行家	0.7600	0.4610
征服	0.5847	0.7044
征服者	0.6040	0.8090
良心	0.6630	0.3750
有良心	0.6880	0.4040
征兵	0.3960	0.7750
奉献	0.7648	0.4597
连续	0.6500	0.4470
两厢情愿	0.6630	0.4170
共识	0.6270	0.3580
结果	0.6906	0.4728
保护	0.8500	0.5162
保守主义	0.4060	0.3690
保守	0.6150	0.3160
温室	0.6770	0.3390
养护	0.6900	0.3470
考虑	0.6330	0.3740
大量	0.6530	0.3140
周到	0.7240	0.3350
收货人	0.6350	0.3850
寄售	0.4900	0.4400
一贯	0.7160	0.5490
巩固	0.8800	0.4400
辅音	0.5000	0.3470
配偶	0.6440	0.5455
显着	0.6195	0.4850
合谋	0.2060	0.7400
警官	0.5260	0.7415
恒常	0.7860	0.4430
不变	0.5830	0.2612
经常	0.5863	0.4307
星座	0.6095	0.4465
便秘	0.0790	0.6120
选民	0.5377	0.4795
组分	0.5730	0.5000
成分	0.6825	0.3935
构成	0.7225	0.3835
宪法	0.5900	0.3800
法治	0.6120	0.4390
压抑	0.2180	0.5242
约束	0.3230	0.5500
构造	0.7500	0.6480
施工	0.8480	0.6120
建设性	0.8600	0.5700
诠释	0.6020	0.5190
领事	0.5730	0.3540
领事馆	0.5610	0.4530
请教	0.7550	0.3700
会诊	0.6600	0.4630
消耗	0.3530	0.4933
消费者	0.5070	0.5510
消费	0.4815	0.5360
完善	0.7047	0.5623
传染性的	0.1840	0.7250
包含	0.6210	0.4340
容器	0.5255	0.4235
遏制	0.4110	0.4910
污染	0.1080	0.6150
沉思	0.6933	0.2564
同期	0.6400	0.3730
现代的	0.7200	0.3650
鄙视	0.2060	0.6350
可鄙	0.1460	0.6570
抗衡	0.5150	0.5685
百家争鸣	0.4900	0.6980
内容	0.7100	0.3355
满足	0.7890	0.5760
争夺	0.4220	0.6270
争议	0.2970	0.7140
满意	0.9280	0.5763
比赛	0.6533	0.6703
选手	0.7600	0.5300
上下文	0.5310	0.3000
邻近的	0.3750	0.4500
大陆	0.5723	0.3767
偶然性	0.3960	0.5000
队伍	0.4700	0.5310
持续	0.5745	0.3815
继续	0.5989	0.5024
延续	0.5060	0.5290
连续性	0.7810	0.4390
一直	0.7190	0.4170
轮廓	0.6200	0.3227
禁品	0.1770	0.8750
避孕	0.2960	0.5180
合同	0.6565	0.5055
签约	0.3440	0.5570
收缩	0.3857	0.5980
承包	0.5940	0.4900
承包商	0.5920	0.4790
顶撞	0.1600	0.5980
玩意儿	0.4480	0.5900
相反	0.4330	0.4320
对比	0.5005	0.4720
违反	0.2112	0.7768
有助于	0.8060	0.3500
贡献	0.8605	0.4615
贡献者	0.8440	0.5100
痛悔	0.3470	0.3630
悔悟	0.3470	0.5830
做作	0.4080	0.5300
控制	0.6095	0.3965
难题	0.4455	0.4975
恢复期	0.4580	0.4800
对流	0.5210	0.4940
召开	0.5830	0.6760
方便	0.8135	0.4695
便利设备	0.8020	0.4120
修道院	0.5783	0.2710
惯例	0.6220	0.6220
常规	0.5247	0.3497
汇集	0.6350	0.4710
收敛	0.5510	0.4910
会聚的	0.7810	0.4900
谙练	0.7240	0.3600
会话	0.7500	0.5100
对话的	0.6045	0.4655
健谈者	0.7190	0.4670
交谈	0.6745	0.4075
转变	0.6075	0.6360
兑换	0.5510	0.5380
转换	0.6630	0.4180
可兑换	0.5420	0.5290
传达	0.7190	0.6330
输送	0.6150	0.5200
楼宇买卖	0.3750	0.4790
定罪	0.3960	0.7720
说服	0.6640	0.5785
使人信服	0.7600	0.5270
召集	0.5380	0.6110
令人费解	0.3095	0.6290
卷积	0.4170	0.5590
护航	0.5000	0.6710
鸪鸪声	0.4900	0.4390
食谱	0.6500	0.3085
灶	0.5920	0.3730
烹调术	0.6330	0.3680
曲奇饼	0.7920	0.3060
烹饪	0.6873	0.4393
野炊	0.6800	0.4060
凉	0.8850	0.5400
冷却液	0.7200	0.4120
冷却器	0.6640	0.3750
冷却	0.4690	0.3240
凉意	0.4900	0.3070
浣熊	0.4900	0.4600
鸡舍	0.5560	0.5110
合作社	0.8160	0.4610
坐标	0.6980	0.4290
协调	0.7135	0.4820
警察	0.4643	0.7470
应付	0.4885	0.5635
复印机	0.4590	0.3450
副驾驶	0.6400	0.5380
应对	0.5310	0.6730
铜	0.5800	0.2600
直升机	0.6425	0.7550
复制	0.5170	0.5348
山寨	0.4490	0.5800
仿形	0.4480	0.3150
版权	0.4580	0.4020
珊瑚	0.8020	0.2310
珊瑚蛇	0.2760	0.7120
绳	0.3865	0.3290
亲切	0.8705	0.4730
无绳	0.6670	0.4410
警戒线	0.4690	0.3170
灯心绒	0.5700	0.3240
软木	0.3470	0.2500
螺旋形的	0.4030	0.4360
玉米	0.5940	0.1960
玉米面包	0.6430	0.3040
角膜	0.5210	0.3460
咸	0.4235	0.4860
基石	0.5500	0.3880
信号旗	0.5070	0.5200
麦田	0.7190	0.3100
玉米片	0.7290	0.3460
檐口	0.4580	0.4410
玉米淀粉	0.6430	0.2990
老生常谈	0.4845	0.3960
推论	0.4580	0.4690
电晕	0.8180	0.4390
冠状动脉	0.5670	0.6130
加冕	0.7825	0.5930
验尸官	0.3230	0.5580
下士	0.5820	0.4900
企业	0.6760	0.4230
肉体的	0.5200	0.3500
兵团	0.5510	0.4530
医护兵	0.4390	0.4690
文集	0.5430	0.3400
科拉尔	0.6060	0.6620
正确	0.8265	0.3090
更正	0.4480	0.4850
惩教	0.2920	0.7130
纠正的	0.4480	0.5280
正确性	0.7960	0.4500
相关	0.5970	0.4213
关联的	0.5100	0.4020
对应	0.6865	0.4375
通信者	0.5730	0.5650
相应	0.7295	0.5155
走廊	0.6040	0.5890
证实	0.6010	0.5100
佐证	0.6250	0.4310
腐蚀	0.1560	0.6100
腐蚀性的	0.1400	0.6180
腐败	0.0622	0.8235
胸花	0.5100	0.2940
皮质	0.4870	0.4310
可的松	0.4270	0.3950
克尔维特	0.5510	0.5200
化妆品	0.6950	0.3840
宇宙的	0.6630	0.5380
宇宙学	0.6510	0.4380
大都会	0.8230	0.5100
宇宙	0.7770	0.4660
成本	0.3650	0.4200
昂贵	0.3195	0.5950
婴儿床	0.6390	0.2350
科特	0.4390	0.3440
茅屋	0.4665	0.2875
棉	0.6390	0.0710
长椅	0.5940	0.0820
美洲狮	0.5265	0.6460
咳嗽	0.2550	0.6270
评议会	0.8750	0.2790
议员	0.5310	0.3670
法律顾问	0.5940	0.5190
辅导服务	0.6670	0.4800
计数	0.4685	0.3810
倒数	0.5575	0.6060
面容	0.6350	0.4400
计数器	0.4390	0.4780
抵消	0.5387	0.4330
反击	0.2810	0.9510
反诉	0.3980	0.7600
伪造	0.1060	0.6753
副本	0.4480	0.6080
对位	0.4380	0.5090
伯爵夫人	0.5620	0.4400
无数	0.5997	0.5233
国家	0.6460	0.4185
农村人	0.6730	0.4410
农村	0.7320	0.2880
县	0.4790	0.3680
政变	0.2750	0.8150
轿跑车	0.4790	0.4600
一对	0.8060	0.6050
耦合	0.6030	0.3825
优惠券	0.7040	0.3000
勇气	0.8300	0.7280
信使	0.6225	0.4085
培训班	0.7350	0.4120
窃喜	0.5420	0.4720
法庭	0.4247	0.7030
有礼貌	0.9320	0.3870
法院	0.4690	0.6065
求爱	0.6565	0.6095
场边	0.5920	0.3910
庭院	0.5325	0.3050
表姐	0.6750	0.3940
表兄弟	0.7600	0.4090
大聚会	0.4580	0.5780
盟约	0.5940	0.4620
盖	0.4275	0.2145
覆盖	0.5263	0.4746
贪图	0.3020	0.7790
令人垂涎	0.6610	0.7300
懦夫	0.1480	0.3920
怯懦	0.1330	0.6210
胆小	0.2145	0.3305
牛仔	0.5980	0.5345
女牛仔	0.5410	0.5660
牛皮	0.3750	0.3420
整流罩	0.4270	0.4500
郊狼	0.4590	0.4710
螃蟹	0.4210	0.3960
倔	0.1980	0.8120
裂纹	0.3145	0.6340
破解	0.2240	0.5200
能手	0.5335	0.6180
开裂	0.3270	0.5570
疯子	0.2280	0.7277
摇篮	0.7760	0.1940
手艺	0.7915	0.3470
工艺	0.6670	0.3800
匠	0.7190	0.3100
狡猾	0.4962	0.6763
克雷格	0.4480	0.4490
填满	0.3540	0.7300
临时抱佛脚	0.4060	0.7400
抽筋	0.1940	0.7960
狭窄	0.2500	0.4675
蔓越莓	0.7930	0.3300
蔓越莓汁	0.6220	0.3210
起重机	0.3960	0.4170
颅	0.3540	0.5100
颅骨	0.4390	0.4910
曲柄	0.4480	0.2750
胡思乱想的	0.1940	0.7760
裂缝	0.3546	0.4472
掷骰子	0.2290	0.5320
蹩脚的	0.0390	0.5820
紧急	0.2605	0.9120
愚钝的	0.2230	0.4900
箱	0.4270	0.1730
弹坑	0.4500	0.6470
渴望	0.6380	0.5770
虾	0.5250	0.3900
爬行	0.3125	0.6600
蜡笔	0.6440	0.3130
发狂	0.3438	0.7835
疯	0.1090	0.7565
吱吱作响	0.3020	0.7430
奶精	0.5940	0.1920
皱	0.3555	0.3440
创建	0.8037	0.5223
创作的	0.9170	0.5180
创造力	0.8230	0.6370
创造者	0.8650	0.5920
凭据	0.7350	0.3370
可信性	0.8750	0.4270
信用	0.6730	0.5490
信用卡	0.6700	0.5500
记	0.7810	0.3900
抵补	0.6730	0.5500
债权人	0.4790	0.5940
信条	0.6200	0.2890
爬行者	0.4290	0.5580
火葬	0.0840	0.6200
克里奥尔	0.6670	0.3570
绉	0.5620	0.2240
渐强	0.7600	0.5750
新月	0.6980	0.3820
波峰	0.4580	0.3330
垂头丧气	0.1695	0.5000
白痴	0.1400	0.6082
船员	0.6030	0.5890
蟋蟀	0.4230	0.5390
哭了	0.1600	0.6580
犯罪	0.1245	0.8415
刑事	0.1145	0.6975
波纹	0.3800	0.5050
赤红	0.6670	0.3850
低三下四	0.3420	0.5835
削弱	0.1030	0.3210
跛	0.0350	0.3580
瘫痪	0.1720	0.4825
危机	0.2080	0.8110
香脆	0.6560	0.5500
标准	0.5345	0.2765
评论家	0.4130	0.4740
危急	0.3120	0.8020
批评	0.1427	0.6427
批判	0.3020	0.7600
小动物	0.5420	0.5390
发牢骚	0.3010	0.4130
缸	0.3850	0.4120
陶器	0.5660	0.2373
克罗夫特	0.5310	0.4290
新月形面包	0.7450	0.3300
作物	0.6150	0.2600
门球	0.5510	0.5190
交叉	0.5035	0.4355
越野	0.5310	0.4410
弩	0.3440	0.5980
越过	0.4310	0.4900
交火	0.2345	0.9080
路口	0.4465	0.4450
人行横道	0.5570	0.4410
填字游戏	0.6110	0.4230
裆	0.5210	0.6370
蹲伏	0.2710	0.5175
蹲在	0.3330	0.3630
赌场上的总管人	0.5310	0.5190
乌鸦	0.2240	0.4390
撬棍	0.4060	0.5310
人群	0.4330	0.7867
挤	0.4813	0.4940
王冠	0.7080	0.5720
关键	0.5410	0.6570
十字	0.4290	0.4350
十字架	0.4690	0.4800
受难	0.1350	0.8570
钉死	0.1460	0.8780
原油	0.1980	0.4020
残忍	0.1220	0.8660
巡航	0.8130	0.5110
游轮	0.8780	0.6500
巡洋舰	0.7370	0.4900
屑	0.4170	0.2550
崩溃	0.3727	0.5810
摇摇欲坠	0.2135	0.7150
照出	0.1250	0.5310
紧缩	0.3400	0.5585
脆脆	0.6250	0.5600
十字军	0.4390	0.5880
粉碎	0.2330	0.6840
碎	0.1670	0.6470
破碎机	0.2710	0.7090
脆皮	0.5420	0.3370
硬皮	0.6250	0.5310
拐杖	0.3020	0.2940
症结	0.4775	0.4915
哭	0.1330	0.6270
哭泣的婴儿	0.3750	0.7020
隐窝	0.1560	0.4310
加密	0.5123	0.4057
水晶	0.6180	0.2700
晶	0.7650	0.2350
结晶	0.6000	0.4490
幼兽	0.6460	0.3820
玩具小屋	0.3540	0.3850
立方体	0.4635	0.2660
柜	0.4790	0.3430
乌龟	0.4415	0.3255
布谷鸟	0.4200	0.4590
黄瓜	0.4900	0.2350
偎	0.8850	0.5590
拥抱	0.9178	0.4717
球杆	0.5210	0.4330
袖口	0.5100	0.3235
扑杀	0.3650	0.7020
大成	0.6560	0.5860
有罪	0.1476	0.7140
罪魁祸首	0.0620	0.6760
礼拜	0.4480	0.5350
培育	0.7265	0.3940
耕	0.8370	0.3430
养殖	0.6250	0.3240
文化	0.7775	0.3470
培养的	0.6350	0.4290
涵洞	0.3370	0.3240
积云	0.5700	0.4330
屄	0.1350	0.6730
杯子	0.6150	0.1670
橱柜	0.5715	0.2295
杯形饼	0.6560	0.3330
拔罐	0.4900	0.6100
固化	0.7030	0.3050
策划	0.7260	0.4180
治病的	0.6670	0.3180
馆长	0.6880	0.3890
抑制	0.2532	0.5405
凝乳	0.5420	0.4420
治愈	0.7190	0.3770
宵禁	0.2190	0.6180
好奇心	0.7500	0.7550
好奇	0.4680	0.6185
卷曲	0.4840	0.5220
货币	0.5830	0.4560
当前	0.6250	0.3120
课程	0.7080	0.3060
咖喱	0.6330	0.3450
咒骂	0.1120	0.8600
走马	0.4230	0.4510
生硬的	0.2450	0.6100
缩短	0.2980	0.3847
削减	0.2450	0.5390
窗帘	0.6565	0.2005
屈膝礼	0.6350	0.4120
曲率	0.4170	0.3670
曲线	0.4800	0.4750
坐垫	0.6530	0.2210
轻松的	0.8230	0.2830
风口浪尖	0.6670	0.7100
坏话	0.3540	0.5380
倔强	0.1565	0.6635
卡仕达酱	0.6180	0.2600
保管的	0.4180	0.4620
保管人	0.5830	0.4763
保管	0.5735	0.4910
习惯	0.5885	0.3040
习惯性	0.7000	0.2530
顾客	0.5725	0.4405
定制	0.6250	0.5040
切	0.4900	0.4900
皮肤	0.4670	0.3600
可爱	0.8558	0.4617
表皮	0.3790	0.4050
短剑	0.2845	0.5390
刀具	0.5520	0.3000
隔断	0.4320	0.5100
切割机	0.3120	0.6920
杀手	0.0755	0.8765
切割	0.4480	0.3750
切板	0.3370	0.5400
插条	0.4790	0.3920
英担	0.5000	0.4100
氰化物	0.2290	0.6670
网络空间	0.6770	0.5940
周期	0.6350	0.4000
周期性	0.5130	0.3870
骑车人	0.6840	0.5820
气旋	0.4160	0.7960
圆筒	0.4590	0.3240
圆柱形	0.4580	0.2940
钹	0.5420	0.3630
犬儒	0.1350	0.6320
愤世嫉俗的	0.1560	0.7600
玩世不恭	0.1040	0.7800
囊肿	0.1730	0.5780
囊性	0.3140	0.4810
巨细胞病毒	0.1860	0.6570
细胞质	0.3780	0.4420
独裁者	0.2765	0.5540
轻拍	0.5100	0.3370
玩水	0.5500	0.5300
涉足	0.5620	0.7260
爸	0.8260	0.4060
守护进程	0.3330	0.4900
愚蠢的	0.2550	0.4360
匕首	0.2240	0.7970
日常	0.6530	0.3470
纤巧	0.6040	0.2840
代基里酒	0.6700	0.5190
乳制品	0.6330	0.2550
雏菊	0.5620	0.3670
戴尔	0.5400	0.3250
坝	0.2500	0.5530
损伤	0.2860	0.6600
破损	0.1040	0.6350
贵妇人	0.6940	0.4800
该死的	0.1565	0.6420
该死	0.1125	0.7600
潮湿	0.4195	0.4085
制音器	0.4590	0.3780
闺女	0.7190	0.4750
舞蹈	0.8940	0.8400
舞蹈家	0.7400	0.7680
跳舞	0.8850	0.8680
头皮	0.3725	0.3220
危险	0.0814	0.8904
吊着	0.3620	0.4690
短小精悍的	0.7700	0.5600
敢	0.6770	0.7880
胆大妄为	0.4290	0.7140
敢说	0.5400	0.4510
黑暗	0.1635	0.4970
变暗	0.2500	0.4710
暗室	0.1880	0.6270
暗面	0.1020	0.6900
宠儿	0.8850	0.3700
紩	0.1150	0.7650
镖	0.4170	0.6080
短跑	0.5615	0.4805
仪表板	0.5100	0.3710
虚线	0.2760	0.3930
潇洒	0.6235	0.6810
卑鄙	0.1605	0.7037
数据	0.5000	0.2500
数据库	0.6040	0.2860
日期	0.6040	0.2310
女儿	0.9080	0.4150
混日子	0.4635	0.4770
黎明	0.8270	0.2350
破晓	0.6940	0.4710
天	0.7625	0.2710
拂晓	0.8020	0.3580
日托	0.7760	0.4810
梦话	0.7500	0.3370
白日梦	0.7760	0.3600
阳光	0.8462	0.3910
白天	0.7500	0.3240
发呆	0.2963	0.6227
迷茫	0.3000	0.6970
炫	0.7300	0.7820
令人眼花缭乱	0.8540	0.8800
执事	0.5310	0.4300
死	0.0520	0.4540
饭桶	0.2290	0.4530
截止日期	0.2140	0.6150
最后期限	0.4060	0.7690
僵局	0.1700	0.4180
致命	0.1200	0.8080
聋	0.1555	0.3685
震耳欲聋	0.2810	0.8350
零售商	0.6793	0.4950
经销商	0.6215	0.4385
交易	0.6580	0.4943
院长	0.6120	0.4690
亲	0.7863	0.4207
亲爱的	0.9020	0.4270
缺乏	0.1815	0.4642
死亡	0.0937	0.6987
临终	0.0510	0.6520
死一般	0.0730	0.7710
贬值	0.2363	0.5715
值得商榷	0.1810	0.6100
辩论	0.4080	0.6910
放荡	0.2553	0.8000
衰弱	0.1250	0.4900
借方	0.3330	0.4000
听取汇报	0.2470	0.3430
述职	0.4270	0.5800
废墟	0.1953	0.5425
债务	0.2040	0.5980
债务人	0.2605	0.5730
登场	0.8060	0.6060
见过世面	0.7710	0.6270
十	0.5465	0.3310
衰落	0.2370	0.4550
颓废	0.2470	0.4195
无咖啡因	0.4800	0.3240
滗水器	0.4380	0.5670
田径十项全能运动	0.5730	0.7530
衰变	0.1430	0.3120
腐	0.0170	0.3750
死者	0.2297	0.5183
谎言	0.0900	0.7033
狡诈	0.0710	0.7880
欺骗	0.2167	0.6913
被骗	0.0590	0.6730
十二月	0.7400	0.5400
风化	0.5860	0.3630
正经	0.8230	0.2960
骗局	0.0900	0.7450
骗人的	0.0885	0.6895
决定	0.6510	0.5250
果断地	0.7500	0.4800
落叶	0.3850	0.3530
十进制	0.5070	0.2590
公寸	0.5200	0.2920
解码	0.4840	0.5700
决定性	0.7400	0.5090
甲板	0.4200	0.3330
宣言	0.6197	0.5587
宣示	0.6350	0.5820
下倾	0.2500	0.5490
下降	0.3010	0.3708
解码器	0.5620	0.3400
解压缩	0.4380	0.4300
减压	0.2080	0.5200
去污	0.6110	0.5380
装潢	0.8630	0.5480
减少	0.2361	0.3334
法令	0.4867	0.4517
减量	0.2550	0.4270
衰老	0.2713	0.3857
诽谤	0.2044	0.7043
解密	0.4590	0.4450
推断	0.4695	0.5000
扣除	0.3893	0.3593
契据	0.5200	0.3200
节目播音员	0.5510	0.6300
认为	0.6900	0.4685
深化	0.6250	0.5300
鹿	0.5830	0.3750
诽谤的	0.1000	0.7440
打败	0.2653	0.6100
失败主义	0.1630	0.5670
叛逃	0.1460	0.5940
叛逃者	0.1630	0.6960
保卫	0.6980	0.7220
辩护	0.6630	0.4510
辩护人	0.6390	0.7080
卫冕	0.6040	0.8710
防御	0.6520	0.6980
手无寸铁	0.1430	0.3570
可防御	0.7400	0.5090
防御性	0.5420	0.6400
延缓	0.3035	0.4465
尊重	0.7794	0.3828
延期	0.5355	0.4870
推迟	0.3295	0.4540
蔑视	0.1402	0.6112
目中无人	0.2500	0.7920
除颤器	0.3980	0.6630
不足	0.1530	0.3945
匮乏	0.2400	0.4640
赤字	0.3580	0.5000
定义	0.6215	0.2945
定	0.7080	0.2920
放气	0.2175	0.4700
打歪	0.1330	0.4910
偏转	0.1880	0.5000
摘花	0.1880	0.6900
变形	0.2527	0.5193
畸形	0.1215	0.5855
骗取	0.2420	0.6470
支付	0.5105	0.5990
除霜	0.4270	0.3170
麻利	0.7190	0.5750
停业	0.1120	0.4910
化解	0.1670	0.4800
违抗	0.3530	0.8840
简	0.1430	0.7200
退化	0.1740	0.5887
降解	0.0955	0.5955
降级	0.1250	0.4665
度	0.7240	0.3650
脱水	0.2490	0.5785
延迟	0.1960	0.5000
美味	0.8507	0.5237
代表	0.6895	0.4513
代表团	0.5620	0.4310
删除	0.2920	0.2980
有害	0.2000	0.7248
缺失	0.0620	0.5060
熟食店	0.5610	0.4480
商榷	0.5510	0.6540
审议	0.4765	0.6150
精巧	0.6040	0.3785
熟食	0.6560	0.4740
美味的	0.9270	0.6500
喜	0.9490	0.6660
欣喜的	0.9380	0.6640
愉快	0.9247	0.4980
勾画	0.4480	0.4300
划定	0.5210	0.4020
拖欠的	0.0510	0.9040
谵妄	0.2330	0.6940
交付	0.5830	0.3700
救出	0.7500	0.5200
交货	0.7040	0.4610
三角洲	0.5510	0.3430
骗	0.1430	0.6270
洪水	0.2265	0.7460
妄想	0.2815	0.6960
豪华	0.8422	0.6198
钻研	0.4690	0.5290
需求	0.4010	0.5560
严格	0.4314	0.7264
风度	0.6330	0.4330
痴呆	0.0920	0.7790
让位	0.1040	0.5960
演示	0.5663	0.4120
民主	0.6800	0.5000
民主党人	0.5820	0.4000
民主的	0.8020	0.5190
人口	0.5370	0.3895
拆除	0.2190	0.6875
恶魔	0.1515	0.7810
恶魔的	0.1460	0.8750
示范	0.6845	0.5295
示威者	0.5200	0.5980
士气低落	0.0820	0.5900
拘谨	0.6900	0.3150
推诿	0.2300	0.5090
否认	0.1540	0.5270
牛仔布	0.5200	0.3820
面值	0.4900	0.3630
宗派	0.3590	0.4905
分母	0.4500	0.4100
表示	0.5260	0.4783
声讨	0.0830	0.7800
稠密	0.3540	0.3430
密度	0.6020	0.4710
凹痕	0.3060	0.6060
牙齿	0.5730	0.4040
牙医	0.4215	0.6100
牙科	0.4290	0.5700
解约	0.1460	0.8300
拒绝	0.1279	0.6132
除臭剂	0.4800	0.2650
离开	0.3772	0.4592
部	0.6090	0.3520
部门	0.6120	0.4220
依靠	0.6000	0.4290
可信	0.8840	0.3450
依赖的	0.3555	0.4295
依赖	0.5077	0.4157
描绘	0.5765	0.5475
可悲	0.1695	0.6185
痛惜	0.1350	0.5750
部署	0.5193	0.5260
驱逐出境	0.1670	0.6670
免职	0.2860	0.4200
存款	0.5400	0.3790
沉积	0.3960	0.3875
仓库	0.6780	0.3100
堕落	0.0310	0.8370
萧条	0.0310	0.5200
抑郁	0.1430	0.4340
剥夺	0.2730	0.5690
深度	0.7080	0.5610
副	0.4220	0.5343
出轨	0.1080	0.8020
发疯	0.3760	0.8680
被遗弃	0.2080	0.4700
愚弄	0.2650	0.6700
求导	0.5210	0.5190
衍生物	0.5410	0.4910
派生	0.3960	0.3240
皮肤的	0.3850	0.4060
皮肤科医生	0.5310	0.3580
皮肤科	0.4220	0.5000
减损	0.2760	0.4490
贬	0.1220	0.5800
降落	0.4123	0.5443
后裔	0.6840	0.4200
降	0.2190	0.4930
描述	0.5620	0.4485
描述的	0.6670	0.3520
虚度	0.2550	0.8060
亵渎	0.1200	0.8115
沙漠	0.4690	0.2790
废弃的	0.1560	0.4800
逃兵	0.1220	0.7100
开小差	0.1220	0.6300
值得	0.8175	0.4680
应得	0.7810	0.5820
设计	0.7210	0.4047
指定	0.5997	0.5047
特定	0.5310	0.4070
设计师	0.8750	0.5190
合意	0.7400	0.7350
欲望	0.8960	0.6920
希望	0.8040	0.5319
断念	0.2200	0.3580
台	0.5100	0.1350
荒凉	0.1845	0.4255
绝望	0.1292	0.6173
派遣	0.4480	0.4000
恶棍	0.2472	0.7103
殊死	0.0830	0.8420
讨厌	0.1188	0.7446
沮丧	0.1590	0.5226
独裁	0.2550	0.6960
甜点	0.7550	0.4910
目的地	0.7080	0.4710
注定	0.3695	0.6085
命运	0.7253	0.5327
贫困	0.1370	0.4143
破坏	0.2245	0.6918
销毁	0.0360	0.7620
毁坏	0.0877	0.9003
分离	0.2825	0.6165
超脱	0.2800	0.3960
详情	0.5140	0.4060
详细	0.4767	0.4763
细节	0.5033	0.3240
扣留	0.3510	0.3450
被拘留者	0.3060	0.5100
检测	0.5050	0.5295
发现	0.7862	0.5804
侦探	0.4800	0.6985
探测器	0.4590	0.6300
拘留	0.2650	0.6980
洗涤剂	0.4580	0.3040
恶化	0.1382	0.5810
确定的	0.6300	0.3140
决心	0.7680	0.6265
威慑	0.1665	0.6840
憎恨	0.0830	0.8000
厌恶的人	0.1770	0.6370
起爆	0.3750	0.8500
引爆	0.1670	0.9310
雷管	0.2070	0.8750
車輛改道	0.3980	0.5390
损害	0.2810	0.5380
碎屑	0.2760	0.3530
两点	0.4790	0.3380
德国马克	0.4390	0.4310
蹂躏	0.1175	0.7755
满目疮痍	0.1200	0.5440
破坏性的	0.1040	0.8560
发展	0.8006	0.6074
开发人员	0.8440	0.6530
偏离	0.3007	0.6177
偏差	0.1050	0.5130
设备	0.6535	0.4495
魔鬼	0.1610	0.9000
缠着	0.3470	0.5590
没有	0.2190	0.4360
相传	0.3450	0.4340
下放	0.3670	0.4270
拥护者	0.8160	0.4610
信仰的	0.7400	0.3940
吞食	0.3440	0.8880
虔诚的	0.6200	0.3570
露	0.6040	0.2250
德克斯特	0.4580	0.4730
灵巧	0.7555	0.5300
葡萄糖	0.4475	0.3590
糖尿病	0.0510	0.4720
糖尿病患者	0.1250	0.2690
毒辣	0.1020	0.9120
诊断	0.4765	0.4858
对角线	0.5000	0.3430
图	0.5675	0.3735
拨号	0.6200	0.4270
方言	0.6350	0.4220
辩证法	0.5100	0.5400
对话	0.5990	0.4410
透析	0.1940	0.5670
直径	0.4270	0.2980
钻石	0.9185	0.6450
尿布	0.4690	0.3035
腹泻	0.0650	0.6880
日记	0.6980	0.2920
骰子	0.4580	0.4410
冒险的	0.2900	0.8330
二分法	0.3440	0.4670
迪克	0.2080	0.5000
迪克斯	0.3100	0.6940
听写	0.3675	0.4005
独裁的	0.2040	0.7700
专政	0.0820	0.8060
辞	0.4390	0.3730
字典	0.6200	0.2500
教导的	0.6450	0.4800
柴油机	0.4900	0.3270
饮食	0.4290	0.2350
膳食	0.6920	0.3405
不同	0.4674	0.4546
区别	0.3785	0.5520
分歧	0.3650	0.5820
微分	0.5200	0.3780
难	0.2350	0.7000
困难	0.0805	0.7620
扩散	0.3930	0.5230
消化	0.5977	0.4120
数字	0.5622	0.3047
凝重	0.7660	0.4810
褒	0.8540	0.5880
尊严	0.8075	0.3605
离题	0.2710	0.6250
挖	0.4480	0.6700
堤	0.5185	0.4110
残破	0.2290	0.6180
扩张	0.5027	0.5607
假阳具	0.5360	0.5870
困境	0.3430	0.5710
勤勉	0.6880	0.4230
勤奋	0.7600	0.4260
莳萝	0.4270	0.3600
冲淡	0.4170	0.3440
稀	0.3720	0.2510
稀释	0.4450	0.3370
暗淡	0.3980	0.3210
十分钱	0.6530	0.3170
尺寸	0.5615	0.3755
尺寸的	0.5610	0.4840
缩减	0.3160	0.2960
爱称	0.3230	0.2000
用餐	0.7725	0.4345
餐车	0.6430	0.3020
小艇	0.5100	0.2690
野狗	0.6080	0.4720
灰溜溜	0.1560	0.4830
极小	0.3570	0.4510
晚餐	0.7655	0.4105
晚餐时间	0.7960	0.4060
恐龙	0.4480	0.6300
力	0.4950	0.6150
西洋镜	0.5920	0.4410
二氧化碳	0.3540	0.4330
蘸	0.5160	0.5830
文凭	0.7500	0.4620
外交	0.6965	0.3795
外交官	0.5630	0.2620
杓	0.5480	0.3610
昏头昏脑的	0.4300	0.4020
试纸	0.3650	0.3120
直接	0.7140	0.5165
针对	0.5417	0.4823
方向	0.6930	0.3920
指示	0.6180	0.4760
直	0.7470	0.4000
导向器	0.6880	0.5800
污垢	0.1530	0.5460
脏	0.1295	0.4945
失能	0.0730	0.4820
禁用	0.1150	0.4300
残	0.3080	0.4430
坏处	0.1500	0.3770
抱不平的	0.1760	0.4100
不同意	0.1940	0.6165
不愉快	0.0853	0.6345
异议	0.2503	0.6217
不允许	0.1597	0.4943
消失	0.2100	0.5270
失望	0.0930	0.4810
令人失望	0.0730	0.6400
不赞成	0.1485	0.5800
撤防	0.2920	0.5280
弄乱	0.1980	0.6570
惨重	0.1085	0.6905
解散	0.2530	0.4775
怀疑	0.1850	0.5185
支出	0.3027	0.5080
圆盘	0.6220	0.4100
丢弃	0.2363	0.4223
辨别	0.4590	0.5660
可识别的	0.4270	0.4410
挑剔的	0.5420	0.5840
法眼	0.4080	0.4710
卸货	0.4270	0.5380
弟子	0.7650	0.3850
纪律	0.6450	0.5215
学科	0.6085	0.4075
透露	0.4900	0.5700
披露	0.2710	0.5750
泄露	0.5155	0.6665
迪斯科	0.7100	0.8060
变色	0.2240	0.3730
脱色的	0.2040	0.3400
不舒服	0.1705	0.6645
不安	0.2283	0.7223
令人不安	0.1060	0.5490
断开	0.2870	0.3107
断开的	0.2920	0.2760
牢骚	0.2910	0.5615
中止	0.3540	0.3960
中断	0.2092	0.5523
间断	0.2570	0.4840
不和	0.1150	0.8820
折扣	0.7240	0.5300
打折	0.6770	0.4710
不鼓励	0.1840	0.4430
灰心	0.1865	0.3235
令人沮丧	0.0885	0.4110
演讲	0.5353	0.4947
扫地	0.1120	0.4910
差异	0.3445	0.6290
离散的	0.5850	0.2310
慎重	0.5520	0.3200
酌	0.5200	0.3650
辨析	0.1250	0.7610
鉴别	0.1600	0.7830
铁饼	0.5420	0.4230
讨论	0.3645	0.8055
疾病	0.0777	0.6533
脱离现实	0.1670	0.6200
解开	0.4334	0.5134
解脱	0.4345	0.4415
毁容	0.1530	0.6130
耻辱	0.0605	0.6005
灰头土脸	0.0710	0.6610
可耻	0.0610	0.6910
不满	0.1120	0.6330
厌恶的	0.0510	0.7730
碟	0.5520	0.2550
不诚实	0.1425	0.5415
羞辱	0.0805	0.6905
不名誉的	0.1120	0.6410
洗碗机	0.4800	0.2960
幻灭	0.0510	0.5190
不愿	0.1250	0.4910
几个不愿意	0.4580	0.4540
懒得	0.3850	0.4420
消毒	0.4570	0.4847
消毒剂	0.5310	0.4290
造谣	0.2300	0.5770
不诚实的	0.1940	0.5090
瓦解	0.1890	0.6975
解体	0.0940	0.5510
无私	0.5113	0.2907
不相交的	0.3510	0.3850
脱节	0.3230	0.5180
析取	0.2860	0.4810
磁盘	0.5730	0.4230
软盘	0.5400	0.2775
不喜欢的	0.0620	0.5100
不喜欢	0.1630	0.6370
脱臼	0.1250	0.6250
错位	0.2103	0.5087
打跑	0.2140	0.7690
不忠的	0.0620	0.5820
不忠实	0.1870	0.7160
惨淡	0.1940	0.4500
支解	0.1040	0.8600
解雇	0.2350	0.5337
不屑一顾	0.1880	0.5410
下马	0.3610	0.4230
不服从	0.0510	0.8680
忤	0.2760	0.7060
违	0.1430	0.5560
紊乱	0.1150	0.8160
乱	0.2240	0.6915
杂乱无章	0.0520	0.5070
迷失方向	0.1950	0.5575
认	0.1530	0.6370
贬损	0.0920	0.6630
差距	0.2080	0.4820
调度	0.3170	0.4170
调度员	0.3650	0.7040
打消	0.3880	0.4020
药房	0.4060	0.3800
发放	0.6400	0.4500
饮水机	0.5830	0.3920
分散	0.3212	0.5580
顶替	0.4240	0.5410
流离失所	0.2810	0.4720
移位	0.2760	0.5310
显示	0.6750	0.5480
得罪	0.0575	0.7530
不快	0.1350	0.6900
一次性	0.2710	0.4390
处置	0.4115	0.5245
性格	0.6630	0.5420
一无所有	0.3540	0.5770
驳斥	0.2645	0.5720
取消资格	0.0975	0.5705
资格	0.4920	0.5855
漠视	0.1770	0.6470
忽视	0.2030	0.3440
嫌	0.3750	0.4710
不名誉	0.1040	0.6880
蒙羞	0.2080	0.6300
谩	0.0620	0.6370
不恭	0.0310	0.6940
妨害	0.1695	0.5285
破坏性	0.2550	0.7550
不满意	0.1198	0.5728
解剖	0.3215	0.6910
传播	0.5046	0.6126
纠纷	0.3020	0.5815
不同意的	0.2080	0.5520
论文	0.4997	0.5213
帮倒忙	0.2500	0.7940
持不同政见	0.3500	0.5820
相异	0.2760	0.4610
消散	0.3330	0.3945
离解	0.1350	0.5550
分离性	0.2810	0.6150
溶解	0.2710	0.4900
不和谐	0.1915	0.5720
劝阻	0.4820	0.5000
远端	0.4100	0.4010
距离	0.2330	0.3170
遥远	0.2760	0.4170
令人反感	0.2783	0.5693
馏分	0.5000	0.3470
蒸馏	0.4115	0.5045
分别	0.4470	0.4680
独特	0.8540	0.4335
区分	0.5105	0.4645
可分辨	0.6350	0.5300
杰出的	0.8230	0.5930
歪曲	0.1133	0.6003
扭曲	0.2210	0.6290
失真	0.2990	0.5700
转移	0.3102	0.6218
分心	0.3195	0.4875
苦难	0.2223	0.6100
苦恼	0.1550	0.6990
令人痛心	0.0750	0.7500
分发	0.6430	0.5960
打扰	0.1750	0.7600
骚乱	0.1510	0.9280
烦扰的	0.1460	0.7920
废弃	0.2395	0.2655
沟	0.3930	0.5620
同上	0.4490	0.4180
短诗	0.4700	0.4330
昼夜	0.7140	0.2960
耍大牌	0.6600	0.6570
潜水	0.4945	0.4950
潜水员	0.5885	0.5500
发散	0.4330	0.6365
多种	0.5310	0.4900
多元化	0.6020	0.5380
多样化	0.6560	0.5880
导流	0.7400	0.8210
声东击西	0.5510	0.5870
多样	0.8060	0.4720
分流	0.3687	0.5013
剥离	0.3177	0.5370
撤资	0.3020	0.5090
划分	0.4740	0.4945
分为	0.2710	0.6230
股利	0.5830	0.4910
卜筮	0.5000	0.6500
神圣	0.8303	0.4820
神	0.8270	0.5385
整除	0.3230	0.4620
师	0.3700	0.4810
除数	0.3440	0.5170
离婚	0.0975	0.6550
瓜分	0.3510	0.4620
头晕	0.2887	0.6613
做	0.6700	0.5480
可行	0.6967	0.3852
温顺	0.5675	0.2045
码头	0.5360	0.3520
停靠	0.2810	0.7540
案卷	0.5050	0.5090
对接	0.3540	0.5960
医生	0.7000	0.5310
博士学位	0.7760	0.4790
教义	0.5050	0.3835
文件	0.5807	0.2740
记录	0.5823	0.3903
躲闪	0.3330	0.7600
孱	0.4270	0.4540
躲着	0.3960	0.6540
躲闪的	0.2810	0.5100
渡渡鸟	0.4380	0.3060
母鹿	0.5500	0.3360
实干家	0.7240	0.5500
狗	0.5683	0.4503
狗脸	0.2190	0.4700
狗窝	0.4340	0.4485
教条	0.5300	0.4600
武断的	0.4480	0.5200
道场	0.5000	0.4350
低迷	0.2290	0.4250
悲	0.2500	0.3450
娃娃	0.7290	0.3210
美元	0.7550	0.6320
玩具屋	0.6430	0.2450
海豚	0.7760	0.3500
域	0.5730	0.5490
拱顶	0.5550	0.3880
家	0.7445	0.3150
驯化	0.5940	0.3900
居籍	0.5420	0.3400
霸主地位	0.5420	0.7750
支配	0.5215	0.5470
主导	0.5470	0.6445
统治	0.6555	0.6765
母夜叉	0.3900	0.7270
主权	0.6305	0.6165
骨牌	0.5940	0.5100
不要	0.6460	0.4540
捐	0.7740	0.4620
捐款	0.7920	0.3980
驴	0.2970	0.5295
捐赠者	0.7140	0.4900
涂鸦	0.5930	0.5175
厄运	0.2050	0.6660
末日	0.1250	0.8610
门	0.5295	0.2120
门铃	0.5640	0.5000
门把手	0.4060	0.5530
看门人	0.5400	0.4305
门垫	0.4580	0.2690
门钉	0.4590	0.3700
门阶	0.5310	0.2740
门口	0.5730	0.3040
多巴胺	0.5480	0.4690
涂料	0.4810	0.5990
呆笨的	0.3200	0.3800
学究气	0.3020	0.4800
宿舍	0.6103	0.2993
休眠	0.3850	0.2450
背	0.4490	0.3600
剂量	0.4340	0.4467
卷宗	0.3570	0.3800
点	0.4785	0.2525
溺爱的	0.8880	0.4150
疯疯癫癫	0.3750	0.4020
双	0.6250	0.3540
翻倍	0.4270	0.5360
成对的东西	0.4200	0.4310
加倍	0.4590	0.4520
疑	0.2370	0.5125
毫无疑问，	0.6880	0.4150
疑惑	0.3060	0.4480
灌洗	0.5525	0.4400
面团	0.5880	0.2290
空间Doughboy	0.3650	0.4430
甜甜圈	0.6630	0.3800
严厉	0.3600	0.4040
扑灭	0.3025	0.5145
鸽子	0.7085	0.2295
下	0.3060	0.2830
唐纳	0.1200	0.5940
倒台	0.2000	0.7170
前冲	0.5210	0.3300
消沉	0.1190	0.4610
下坡	0.2920	0.5730
下载	0.6020	0.4900
瓢泼大雨	0.3280	0.6020
彻头彻尾	0.6250	0.4540
下游	0.5420	0.4690
缺点	0.1925	0.3850
停机	0.2400	0.2260
向下	0.1880	0.3470
柔和的	0.6300	0.1700
嫁妆	0.6040	0.4530
瞌睡	0.5920	0.2000
打	0.5830	0.3430
单调	0.3370	0.2255
草案	0.4515	0.3025
通风良好	0.4580	0.5000
拖动	0.3880	0.6060
龙	0.5410	0.8210
蜻蜓	0.5710	0.3730
排水	0.3070	0.4330
引流	0.2190	0.3540
倒掉	0.3100	0.4410
排水管	0.4170	0.4130
鸭	0.5305	0.3740
戏剧	0.6147	0.6613
戏剧性	0.3670	0.7800
悬垂	0.5575	0.5970
布料	0.4790	0.2200
激烈	0.4402	0.8340
画	0.7040	0.4490
退税	0.3020	0.4220
吊桥	0.5510	0.5570
抽屉	0.4840	0.2280
画画	0.6980	0.2160
恐惧	0.1883	0.7605
可怕的	0.0774	0.8171
梦想	0.7607	0.4100
梦中情人	0.7760	0.4910
梦想家	0.8200	0.3940
做梦	0.8540	0.3200
梦境	0.8440	0.4710
梦	0.8650	0.4150
梦见	0.8120	0.3800
梦想的	0.8370	0.3500
凄凉	0.2600	0.4900
疏通	0.4270	0.4450
湿透	0.3020	0.3610
连衣裙	0.7600	0.3000
梳妆台	0.6040	0.3980
裁缝	0.6020	0.3180
考究	0.8000	0.5700
干	0.4683	0.2067
干燥剂	0.3060	0.3470
漂移	0.3160	0.5200
漂流	0.3120	0.5420
漂泊	0.4490	0.5120
浮木	0.3210	0.2830
钻头	0.2500	0.6020
喝	0.6060	0.5055
酒徒	0.3650	0.7350
滴	0.3920	0.1930
滴水	0.3020	0.2570
驾驶	0.5470	0.5895
车道	0.5305	0.4410
细雨	0.5210	0.3530
无人驾驶飞机	0.4135	0.6315
流口水	0.3675	0.3865
下垂	0.3015	0.4788
水滴	0.6250	0.2080
滴管	0.3330	0.2160
淹	0.0710	0.8600
睡意	0.2600	0.1940
昏昏欲睡	0.3750	0.1800
药物	0.2140	0.7900
毒品交易	0.0420	0.8430
迷药	0.1020	0.7500
毒品	0.1670	0.7500
药店	0.5105	0.3400
德鲁伊	0.5170	0.4450
鼓	0.6150	0.6790
鼓手	0.6460	0.7000
鼓声	0.5940	0.7500
醉	0.2240	0.7863
酒后驾车	0.0730	0.9000
酒鬼	0.3165	0.7050
酒醉	0.2140	0.7740
烘干机	0.4790	0.3430
干燥	0.2920	0.2960
二元论	0.4900	0.4060
二元性	0.4380	0.5200
配音	0.5100	0.4800
可疑	0.2835	0.6125
公爵夫人	0.6560	0.5480
回避	0.3310	0.5320
小鸭	0.6020	0.3530
鸭子	0.5200	0.4300
管	0.4693	0.3513
韧性	0.6000	0.5650
无用的人	0.1670	0.4550
应有	0.5620	0.3400
决斗	0.2710	0.6960
税	0.3135	0.4710
双人	0.6940	0.6930
一种粗呢	0.5000	0.4000
咄	0.3570	0.4610
公爵	0.6670	0.4400
哑	0.1880	0.3300
哑铃	0.3020	0.4690
假	0.1975	0.4627
倾倒	0.3450	0.5000
饺	0.5800	0.3210
转储	0.3020	0.5830
垃圾箱	0.2290	0.4180
逼债	0.4580	0.4310
蠢货	0.1880	0.3270
沙丘	0.4590	0.1730
地牢	0.2760	0.6080
泡	0.4060	0.3330
二人	0.5100	0.5000
双工	0.5920	0.4520
重复	0.4270	0.4896
表里不一	0.4060	0.5000
耐久力	0.7500	0.3980
耐用	0.7400	0.2940
持续时间	0.6560	0.3700
黄昏	0.5110	0.3560
昏暗	0.2290	0.5280
灰尘	0.3440	0.2460
掸	0.4080	0.2650
簸箕	0.6090	0.4660
尘土飞扬	0.4060	0.2940
忠实的	0.7240	0.2450
矮人	0.3700	0.3400
所绘	0.3650	0.2650
呆子	0.3435	0.4590
住	0.5975	0.2575
居住者	0.6150	0.3040
住宅	0.6795	0.3350
染料	0.4790	0.3140
垂死	0.0615	0.5760
堤防	0.4380	0.3960
动态	0.7240	0.7500
动力	0.7005	0.7515
动力学	0.7450	0.6820
炸药	0.3440	0.8600
发电机	0.6175	0.6090
王朝	0.7250	0.5880
痢	0.2600	0.5280
功能障碍	0.1560	0.4100
功能失调	0.1250	0.5580
消化不良	0.2080	0.5400
急于	0.5210	0.8120
鹰	0.5935	0.5620
耳	0.4690	0.2160
大发牢骚	0.5330	0.4620
伯爵	0.5820	0.4610
早	0.6330	0.3730
赚	0.8650	0.7690
认真	0.6530	0.3800
语重心长	0.8120	0.3730
收益	0.8075	0.5600
听筒	0.5050	0.3315
耳环	0.6295	0.4330
听不到	0.5520	0.3320
地球	0.7550	0.2700
世人	0.5310	0.4120
俗世的	0.6250	0.3180
地震	0.1687	0.8930
泥土的	0.3750	0.4130
缓解	0.6636	0.3346
画架	0.6940	0.3400
容易	0.7285	0.3610
东	0.5155	0.3350
东行	0.5410	0.4080
简单	0.7312	0.2085
随和	0.7815	0.3390
吃	0.6790	0.4427
落潮	0.3540	0.4510
乌木	0.4900	0.3170
热情洋溢	0.6590	0.8560
偏心	0.4530	0.5930
怪癖	0.4080	0.7350
梯队	0.4900	0.4040
松果	0.5920	0.4180
回声	0.5730	0.3730
不拘一格	0.6460	0.5420
蚀	0.5410	0.4690
黄道	0.5310	0.5200
生态	0.8850	0.2900
经济	0.6037	0.4687
经济学	0.6250	0.4810
生态系统	0.7290	0.2590
狂喜	0.7960	0.9220
欣喜若狂	0.8750	0.7690
涡流	0.5393	0.5000
浮肿	0.2500	0.5190
前卫	0.2810	0.8950
食用	0.7500	0.4250
熏陶	0.6250	0.4810
大厦	0.6990	0.4465
编辑	0.6287	0.4150
版	0.5730	0.4390
社论	0.5830	0.3300
教育	0.7460	0.3723
博学	0.7675	0.3655
教育性	0.6640	0.4385
教育家	0.8270	0.3170
伊克	0.2920	0.5290
鳗鱼	0.2920	0.5640
怪异	0.2650	0.7710
有效	0.7290	0.4887
效用	0.6310	0.5270
效果	0.4700	0.5780
有效的	0.7995	0.6285
有效地	0.7240	0.5000
招致	0.4110	0.6345
柔弱的	0.3370	0.6190
功效	0.8020	0.4900
效率	0.8020	0.5090
高效	0.9590	0.6040
肖像	0.6033	0.3360
功夫	0.6980	0.7780
毫不费力	0.6260	0.0900
积液	0.3440	0.7300
蛋	0.6840	0.2410
理论家	0.3160	0.4920
蛋酒	0.6350	0.3600
茄子	0.5920	0.1520
蛋壳	0.4080	0.2690
自我	0.3280	0.5760
自大狂	0.1330	0.7080
过分的	0.1500	0.7160
出口	0.5594	0.4944
八	0.5400	0.1990
十八	0.5230	0.3400
第八	0.5310	0.2260
八十	0.5000	0.3000
射出	0.6040	0.8960
射精	0.6150	0.8930
喷射	0.5230	0.6885
喷出	0.2970	0.6480
阐述	0.5690	0.4807
过去	0.5165	0.4253
弹	0.4530	0.6830
弹性	0.5693	0.4773
高昂	0.6433	0.8927
弯头	0.4480	0.1330
高龄	0.4710	0.2920
长老	0.5250	0.2065
老年	0.5470	0.2295
最年长	0.6250	0.4710
选	0.5785	0.5925
选举	0.6250	0.5190
选修	0.6120	0.3800
电动	0.4945	0.6640
电动滑梯	0.5420	0.6600
电工	0.4490	0.5900
电力	0.6980	0.8100
通电	0.6560	0.7895
触电	0.2710	0.7310
电刑	0.1770	0.8440
电磁	0.5310	0.6320
电子	0.5455	0.4725
电子产品	0.7080	0.5450
元件	0.5310	0.2590
元素	0.6270	0.3060
初级	0.6145	0.3145
分子	0.5065	0.3320
象	0.5310	0.5100
提升	0.7463	0.5917
提高的	0.7040	0.5940
海拔	0.7600	0.7590
电梯	0.6330	0.5610
十一	0.4490	0.2500
第十一	0.5940	0.3290
小精灵	0.5110	0.4970
引出	0.4060	0.5940
合格	0.7550	0.4600
原种	0.6880	0.7040
精英	0.5000	0.6060
酏	0.7080	0.5870
麋鹿	0.4390	0.3370
埃尔	0.4690	0.4180
椭圆	0.4740	0.3450
省略	0.4267	0.3087
椭球	0.5000	0.4400
椭圆的	0.4190	0.4080
榆树	0.5100	0.3450
拉长	0.5830	0.3850
伸长	0.5610	0.5000
私奔	0.3960	0.6940
口才	0.7290	0.4900
雄辩	0.8700	0.6800
阐发	0.5830	0.5090
难以捉摸	0.2290	0.6150
瘦弱	0.1030	0.5410
电子邮件	0.6980	0.2300
发出	0.6530	0.4640
解放	0.7808	0.6360
从事	0.6560	0.6730
阻碍	0.1931	0.5979
困窘	0.1430	0.6850
大使馆	0.6220	0.3330
四面楚歌	0.2350	0.7240
嵌	0.4170	0.5540
润	0.8420	0.5000
点缀	0.6730	0.4490
余烬	0.4900	0.4810
侵占	0.1430	0.8270
贪污分子	0.1460	0.8230
徽	0.6400	0.3300
象征	0.6688	0.3806
实施例	0.5620	0.6900
栓塞	0.1040	0.6600
压花	0.5310	0.4810
绣花	0.6770	0.2790
刺绣	0.7810	0.3580
卷入	0.3370	0.7210
胎	0.4948	0.3800
胚胎	0.5730	0.4530
司仪	0.6940	0.5770
翠	0.7400	0.3630
紧急情况	0.2760	0.8570
退休	0.3878	0.3443
砂	0.5255	0.4310
移民	0.4318	0.7074
隆起	0.8160	0.6440
杰出	0.7065	0.5850
突出地	0.6940	0.6070
使者	0.5465	0.4185
排放	0.5100	0.4530
情感	0.6930	0.8730
情绪化	0.7790	0.7140
感情的	0.9170	0.7410
感情移入的	0.7600	0.5700
皇帝	0.6510	0.7040
重点	0.6530	0.7450
注重	0.5100	0.6050
语调强的	0.6150	0.7070
气肿	0.1560	0.5560
帝国	0.6785	0.6880
经验	0.7067	0.5917
经验主义	0.5830	0.4600
雇员	0.5820	0.3610
雇主	0.6630	0.5180
雇用	0.7500	0.5940
商场	0.6220	0.5560
皇后	0.7160	0.6690
空虚	0.1560	0.1680
优先购买权	0.5700	0.4060
空	0.1880	0.1830
鸸	0.4200	0.3580
仿真	0.4380	0.3400
乳胶	0.5620	0.4310
制定	0.7655	0.5100
设定	0.6670	0.6120
搪瓷	0.5940	0.2800
扎营	0.6770	0.5730
蛊惑	0.8730	0.6500
入迷	0.8645	0.6735
妖娆	0.7950	0.7000
女巫	0.3980	0.6630
安吉拉卷	0.5420	0.5530
包围	0.4850	0.4340
飞地	0.5310	0.3330
括	0.5310	0.4770
环绕	0.5310	0.4605
遭遇	0.8650	0.7020
鼓励	0.9047	0.6607
鼓舞人心的	0.8230	0.5830
侵犯	0.2785	0.7390
累赘	0.3000	0.5210
百科全书	0.6790	0.3200
结束	0.2500	0.4245
茶几	0.5410	0.4800
危害	0.1537	0.8285
濒危	0.0830	0.8850
优胜	0.6630	0.4340
努力	0.6295	0.7960
流行	0.6495	0.5265
结束游戏	0.4490	0.5380
结尾	0.3440	0.3650
无穷	0.5290	0.5013
心内膜炎	0.2350	0.5870
背书	0.8340	0.3600
赋予	0.6840	0.3980
天赋	0.7997	0.5650
扉页	0.5420	0.4000
端点	0.3110	0.4100
耐力	0.6280	0.7195
忍受	0.3200	0.6100
持久	0.6763	0.5010
灌肠剂	0.2810	0.6730
敌人	0.1030	0.8105
有活力	0.8470	0.8680
能源	0.9440	0.7250
实施者	0.3980	0.6120
订婚	0.8715	0.5915
产生	0.5610	0.7410
发动机	0.5730	0.5975
工程师	0.7190	0.5000
工程	0.7350	0.4710
刻	0.5420	0.3750
雕刻机	0.5520	0.4170
全神贯注	0.5310	0.6035
引人入胜	0.6980	0.7020
吞噬	0.3980	0.5730
提高	0.7851	0.6082
谜	0.5130	0.7000
责成	0.4375	0.6120
请享用	0.9590	0.7250
其乐融融	1.0000	0.4810
享受	0.9190	0.6855
开导	0.7290	0.5490
开明	0.9560	0.5660
启发	0.9033	0.6860
招募	0.5100	0.3700
巨大	0.6858	0.7330
生气	0.2142	0.7436
注册	0.6617	0.4390
合奏	0.6970	0.4180
军旗	0.6630	0.2700
奴役	0.1283	0.6613
接踵而至	0.6980	0.3630
确保	0.7370	0.4060
意味着	0.5130	0.6500
纠缠	0.2310	0.6790
纠葛	0.3020	0.7650
输入	0.6587	0.4357
进取	0.8650	0.7840
招待	0.9180	0.6840
封盘	0.9020	0.6440
艺人	0.8880	0.7090
如醉如痴	0.6325	0.5770
爱好者	0.8670	0.8100
诱惑	0.5338	0.8402
整个	0.6710	0.4095
整体	0.6603	0.3945
有权	0.7290	0.3330
实体	0.5420	0.4020
昆虫学	0.4380	0.3960
随行人员	0.4910	0.5670
腑脏	0.3650	0.5380
入口	0.6980	0.3930
滞留	0.1770	0.6040
主菜	0.6150	0.4770
企业家	0.8850	0.7040
委托	0.6930	0.3100
条目	0.5520	0.3530
枚举	0.5210	0.3900
列举	0.5480	0.3270
信封	0.6040	0.2750
环境的	0.6330	0.3130
预见	0.5955	0.4050
酶	0.5620	0.2770
短暂的	0.4827	0.3890
史诗	0.8570	0.7130
疫情	0.0920	0.8300
硬膜外	0.3470	0.4520
癫痫	0.1035	0.8240
结语	0.5820	0.3530
顿悟	0.6250	0.5960
插曲	0.5527	0.3990
情节	0.5000	0.5545
书信	0.6040	0.4170
墓志铭	0.2760	0.3230
称号	0.5300	0.3940
缩影	0.5050	0.5000
时代	0.5840	0.3750
等于	0.7810	0.1780
平等	0.8980	0.3050
均衡器	0.6040	0.4510
等同	0.7240	0.3820
方程	0.4790	0.3840
赤道	0.5500	0.2865
骑马的	0.6330	0.5190
等距离	0.3750	0.4060
装备	0.6500	0.5190
公平	0.7645	0.3660
等价	0.6630	0.2500
当量	0.6460	0.3470
根除	0.2340	0.7390
抹去	0.2400	0.2600
橡皮	0.4580	0.2090
擦除	0.2810	0.3600
直立	0.6550	0.6290
勃起	0.5910	0.8260
侵蚀	0.2600	0.7065
好色之徒	0.4530	0.8730
黄色书刊	0.7810	0.8700
呃	0.1460	0.6600
使命	0.3850	0.5190
对不按	0.2050	0.6020
不稳定的	0.2710	0.5030
误排	0.3270	0.5280
爆发	0.1880	0.8200
喷发	0.1560	0.9130
凯雷德	0.4800	0.7240
升级	0.6700	0.6737
不断升级	0.6460	0.7240
自动楼梯	0.5000	0.5300
逃逸	0.3670	0.7650
逃脱	0.4480	0.7940
断崖	0.4060	0.5530
避	0.1840	0.4380
护送	0.7290	0.4800
第三方托管	0.4490	0.5200
食管	0.4290	0.4540
深奥	0.5000	0.6760
间谍	0.2997	0.7743
浓咖啡	0.6770	0.6200
男性尊称	0.6040	0.5420
散文家	0.6560	0.4600
本质	0.5610	0.3755
必要	0.6604	0.4344
实质上	0.6720	0.4470
既定	0.7960	0.3940
编制	0.6900	0.3980
房地产	0.6530	0.3850
尊敬	0.7622	0.4963
审美的	0.6350	0.3600
难能可贵	0.7960	0.4080
估计	0.7007	0.4563
禁止反言	0.3540	0.4590
雌激素	0.5505	0.5540
蚀刻	0.5385	0.4290
永恒	0.6757	0.4657
乙醇	0.3330	0.4100
醚	0.4900	0.3060
空灵	0.5200	0.4190
伦理	0.7220	0.2780
合乎道德的	0.8540	0.3240
民族	0.5830	0.3730
民族志	0.5710	0.3730
词源	0.5310	0.3700
桉树	0.6020	0.3080
尤卡朴克	0.4700	0.4590
优生学	0.4480	0.5300
歌功颂德	0.7400	0.6230
讴歌	0.8500	0.5180
颂	0.5937	0.4197
婉辞	0.4180	0.4530
欣快症	0.7690	0.9550
欣快	0.7450	0.9040
欧元	0.6800	0.4410
安乐死	0.2290	0.7160
撤离	0.3540	0.7920
疏散	0.1840	0.5675
逃避	0.2665	0.5000
评测	0.5420	0.6670
伊凡塞斯	0.5270	0.5190
福音	0.6710	0.3610
传道	0.5920	0.4720
福音书作者的	0.6600	0.3750
蒸发	0.4565	0.4075
逃避的	0.1170	0.5960
前夕	0.6120	0.3780
晚间	0.4580	0.1850
事件	0.4917	0.6213
多事	0.5430	0.8370
最终	0.5553	0.5280
可能性	0.6436	0.4828
常绿	0.7290	0.4710
永恒的	0.7400	0.4130
永	0.5935	0.4615
每天	0.7400	0.3920
每个人	0.5220	0.3330
赶出	0.1135	0.6815
证据	0.4740	0.5205
明显	0.5757	0.4560
邪恶	0.1440	0.7268
唤起	0.4380	0.3410
演化	0.7810	0.6570
发展的	0.7960	0.6730
母羊	0.4290	0.2160
精确	0.7430	0.3810
夸大	0.2327	0.7790
夸张的	0.2240	0.8850
夸张	0.3905	0.6480
捧	0.6560	0.7500
崇高的	0.6760	0.8450
考试	0.4790	0.6630
检查员	0.4120	0.5775
例	0.5445	0.3935
恼怒	0.2140	0.8330
挖掘	0.5167	0.6307
挖掘机	0.4270	0.6730
超过	0.5197	0.6823
超额	0.5000	0.8020
高强	0.5610	0.3630
卓越	0.9190	0.5965
优秀	0.8913	0.6957
精益求精	0.7000	0.6250
除外	0.4080	0.4130
例外	0.4690	0.6000
摘抄	0.4370	0.3670
过量	0.2475	0.8545
过多	0.5315	0.6665
过分地	0.4490	0.8820
交换	0.6460	0.5345
摘除	0.4480	0.5610
刺激性	0.5050	0.9110
兴奋	0.8670	0.9443
励磁	0.7920	0.9580
激发	0.8230	0.9500
扣人心弦	0.9500	0.7920
喊叫	0.4410	0.7310
感叹	0.3840	0.5675
排除	0.2394	0.5344
独家	0.7920	0.6300
粪便	0.2480	0.4517
排泄	0.2850	0.6500
短途旅行	0.6250	0.7140
借口	0.2400	0.6960
刽子手	0.1940	0.8465
行政人员	0.7040	0.4490
执行者	0.3650	0.7550
模范	0.6670	0.4840
例证	0.7350	0.5060
豁免	0.5595	0.5165
行使	0.7500	0.7890
发挥	0.5865	0.7550
用力	0.6630	0.7550
呼	0.5420	0.4900
排气	0.5460	0.7100
累	0.1240	0.3700
衰竭	0.3660	0.6330
展示	0.6550	0.5865
展览	0.6980	0.5900
令人振奋	0.8440	0.6855
不亦乐乎	0.7920	0.8680
讲道	0.5230	0.4963
发掘	0.1805	0.6065
流亡	0.1840	0.6300
存在	0.7418	0.4730
现有	0.8020	0.3440
出埃及记	0.2860	0.6630
驱魔	0.1630	0.9800
祓魔师	0.2190	0.9060
异国情调	0.8400	0.7110
外籍	0.2650	0.7640
期望	0.6200	0.5085
期待	0.6005	0.6115
便利	0.6725	0.4105
权宜	0.8850	0.4610
远征	0.7350	0.8020
迅速	0.6635	0.7110
驱逐	0.2810	0.7250
费用	0.3355	0.4185
花费	0.2680	0.4645
有经验的	0.7710	0.6130
实验	0.5580	0.7445
试验	0.4995	0.7105
实验者	0.7080	0.7100
专家	0.7680	0.6040
专门知识	0.7920	0.5890
呼气	0.2650	0.5390
到期	0.5313	0.5263
过期	0.1980	0.3940
说明	0.6970	0.4417
解释性	0.5520	0.4910
脏话	0.3570	0.5670
解释	0.5693	0.5553
爆炸	0.1890	0.9017
开发	0.1560	0.9200
勘探	0.5940	0.6415
探索	0.7145	0.6750
探险者	0.7290	0.6630
爆炸物	0.1560	0.9430
博览会	0.6100	0.5620
指数	0.5603	0.4553
暴露	0.3440	0.6430
裸露	0.4545	0.7570
说明文	0.7060	0.6530
曝光	0.5700	0.8300
表达	0.7900	0.6500
表现的	0.7550	0.7240
高速公路	0.6178	0.5953
开除	0.1900	0.7900
精美	0.8920	0.6440
玲珑	0.8490	0.7280
现存	0.6460	0.3900
延伸	0.6460	0.5700
扩展	0.6150	0.4480
广泛	0.6553	0.4763
程度	0.6460	0.4510
外观	0.5420	0.4000
殄	0.1770	0.8570
灭绝	0.1470	0.8050
灭虫	0.3440	0.8040
外部	0.5610	0.4310
绝种	0.1120	0.4910
灭火器	0.7070	0.3790
称赏	0.5820	0.6670
敲诈	0.1120	0.8680
提取	0.5430	0.5555
萃取	0.4180	0.7400
抽出器	0.3020	0.5360
课外	0.4570	0.4710
引渡	0.2290	0.6270
法外处决	0.3650	0.6860
校外	0.3360	0.5590
外来	0.2760	0.6250
非凡	0.9080	0.7960
外星人	0.5100	0.8330
挥霍无度	0.5310	0.8020
靡	0.7200	0.7630
大汇演	0.6460	0.7860
极端	0.3180	0.8000
极端的期待	0.5510	0.7400
极度厌恶	0.0520	0.8730
极度惊喜	0.8330	0.9350
极端的信任	0.8260	0.7130
非常	0.5747	0.7697
非常消极	0.0460	0.6535
非常积极	0.9867	0.6063
末端	0.4080	0.5880
外在	0.5100	0.4790
挤压	0.2445	0.6290
散发出	0.3750	0.5190
眼	0.5310	0.2650
眼球	0.5260	0.4220
眉	0.5100	0.1980
满眼	0.8020	0.5000
眼镜	0.5958	0.3776
睫毛	0.3575	0.5220
眼线	0.6880	0.3490
目镜	0.4180	0.3585
眼睛	0.7600	0.2790
眼力	0.7500	0.2260
目击者	0.5410	0.6860
传说	0.7310	0.5285
制造	0.6238	0.5520
极好	0.9790	0.6600
正面	0.5200	0.3330
不露面	0.2300	0.4060
面	0.6670	0.3240
面部	0.5940	0.4290
设施	0.6250	0.5000
传真	0.4480	0.4340
事实	0.6757	0.4147
派	0.4690	0.4300
因子	0.6350	0.3650
厂	0.6150	0.3400
各系	0.6430	0.4310
时尚	0.7788	0.5292
褪色	0.3280	0.3040
大便	0.1840	0.4760
柴草	0.2190	0.6430
失败	0.1563	0.5477
晕	0.0630	0.4290
昏晕	0.3330	0.5100
相当	0.7900	0.4060
球道	0.5410	0.5100
仙女	0.7760	0.4080
移情别恋	0.1020	0.6830
沙拉三明治	0.5600	0.4020
鹘	0.5570	0.5800
错误的	0.2710	0.5870
谬论	0.1120	0.5610
倒退	0.4580	0.3580
易错的	0.3650	0.5370
落下	0.3405	0.6670
输卵管	0.2970	0.3900
掉出来	0.4280	0.3560
休耕	0.3750	0.3680
谬误	0.0310	0.6250
衰退	0.3980	0.4915
名誉	0.8905	0.6600
熟	0.8305	0.3515
家庭	0.8745	0.3065
家人在一起的时间	0.9390	0.4200
饥荒	0.1630	0.6790
馁	0.1770	0.6540
风扇	0.7810	0.4290
狂热的	0.5190	0.8467
撒娇的	0.6770	0.5920
幻想	0.8670	0.6500
凡丹戈	0.4900	0.5910
大张旗鼓	0.6560	0.6400
獠牙	0.2860	0.5980
范宁	0.6150	0.3300
幻想曲	0.8980	0.6940
奇妙	0.8400	0.7157
闹剧	0.2650	0.6670
滑稽的	0.3477	0.5583
票价	0.4900	0.4250
告别	0.1300	0.5000
农场	0.7810	0.3270
农民	0.6770	0.4320
农家	0.6900	0.3300
农田	0.7290	0.3630
法鲁	0.5440	0.3490
屁	0.1940	0.4390
更远	0.4180	0.5000
招牌	0.4800	0.3660
法西斯主义	0.1040	0.7400
法西斯	0.2000	0.7550
时髦	0.5717	0.5847
快球	0.6880	0.6790
系	0.4580	0.5850
紧固件	0.5770	0.3770
紧固	0.5940	0.4730
禁食	0.3880	0.3700
宿命论	0.2080	0.6940
病死率	0.0620	0.7980
命运多舛	0.5820	0.4720
决定命运	0.2900	0.5830
父亲	0.8485	0.4260
祖国	0.7030	0.4220
父爱	0.8650	0.3630
捉摸	0.5200	0.4100
疲劳	0.2274	0.3676
胖子	0.2860	0.3940
催肥	0.3750	0.5490
龙头	0.4440	0.3240
故障	0.1565	0.5675
完美	0.7903	0.5250
不完善的	0.1840	0.5200
福恩	0.4900	0.3030
动物区系	0.6460	0.3460
偏爱	0.7287	0.4557
喜爱	0.9060	0.5210
讨好	0.6260	0.3600
担心	0.1547	0.7220
不怕	0.8100	0.8060
可行性	0.7145	0.4950
盛宴	0.9790	0.7240
功绩	0.7500	0.7060
羽毛	0.5903	0.2607
特征	0.6010	0.3707
发热	0.3115	0.6260
屎	0.2400	0.4070
肥沃	0.6880	0.5910
美联储	0.6020	0.3700
受够了	0.3270	0.5000
饲料	0.5703	0.3920
反馈	0.6220	0.5570
给料机	0.6040	0.4520
感觉	0.7963	0.5313
感觉不错	0.9900	0.4410
脚	0.5100	0.2400
假装	0.3453	0.4860
易怒的	0.3873	0.6827
祺	0.9130	0.7040
猫的	0.6150	0.7450
下跌	0.2655	0.5090
汉子	0.4580	0.5175
同伴	0.7450	0.2980
奖学金	0.8830	0.4595
重犯	0.1110	0.8980
重罪	0.2060	0.8080
毡	0.6430	0.4170
女	0.8570	0.5200
女人	0.8335	0.5100
女人味	0.7500	0.4790
女权主义	0.5410	0.5700
女权主义者	0.5100	0.5600
股	0.4375	0.3220
股骨	0.4080	0.2890
篱笆	0.5000	0.1980
围栏	0.5105	0.4555
击剑	0.5420	0.6540
挡开	0.6460	0.7310
挡泥板	0.3690	0.4590
茴香	0.5730	0.2770
发酵	0.3975	0.5490
蕨类	0.6020	0.2400
凶猛	0.1670	0.9150
鼬	0.3850	0.3910
渡船	0.6040	0.5090
沃	0.8880	0.4080
生育能力	0.8850	0.5290
施肥	0.7080	0.4430
肥料	0.3440	0.4670
热切	0.6460	0.6320
巨星	0.7040	0.5740
节	0.7410	0.5245
欢乐的	0.8800	0.7730
取	0.4790	0.3630
物神	0.3070	0.7060
胎儿	0.4790	0.5190
世仇	0.1460	0.7960
封建	0.2980	0.4175
发烧的	0.3850	0.6960
惨败	0.1670	0.6000
菲亚特	0.5200	0.4180
纤维	0.5995	0.3625
玻璃纤维	0.4510	0.4510
纤维化	0.1600	0.4690
薄情	0.4060	0.4810
小说	0.5700	0.5045
虚构	0.4910	0.4030
虚拟	0.4110	0.4880
小提琴	0.6970	0.4225
小提琴手	0.7095	0.4410
保真度	0.7650	0.5800
手忙脚乱的	0.2290	0.7860
信托的	0.3750	0.4000
领域	0.6603	0.3887
曲棍球	0.5800	0.7427
外野手	0.5830	0.3780
魔王	0.1670	0.8460
火热	0.4180	0.8500
节日	0.8410	0.6110
十五	0.4900	0.2900
五十	0.5710	0.3680
斗争	0.4480	0.8440
战斗机	0.6370	0.7600
打架	0.1080	0.8600
塑像	0.7185	0.3580
灯丝	0.5100	0.4520
丝状	0.5310	0.4800
内圆角	0.6150	0.3920
阻挠议事	0.2710	0.7140
掐丝	0.5760	0.4080
备案	0.6200	0.4200
申请	0.3230	0.4120
填	0.7290	0.4490
填料	0.4320	0.3325
鱼片	0.7450	0.4150
填充	0.5355	0.3900
菲伊	0.4790	0.5640
电影制片人	0.7040	0.5100
过滤	0.4235	0.4080
污秽	0.1670	0.6345
最后	0.4295	0.5040
压轴	0.4060	0.3300
决赛	0.8330	0.6860
终局	0.6150	0.3680
敲定	0.4005	0.3800
金融	0.7100	0.4655
金融家	0.6020	0.5000
雀	0.4380	0.4440
找	0.7740	0.5550
发现者	0.3600	0.5500
精细	0.8230	0.2400
手指	0.3210	0.2640
指甲	0.4180	0.4150
指纹	0.5465	0.3755
完	0.4905	0.4080
有限	0.3065	0.3100
芬克	0.4100	0.5140
冷杉	0.5210	0.2750
火	0.3800	0.8040
火器	0.0860	0.9430
枪支	0.2200	0.9430
火球	0.3020	0.7770
鞭炮	0.4740	0.7410
消防队员	0.6100	0.7575
萤火虫	0.6220	0.4100
消防站	0.5940	0.6890
火光	0.6770	0.5040
壁炉	0.6670	0.3800
火力	0.3750	0.9410
防火	0.6840	0.6790
炉边	0.6840	0.3770
风暴	0.2110	0.9263
火墙	0.4850	0.6020
焰火	0.7860	0.9040
烟花	0.7350	0.8630
射击	0.1962	0.8798
苍穹	0.7500	0.4070
牢牢	0.7860	0.5100
坚固性	0.8230	0.4790
第一	0.6250	0.5000
长女	0.7860	0.4900
财	0.5000	0.5820
鱼	0.5100	0.2800
渔	0.6560	0.4610
渔业	0.5740	0.5030
渔船	0.5210	0.4030
腥	0.2945	0.6440
裂变	0.3330	0.4900
拳头	0.3330	0.6860
拳战	0.2080	0.9020
一把	0.5000	0.5090
瘘	0.3120	0.4810
身体素质	0.8750	0.5290
装	0.5070	0.4040
配件	0.5715	0.4225
五	0.5100	0.2210
五元美钞	0.4580	0.4690
固定	0.6203	0.4213
可以解决	0.7240	0.4700
固定术	0.5620	0.4590
定影液	0.6330	0.3750
夹具	0.5970	0.3060
灯具	0.6430	0.3300
嘶	0.4083	0.6100
峡湾	0.5100	0.4040
吓坏的	0.2530	0.7590
松弛	0.4605	0.3005
旗	0.5920	0.3780
标记	0.5040	0.3610
旗杆	0.5000	0.3940
明目张胆	0.2860	0.6730
旗舰	0.5920	0.5870
弗拉格斯塔夫	0.5200	0.5170
风骚	0.7750	0.4710
高射炮	0.3900	0.6000
薄片	0.3850	0.3880
片状	0.3630	0.5090
龙飞凤舞	0.6150	0.7940
喷火器	0.1600	0.8820
火烈鸟	0.6670	0.4510
易燃的	0.2160	0.8000
水果馅饼	0.6040	0.3040
轮缘	0.5050	0.3515
侧翼	0.4690	0.5400
两侧	0.3330	0.4310
绒布	0.4900	0.2500
拍打	0.2750	0.3850
扑	0.4685	0.6380
闪光	0.7177	0.6977
喇叭裤	0.5800	0.6420
闪	0.5710	0.5900
倒叙	0.2650	0.4000
闪烁	0.6021	0.5517
手电筒	0.6530	0.4140
华而不实	0.7040	0.6000
烧瓶	0.4180	0.4120
平面	0.4590	0.2960
平板	0.4900	0.2500
扁平足	0.2650	0.3330
平整度	0.4790	0.2800
弄平	0.2860	0.4690
奉承	0.5210	0.4180
受宠若惊	0.8650	0.6080
谄媚的	0.7550	0.6860
阿谀	0.4700	0.5750
胀气	0.2100	0.6320
标榜	0.4380	0.6110
味道	0.8435	0.4425
有缺陷	0.1330	0.4900
完美无瑕	0.7290	0.4200
跳蚤	0.2860	0.3530
逃离	0.3620	0.6995
逃跑	0.2815	0.7830
羊毛	0.6233	0.2157
流年	0.4390	0.6500
肉	0.6080	0.4055
柔性	0.6040	0.3780
灵活性	0.8670	0.4020
灵活	0.7190	0.4600
屈曲	0.4490	0.5510
拂去	0.6880	0.5410
传单	0.5037	0.3320
飞行	0.7615	0.6180
轻浮	0.2450	0.5835
单薄	0.3020	0.3960
退缩	0.3500	0.8040
一扔	0.4390	0.6960
燧石	0.5210	0.4390
翻动	0.2810	0.5290
拖鞋	0.5417	0.4100
脚蹼	0.6770	0.4200
翻转	0.4665	0.5305
调情	0.6783	0.7607
卖俏的	0.7140	0.7210
浮动	0.6880	0.3940
浮子	0.4800	0.4330
群	0.5000	0.5460
鞭打	0.2887	0.6113
地板	0.4960	0.2325
拍击声	0.0810	0.6420
植物群	0.8330	0.3240
花的	0.8330	0.2350
花商	0.7710	0.4100
绵	0.5000	0.2800
浮选	0.5100	0.3530
比目鱼	0.5800	0.3725
面粉	0.5300	0.2350
流	0.5790	0.4447
花	0.7370	0.4670
花卉	0.8750	0.3240
如花	0.7920	0.3320
流动	0.5710	0.4800
流感	0.2505	0.6325
波动	0.3080	0.6527
烟道	0.3540	0.6880
流畅	0.7760	0.5040
流利	0.7600	0.5000
起毛	0.5200	0.2640
蓬松	0.5570	0.4855
流体	0.6730	0.4070
流动性	0.7057	0.5450
吸虫	0.4460	0.4500
垮台	0.1040	0.5480
奴才	0.3475	0.4410
荧光	0.6670	0.4900
荧	0.6020	0.5950
飘雪	0.4220	0.7600
慌张	0.3020	0.7600
红晕	0.4080	0.7550
慌	0.3160	0.9030
长笛	0.6350	0.3300
凹槽	0.4837	0.4727
河流	0.5710	0.3630
通量	0.4730	0.4720
飞	0.7600	0.7750
飞轮	0.6670	0.4800
驹	0.5420	0.5780
发泡	0.6430	0.2400
泡沫的	0.6630	0.3060
焦点	0.6900	0.3820
多雾路段	0.5100	0.2130
有雾	0.3540	0.3370
挫败	0.2310	0.4423
折	0.3850	0.4120
折叠	0.2695	0.4165
叶子	0.6200	0.3730
对开	0.5065	0.3725
民间	0.6630	0.4330
民俗学	0.7550	0.5850
毛囊	0.4060	0.3310
滤泡	0.4010	0.3050
跟随	0.6670	0.5090
蠢事	0.1840	0.8330
喜欢	0.8557	0.5197
挲	0.8230	0.4850
爱抚	0.7940	0.5640
癖好	0.8850	0.3910
火锅	0.6560	0.3630
字形	0.6150	0.3360
餐饮	0.8880	0.3240
美食家	0.7810	0.4650
傻子	0.2670	0.4793
上当	0.0510	0.6920
蛮干	0.5410	0.8160
嘴硬	0.1670	0.7550
傻	0.3160	0.2550
简单的	0.4790	0.4840
脚丫子	0.4900	0.2900
脚凳	0.4690	0.3170
镜头	0.6250	0.2350
足球	0.7265	0.7985
人行天桥	0.5820	0.3750
立足之地	0.6730	0.3360
立足点	0.7600	0.3460
提箱	0.5000	0.4170
自由自在	0.5490	0.5950
蹊	0.6770	0.3210
脚印	0.5920	0.2920
鞋类	0.6430	0.3370
步法	0.4480	0.5400
纨裤子弟	0.2810	0.5610
突袭	0.4180	0.6180
忍	0.5200	0.4710
森严	0.1980	0.7810
有力	0.6935	0.6985
钳子	0.3540	0.6150
涉	0.5155	0.4980
前臂	0.4690	0.3040
预感	0.4390	0.7060
预测	0.5670	0.5245
预报	0.6350	0.6110
取消抵押品赎回权	0.2200	0.5820
丧失抵押品赎回权	0.1670	0.6510
食指	0.5100	0.2540
第一线	0.5730	0.5590
已成	0.2710	0.5670
前景	0.7080	0.4910
前额	0.4700	0.3080
外国人	0.5000	0.5190
领班	0.4580	0.6120
最重要的是	0.7350	0.5930
法庭的	0.4390	0.6270
取证	0.2350	0.5450
前戏	0.7240	0.6270
先行者	0.6940	0.5400
先见之明	0.6800	0.4820
森林	0.7290	0.2700
垄断	0.4945	0.5295
深谋远虑	0.7650	0.4910
永远的孤独	0.2960	0.3750
永远	0.8430	0.4250
凡事预	0.4800	0.6180
前言	0.5300	0.4147
锻造	0.4335	0.6015
锻工	0.1560	0.6730
伪造品	0.2350	0.6540
忘记	0.3120	0.3820
健忘	0.2555	0.3640
原谅	0.7655	0.3550
饶恕	0.6670	0.4300
宽容	0.7007	0.3372
忘记了	0.2350	0.2800
叉子	0.4060	0.3000
岔	0.3330	0.5850
分叉	0.3270	0.5960
叉车	0.4800	0.5370
形成	0.5830	0.2870
正式	0.7350	0.2500
甲醛	0.2960	0.4150
形式主义	0.8380	0.2890
礼节	0.5940	0.3530
格式	0.5620	0.3080
编队	0.6150	0.4530
形成性	0.6880	0.4420
强大	0.8283	0.7613
成型	0.6980	0.3520
无形	0.4090	0.3337
式	0.5210	0.4500
处方	0.4165	0.4035
乱伦	0.2190	0.9020
离弃	0.0500	0.4900
当真	0.4900	0.4500
堡	0.7800	0.6730
即将到来	0.6740	0.4845
直率的	0.6630	0.4110
立刻	0.6775	0.5250
筑城	0.6520	0.7690
强化	0.7540	0.7737
坚忍不拔	0.8230	0.6080
两星期	0.7700	0.6500
幸运	0.9325	0.6675
四十	0.4580	0.3670
论坛	0.5830	0.5375
前锋	0.6887	0.5470
转发	0.5735	0.5560
化石	0.5000	0.3030
犯规	0.2240	0.4600
创办人	0.7600	0.4650
铸造厂	0.5310	0.4910
喷泉	0.7040	0.2920
四	0.5273	0.3737
四倍	0.5300	0.4080
四人	0.6150	0.4970
十四	0.5520	0.2790
第四	0.5590	0.2800
狐狸	0.3230	0.5550
避弹坑	0.3120	0.5390
狐步舞	0.5620	0.5200
狡	0.5520	0.6420
门厅	0.5625	0.3000
分数	0.4803	0.4263
部分的	0.3060	0.3600
断裂	0.1350	0.7400
脆弱	0.3140	0.2987
脆弱性	0.3160	0.3060
分段	0.2880	0.3070
残缺不全	0.4380	0.5200
香味	0.7400	0.3835
香	0.7485	0.4632
帧	0.4690	0.3330
骨架	0.3210	0.3970
法郎	0.7100	0.4510
专营权	0.6630	0.4000
兄弟会	0.8030	0.4535
兄弟	0.8505	0.3380
舞弊	0.1110	0.6880
误人子弟	0.2660	0.6620
疲惫不堪	0.3440	0.4150
怪物	0.1174	0.7888
吓坏	0.1350	0.9170
滑稽可笑的	0.1350	0.9150
吓坏了	0.1243	0.8347
辣妈	0.1900	0.6150
雀斑	0.5420	0.3960
自由	0.9343	0.5410
赠品	0.7960	0.5960
自由持有	0.6350	0.6300
自由职业者	0.7235	0.5705
自如	0.8750	0.4560
弗里曼	0.8230	0.4540
自由泳	0.7650	0.6520
冻结	0.1910	0.4060
冰箱	0.5510	0.2950
冷冻	0.3270	0.3670
货轮	0.4060	0.4450
法国号角	0.5730	0.4710
丧心病狂	0.3650	0.9510
频率	0.5610	0.5570
频繁	0.5940	0.4810
壁画	0.6890	0.2725
新鲜	0.9125	0.3125
梳洗	0.8060	0.3630
清新	0.7040	0.3800
新生	0.7920	0.6207
全新的开始	0.7650	0.5800
淡水	0.8540	0.2840
烦躁	0.4090	0.6890
修士	0.5100	0.2600
星期五	0.6240	0.4110
油炸	0.4790	0.4820
朋友	0.8823	0.4497
无依无靠	0.1020	0.3600
友好	0.9810	0.2700
友善	0.9170	0.3980
护卫舰	0.4900	0.5100
惊骇	0.1770	0.8160
吓唬	0.2550	0.8430
受惊	0.1530	0.8170
流苏	0.5050	0.3500
飞盘	0.7060	0.5430
欢跃的	0.7000	0.6320
罩袍	0.6320	0.3270
青蛙	0.4390	0.3110
小青蛙	0.5000	0.5600
欢乐	0.9116	0.6803
面前	0.6770	0.3500
临街	0.5100	0.3560
卷首	0.4380	0.4530
霜	0.4490	0.4550
冻疮	0.2030	0.3800
磨砂	0.7480	0.4710
结霜	0.8230	0.4800
冷冰冰	0.5555	0.4275
多泡的	0.7740	0.3980
皱眉	0.2140	0.6020
皱着眉头	0.1940	0.5820
冻结的	0.3440	0.3460
节俭	0.5420	0.3675
水果	0.8805	0.3240
果汁饮料	0.8370	0.3630
水果蛋糕	0.8650	0.4400
卓有成效	0.7300	0.6180
享用	0.7760	0.5670
不结果	0.2600	0.5800
圆润的	0.6830	0.4140
阻挠	0.1905	0.7465
受挫	0.0800	0.6510
泄气	0.0420	0.6960
挫折	0.1290	0.5905
炒	0.4855	0.5725
油炸锅	0.5730	0.4590
紫红色	0.5830	0.3025
他妈的	0.1660	0.8550
做傻事	0.8530	0.4180
汽油	0.4267	0.5363
逃亡	0.1040	0.9220
支点	0.4100	0.3200
履行	0.8133	0.4687
后卫	0.4950	0.6270
令人生厌的	0.5100	0.5090
摸索	0.3900	0.5550
烟	0.3795	0.4370
熏蒸	0.3270	0.6270
发烟	0.2400	0.6600
开玩笑	0.7720	0.7690
功能	0.6940	0.2960
实用	0.7500	0.5000
基金	0.5210	0.3600
基本的	0.7080	0.4220
原教旨主义	0.4900	0.4300
从根本上	0.6530	0.4410
有趣的一天	0.7430	0.5490
募捐	0.6100	0.5770
筹款	0.7600	0.6200
漏斗	0.3540	0.2740
毛皮	0.5830	0.3920
狂怒	0.0620	0.9530
弗隆	0.4180	0.4460
放假	0.5310	0.4320
炉	0.5945	0.4020
装设	0.7550	0.4870
家具	0.6400	0.2185
轰动	0.5000	0.8630
畦	0.4080	0.4200
毛茸茸	0.4933	0.3607
保险丝	0.3730	0.5650
机身	0.3120	0.5580
聚变	0.6350	0.5610
小题大作	0.4060	0.8760
挑剔	0.3370	0.6860
无用	0.0955	0.3535
蒲团	0.4290	0.3510
加比	0.5100	0.3470
小工具	0.6350	0.5590
鱼叉	0.4115	0.5590
插科打诨	0.3230	0.6600
加加	0.4790	0.3960
抵押品	0.5520	0.4510
鹅群	0.5420	0.5290
取得	0.8370	0.6180
步态	0.5100	0.3980
加仑	0.5155	0.3980
银	0.6700	0.5605
星系	0.7500	0.5710
大风	0.2710	0.6910
瘿	0.4170	0.5100
英勇	0.8960	0.6793
胆囊	0.3540	0.4710
擦伤	0.2700	0.7310
画廊	0.6590	0.4330
厨房	0.6100	0.3395
驰骋	0.5000	0.7750
舞动	0.6430	0.7350
绞架	0.1670	0.7120
丰富地	0.8230	0.5740
电流的	0.3960	0.4900
赌	0.5680	0.7980
赌徒	0.4580	0.6940
赌博	0.6305	0.7195
游戏	0.7350	0.7880
比赛日	0.7290	0.5930
游戏时间	0.7350	0.5710
伽马	0.4800	0.4290
腌猪腿	0.5100	0.4180
色域	0.4900	0.3400
无心插柳柳成荫	0.5100	0.4100
结伙	0.2170	0.8500
黑社会	0.4355	0.5100
坏疽	0.1240	0.6375
流氓	0.2553	0.7480
舷梯	0.4900	0.5460
监狱	0.1375	0.8030
间隙	0.3960	0.4510
盱	0.4930	0.6510
张开	0.4080	0.6680
车库	0.5310	0.2830
外衣	0.5620	0.3700
垃圾	0.1822	0.5062
乱码	0.0740	0.7200
花园	0.7725	0.2160
园丁	0.6730	0.3460
园艺	0.7160	0.3800
漱口	0.4100	0.5940
石像鬼	0.2860	0.5360
扎眼	0.3060	0.6250
大蒜	0.4600	0.3230
石榴石	0.6430	0.4180
驻军	0.5100	0.5270
袜带	0.5210	0.4060
加油站	0.3960	0.4080
气	0.3980	0.4620
划开	0.4290	0.5600
气化	0.3440	0.5090
垫圈	0.5675	0.3785
喘气	0.3653	0.6403
瓦斯	0.3540	0.4970
胃的	0.3270	0.5590
美食	0.8615	0.4530
网关	0.5920	0.3760
收集	0.6480	0.5100
佳得乐	0.7190	0.5290
华而不实的	0.5205	0.5590
测量	0.5120	0.4082
计量	0.4800	0.4630
憔悴的	0.2140	0.4900
长手套	0.4200	0.4910
纱布	0.4600	0.2750
木槌	0.5200	0.4180
同性恋者	0.3370	0.5985
凝视	0.6173	0.4357
凉亭	0.6325	0.3550
公报	0.4690	0.3900
地名	0.5310	0.4170
极大数	0.5310	0.5340
齿轮	0.5100	0.5770
极客	0.4790	0.3920
令人讨厌	0.3105	0.6185
吉兹	0.4170	0.3960
奇特	0.5290	0.4325
艺妓	0.5210	0.6790
凝胶	0.5240	0.2060
明胶	0.5620	0.4020
监	0.5065	0.4995
双子座	0.5310	0.3200
性别	0.7455	0.6425
家谱	0.4790	0.3700
一般	0.7015	0.4305
概论	0.6040	0.3600
概括	0.5720	0.5185
通常	0.5935	0.2380
生成	0.7475	0.4755
代	0.9030	0.4800
生成的	0.7240	0.5490
通用	0.5675	0.4080
慷慨	0.8193	0.4510
创世纪	0.6120	0.4290
遗传	0.5990	0.4443
遗传学	0.5520	0.4600
和蔼的	0.8670	0.6300
精灵	0.6605	0.5190
生殖器	0.3540	0.6805
天才	0.9063	0.6497
种族灭绝	0.0200	0.8780
基因组	0.5070	0.3660
类型	0.5100	0.3585
绅士	0.6980	0.4665
温雅	0.9170	0.3330
外邦人	0.8330	0.2500
温和	0.7697	0.2590
绅士风度	0.9180	0.4510
温柔	0.9270	0.2780
平缓	0.9170	0.2550
绅	0.5600	0.4800
真正	0.8855	0.4430
种	0.5820	0.3490
地理	0.6390	0.2657
地质	0.6670	0.3240
地质学家	0.5940	0.4310
地质学	0.6350	0.3210
几何	0.5160	0.3130
天竺葵	0.6350	0.2500
沙鼠	0.4530	0.3060
病菌	0.2000	0.4655
德语	0.4380	0.2900
有密切关系	0.5700	0.5000
发芽	0.5417	0.5090
妊娠	0.5610	0.5380
手势	0.6670	0.4810
得到	0.7400	0.5940
起床	0.5410	0.5820
阴森	0.1095	0.8135
贫民区	0.3020	0.6300
鬼	0.2650	0.7550
幽灵的	0.2600	0.7640
盗墓者	0.2600	0.5610
巨人	0.6460	0.8140
礼品	0.8725	0.6470
演出	0.7905	0.6550
傻笑	0.7990	0.6467
笑声	0.9120	0.6690
舞男	0.4000	0.7060
镀金	0.6510	0.4440
鳃	0.5000	0.5280
手法	0.3800	0.6630
花边	0.5470	0.3210
杜松子酒	0.5160	0.5590
生姜	0.4060	0.3750
姜饼	0.5970	0.3330
小心翼翼	0.6020	0.4060
参	0.6770	0.3600
长颈鹿	0.5610	0.3470
梁	0.3880	0.2450
腰带	0.5000	0.3400
女孩	0.7400	0.5720
女朋友	0.7120	0.7630
娘娘腔	0.4685	0.5510
少女的	0.6360	0.4695
周长	0.4950	0.3980
要旨	0.6220	0.4500
给	0.7725	0.3395
小发明	0.5100	0.4900
肫	0.4220	0.4230
无毛	0.2745	0.3545
冰河	0.4390	0.3270
冰川	0.5730	0.3960
高兴	0.8447	0.7193
林间空地	0.6000	0.3850
角斗士	0.5000	0.8330
富有魅力的	0.9180	0.6300
一瞥	0.6355	0.4185
腺	0.3960	0.3820
强光	0.6980	0.7350
刺眼	0.6940	0.7940
玻璃	0.4010	0.4085
玻璃器皿	0.6330	0.3560
青光眼	0.2080	0.5000
釉	0.6500	0.3400
有光	0.6220	0.4100
闪闪发光的	0.8140	0.5727
狭谷	0.5730	0.3370
巧舌如簧	0.4380	0.4330
滑行	0.5610	0.7060
滑翔机	0.6180	0.5480
微光	0.6150	0.4620
闪亮	0.8250	0.6060
金光闪闪	0.8600	0.5880
幸灾乐祸	0.4270	0.6385
全球	0.5830	0.5200
球形	0.5460	0.3415
愁云	0.1350	0.4040
阴沉	0.1783	0.4157
赞美	0.7076	0.4918
荣耀	0.9177	0.6320
掩饰	0.7570	0.4660
词汇表	0.5700	0.2040
光滑	0.7917	0.3767
手套	0.4827	0.2127
辉光	0.9180	0.5000
泛着	0.9400	0.6200
胶	0.5115	0.2860
充斥	0.4170	0.5240
麸质	0.3850	0.3080
馋嘴	0.4380	0.5190
暴食	0.5000	0.7020
甘油	0.4270	0.4020
蚊蚋	0.3570	0.3450
地精	0.4290	0.4790
走	0.5100	0.4410
守门员	0.5730	0.3890
山羊	0.4480	0.3040
山羊胡	0.4790	0.2900
吞并	0.3900	0.6230
高脚杯	0.7860	0.3530
小妖精	0.3330	0.5420
诅咒的	0.0420	0.7580
女神	0.7035	0.5445
教父	0.6940	0.4500
荒凉的	0.4390	0.5200
上帝是好的	0.7400	0.4340
无神	0.3160	0.5570
上帝喜欢	0.8540	0.6480
敬虔	0.7470	0.2980
教母	0.7330	0.3110
天赐	0.8650	0.5620
教子	0.6800	0.5150
护目镜	0.5250	0.2860
风镜	0.6670	0.3600
金	0.9390	0.6860
金色	0.8020	0.4910
金鱼	0.7860	0.2960
高尔夫球	0.5730	0.3580
高尔夫球手	0.6020	0.4020
高尔夫	0.6250	0.4270
贡多拉	0.5200	0.4040
走了	0.2920	0.2300
完了	0.4100	0.4610
淋病	0.1060	0.6350
感伤	0.5325	0.4348
落花生	0.4690	0.4440
好	0.9380	0.3680
美好的一天	0.9610	0.3570
礼包	0.8540	0.3270
好吃的东西	0.9500	0.6220
美好生活	0.9170	0.4710
优美的	0.7010	0.4710
早上好	0.9220	0.4610
好的音乐	0.7560	0.5000
善良	0.9100	0.3603
好消息	0.9610	0.7400
产品	0.7670	0.4065
美好时光	0.9100	0.5260
善意	0.9380	0.3270
感伤的	0.5890	0.4085
高飞	0.2810	0.2240
鹅	0.4790	0.2830
地鼠	0.4490	0.4400
血块	0.2600	0.6080
华丽	0.9200	0.5600
大猩猩	0.5650	0.7200
八卦	0.2470	0.6593
哥特	0.1970	0.3330
挖出	0.3960	0.4410
炖牛肉	0.5820	0.4290
葫芦	0.4270	0.2710
痛风	0.3540	0.3140
治理	0.6040	0.7010
姆	0.4260	0.5000
政府	0.4740	0.5355
州长	0.5260	0.6435
袍	0.6250	0.2830
抓	0.3875	0.6335
恩典	0.9060	0.3040
优美	0.9060	0.5100
和蔼地	0.9480	0.3530
层次	0.4870	0.4770
年级	0.6980	0.3600
分级	0.5415	0.4800
分级机	0.5830	0.3170
等级	0.5210	0.3490
梯度	0.4800	0.4230
缓	0.5710	0.3500
逐渐	0.5830	0.3850
毕业	0.8890	0.6095
接枝	0.4100	0.5280
大盘	0.5730	0.3840
粮食	0.3900	0.1980
公克	0.5780	0.3330
语法	0.5600	0.2870
盛大	0.8980	0.7400
侠盗猎车手	0.4930	0.6630
孙子	0.7850	0.4370
公公	0.7400	0.2480
鼻祖	0.6500	0.4005
孙女	0.8230	0.4450
富丽堂皇	0.8850	0.7960
祖父	0.8270	0.2790
雄伟	0.9240	0.7065
奶奶	0.7960	0.2240
祖母	0.7920	0.2830
爷爷	0.8060	0.2960
哗众取宠	0.5000	0.6790
农庄	0.5310	0.3400
花岗岩	0.5720	0.3430
格兰诺拉麦片	0.6250	0.2400
理所当然	0.8820	0.3480
受让人	0.8650	0.4770
让与人	0.5420	0.5000
粒状	0.4780	0.3370
颗粒	0.4060	0.3730
葡萄	0.7565	0.1810
葡萄汁	0.6960	0.3040
葡萄柚	0.5210	0.2810
葡萄藤	0.5410	0.3430
图形	0.5100	0.2860
图像	0.5720	0.4625
石墨	0.4790	0.3770
抓钩	0.4900	0.5770
擒拿	0.4480	0.6760
把握	0.5600	0.6230
草	0.6040	0.1640
蚱蜢	0.5000	0.4620
绿色的	0.6470	0.3230
炉排	0.3330	0.2500
磨碎	0.3860	0.4560
感激	0.9580	0.3530
享乐	0.8670	0.6430
称心	0.7810	0.5190
取悦	0.8370	0.5390
可喜	0.8570	0.6060
光栅	0.5120	0.3370
感谢	0.9270	0.3925
免费的	0.7350	0.6500
赏钱	0.8650	0.5000
坟	0.1530	0.3850
碎石	0.3900	0.3700
受引力作用	0.4790	0.4720
重力	0.5100	0.6350
卤	0.6080	0.4500
灰色	0.3410	0.1465
轻擦	0.5600	0.2550
润滑脂	0.2550	0.4040
脂	0.2970	0.3720
加油机	0.4080	0.5180
腻	0.3990	0.4420
伟大的期待	0.7860	0.7350
伟大的阿姨	0.8960	0.4190
非常厌恶	0.0420	0.8360
曾祖父	0.7930	0.2605
伟大的奶奶	0.7710	0.2210
曾祖母	0.8020	0.2360
非常惊喜	0.9390	0.9410
非常信任	0.9390	0.5280
伟大的叔叔	0.7290	0.3980
更大	0.7550	0.5190
最大	0.7855	0.6755
大大消极	0.0510	0.6400
伟大	0.9900	0.7500
贪心	0.3110	0.7760
绿色	0.6300	0.3060
绿豆	0.4690	0.2800
绿皮书	0.5000	0.4310
青蛇	0.2290	0.6340
呈绿色的	0.5740	0.2900
绿林	0.5310	0.3820
迎接	0.8850	0.5390
欢迎	0.8730	0.5080
群居	0.5510	0.4710
手榴弹	0.2810	0.7770
灰猎犬	0.5200	0.4900
格	0.5620	0.4260
格框	0.6670	0.4910
哀思	0.3050	0.4300
不平	0.1310	0.7260
悼	0.0890	0.5415
伤心	0.1645	0.3965
悲伤	0.0710	0.5475
格里芬	0.4180	0.3370
烤架	0.7550	0.4910
进气格栅	0.3370	0.3270
严峻	0.3100	0.4830
煤尘	0.1980	0.5000
肮脏	0.1337	0.5697
微笑	0.9240	0.6157
研磨	0.4800	0.2760
磨床	0.4590	0.6150
磨	0.5717	0.4333
外国佬	0.5400	0.4520
握	0.5200	0.5490
吓人的	0.0830	0.8630
砂砾	0.4490	0.2960
糁	0.4580	0.3330
坚韧不拔	0.4170	0.3730
灰熊	0.3980	0.6790
呻吟	0.3765	0.7425
杂货商	0.6250	0.2500
杂货	0.7135	0.4515
糊里糊涂的	0.2350	0.2650
腹股沟	0.2960	0.4520
马夫	0.6980	0.5000
槽	0.5260	0.3780
毛	0.1150	0.5750
奇怪的	0.1975	0.7240
石窟	0.5100	0.3940
地面	0.3980	0.3430
接地	0.5730	0.6077
土拨鼠	0.3850	0.3240
莫须有	0.2120	0.5175
理由	0.6445	0.4720
组	0.5470	0.4525
追星族	0.5210	0.5830
分组	0.7450	0.5800
松鸡	0.4480	0.4010
灌浆	0.4050	0.3560
树林	0.6040	0.2450
拜倒	0.3600	0.5000
增长	0.9140	0.6150
吠声	0.1940	0.7640
咆哮	0.2185	0.7835
长大	0.7350	0.4000
蛴螬	0.6020	0.4060
怨恨	0.1390	0.6960
勉强	0.1240	0.6230
粥	0.3820	0.3040
严罚	0.1800	0.7630
粗暴	0.3230	0.6110
叽	0.1010	0.7500
脾气坏	0.2600	0.4690
性情乖戾的	0.1980	0.8080
咕噜	0.2860	0.7980
呼噜	0.1980	0.8270
鸟粪	0.2960	0.3430
守卫	0.6750	0.5980
警卫室	0.5100	0.4350
监护人	0.6560	0.6860
监护	0.4925	0.4060
卫士	0.4480	0.6630
游击	0.1460	0.8450
游击队	0.2190	0.9170
猜测	0.5285	0.4570
猜测者	0.5420	0.6700
客人	0.7190	0.4900
招待所	0.7290	0.3370
指导	0.7290	0.4805
指南	0.6825	0.2875
方针	0.4590	0.5000
公会	0.5800	0.4590
诡计	0.4093	0.6805
断头台	0.1630	0.8170
几内亚	0.5210	0.4400
吉他	0.8440	0.5420
吉他手	0.8270	0.7400
红色	0.4690	0.4430
海湾	0.5200	0.3650
鸥	0.5940	0.3170
食道	0.3850	0.4900
轻信	0.4400	0.4420
壑	0.3160	0.5190
吞	0.5085	0.6340
秋葵	0.4845	0.4110
粘性的	0.4497	0.4027
进取心	0.4800	0.5380
枪	0.1470	0.9200
炮舰	0.1390	0.6630
枪战	0.0880	0.9313
枪手	0.1780	0.9118
炮火	0.1560	0.9300
泥流	0.2500	0.4780
炮手	0.2500	0.8530
枪口下	0.1880	0.8170
火药	0.4250	0.8530
枪击	0.0420	0.9530
格尼	0.4080	0.3040
领袖	0.5730	0.3600
喷	0.4738	0.5503
喷油井	0.4060	0.5200
扣板	0.4270	0.4250
阵风	0.4900	0.7550
有风的	0.6870	0.6310
肠道	0.4080	0.3670
无胆	0.2500	0.3810
排水沟	0.4660	0.2600
家伙	0.5830	0.3670
耗油	0.4600	0.4900
健身房	0.6510	0.6255
体操运动员	0.6700	0.7600
体操	0.7775	0.6915
妇科医生	0.5520	0.5660
妇科	0.4080	0.5900
吉普赛人	0.3750	0.6650
陀螺仪	0.5000	0.3900
栖息地	0.6330	0.3430
习惯性地	0.6000	0.3240
牧场	0.5533	0.3490
黑客	0.2710	0.7550
钢锯	0.4060	0.6450
魔女	0.3025	0.6710
枯槁	0.1150	0.5100
俳句	0.5830	0.3560
冰雹	0.4590	0.6270
头发	0.5820	0.1860
毛球	0.3700	0.3020
发刷	0.4540	0.2160
理发	0.6770	0.3430
发型	0.6615	0.3500
吹风机	0.6420	0.4020
发际线	0.4180	0.1540
簪	0.4590	0.3630
发胶	0.5490	0.2790
硬朗	0.4790	0.4350
半	0.4540	0.3090
半美元	0.5730	0.4080
中卫	0.4900	0.4290
中场休息	0.4580	0.3520
大厅	0.5100	0.3400
哈利路亚	0.7700	0.5540
特点	0.5320	0.4090
幻觉	0.3960	0.7060
停	0.1670	0.3600
羁	0.4480	0.4510
暂停	0.2970	0.3866
对分	0.3160	0.3470
减半	0.2920	0.4740
火腿	0.6730	0.2450
村庄	0.5730	0.2700
锤子	0.3120	0.5090
锤头	0.3370	0.4900
吊床	0.6730	0.2550
仓鼠	0.5200	0.3940
腿筋	0.4060	0.4710
手	0.5420	0.3140
手提包	0.5360	0.3190
手球	0.5610	0.4930
手册	0.6175	0.2345
杻	0.3100	0.5900
少数	0.5210	0.4810
手枪	0.2453	0.7627
手持	0.6460	0.3500
残废	0.2040	0.4670
手工业	0.7240	0.3330
手工	0.7530	0.4300
手帕	0.4850	0.2340
处理	0.6447	0.6053
处理器	0.5620	0.5265
手工制造	0.7760	0.3830
讲义	0.5600	0.3300
手印	0.6350	0.2890
握手	0.8160	0.6540
英俊	0.8900	0.6000
手写	0.6150	0.3780
勤杂工	0.6600	0.3730
挂	0.3505	0.5000
机库	0.4900	0.4560
衣架	0.4390	0.4620
出去玩	0.5730	0.5000
宿醉	0.1880	0.5650
汉克	0.5100	0.3750
倒霉蛋	0.2710	0.4420
发生	0.5670	0.6403
最幸福	0.9900	0.7160
高高兴兴	1.0000	0.6900
快乐的舞蹈	0.8570	0.7600
快乐的一天	0.9290	0.6500
骚扰	0.1240	0.8400
港口	0.5720	0.3825
硬	0.3020	0.7080
强硬	0.4430	0.6275
铁杆	0.3905	0.5810
脚踏实地	0.1560	0.6990
硬度	0.4170	0.5800
硬件	0.5940	0.2890
硬木	0.4170	0.3630
用功	0.7190	0.5830
耐寒	0.5710	0.5690
野兔	0.6200	0.4100
轻率	0.2405	0.5735
闺房	0.5210	0.5780
重提	0.5710	0.5000
妓女	0.1785	0.8568
无害	0.6250	0.2260
口琴	0.8470	0.2350
谐波	0.8650	0.4000
和谐地	0.9690	0.2650
协	0.9390	0.4610
马具	0.5700	0.5490
竖琴	0.6180	0.3100
哈珀	0.4170	0.4540
大键琴	0.5410	0.4900
悲惨	0.1285	0.8570
掠夺	0.3747	0.5830
苛刻	0.2865	0.6250
牡鹿	0.6430	0.3890
收成	0.7810	0.3530
哈希	0.3440	0.4530
大麻	0.3410	0.6745
赶快	0.3780	0.7450
趋	0.5710	0.7500
草草	0.2710	0.6090
匆	0.1880	0.8850
孵化	0.4700	0.5715
怀恨在心者	0.0520	0.7020
恨	0.0830	0.8200
仇	0.0370	0.8470
拖曳	0.5100	0.4800
出没	0.2880	0.6760
闹鬼	0.2640	0.7310
有	0.7570	0.3890
避风港	0.6840	0.2650
浩劫	0.1630	0.7690
山楂	0.4060	0.4260
霍金	0.5210	0.5090
海牙	0.6150	0.4510
草垛	0.5520	0.2920
失控	0.3580	0.5450
阴霾	0.4270	0.3270
危险品	0.3980	0.4790
朦胧	0.3427	0.4587
头	0.5450	0.4350
头痛	0.1360	0.7375
头带	0.6700	0.4690
头饰	0.6565	0.3540
岬角	0.5740	0.5510
无头	0.1360	0.5820
车灯	0.5920	0.3430
顶篷	0.5000	0.4900
哑致	0.4480	0.5380
头向前	0.3540	0.5480
头戴耳机	0.6000	0.3570
总部	0.6150	0.2690
司令部	0.6150	0.2710
耳机	0.6020	0.3400
墓石	0.2400	0.3780
风头正劲	0.4480	0.8060
愈合	0.7650	0.2450
治愈者	0.8630	0.3780
复原	0.6440	0.5227
健康	0.9064	0.3994
卫生保健	0.7800	0.3920
健康的	0.9300	0.3150
听	0.7655	0.3945
听者	0.6560	0.2810
听力	0.6690	0.4900
传闻	0.3575	0.6135
柩车	0.1770	0.4900
心	0.8270	0.5000
心痛	0.0880	0.7500
心跳	0.7500	0.6980
心碎	0.2080	0.6100
令人伤心	0.2650	0.6850
令人心碎	0.1460	0.8110
肠断	0.0820	0.5510
胃灼热	0.1430	0.6130
衷心	0.9040	0.4400
尽情地	0.9270	0.5310
心脏地带	0.8120	0.5100
狠心	0.0710	0.6520
心中	0.9480	0.5920
沮丧的	0.2400	0.3880
心丝虫	0.3330	0.5500
爽朗	0.7600	0.6840
加热	0.5630	0.4940
加热器	0.5000	0.5730
异教徒	0.1883	0.6392
石南属	0.5000	0.3520
举起	0.7160	0.5880
天堂	0.8855	0.4625
严重	0.3370	0.6508
沉重	0.3530	0.5510
起伏	0.2010	0.8430
重	0.3385	0.4670
重金属	0.4170	0.7550
重量级	0.4290	0.5780
赫克	0.2400	0.7280
公顷	0.5700	0.2500
树篱	0.6040	0.6020
猬	0.4580	0.4910
享乐主义	0.5100	0.5000
熙	0.6475	0.4770
脚跟	0.4900	0.3945
分量	0.5030	0.3400
霸权	0.6280	0.6125
小牝牛	0.4390	0.4430
增高	0.7550	0.6220
滔天	0.1135	0.8670
继承者	0.8400	0.6540
女继承人	0.8270	0.5710
传家宝	0.6840	0.3750
继承人	0.7960	0.5190
抢劫	0.3070	0.8013
直升机停机坪	0.7800	0.6370
直升机场	0.5940	0.6040
氦	0.4900	0.3160
螺旋	0.5055	0.5430
地狱	0.0828	0.8220
地狱之火	0.1430	0.8900
地狱坑	0.2000	0.6150
地狱般	0.1250	0.8600
舵	0.4750	0.4595
头盔	0.5730	0.3270
舵手	0.4900	0.4410
帮帮我	0.6730	0.4710
帮手	0.7040	0.4380
有帮助	0.8160	0.3370
无助	0.1040	0.4200
无奈	0.0870	0.4800
赤铁矿	0.4480	0.3890
血肿	0.1460	0.6000
半球	0.5465	0.4080
毒草名	0.4380	0.3500
血红蛋白	0.4690	0.4810
出血	0.0310	0.8490
痔核	0.1330	0.7020
止血	0.3880	0.4420
今后	0.5270	0.4040
肝炎	0.0550	0.5960
先锋	0.7195	0.5000
纹章	0.5500	0.5200
草本植物	0.6430	0.4180
草本	0.5760	0.2375
标本馆	0.6020	0.1880
草药	0.6200	0.2990
放牧	0.5920	0.5000
异端	0.2650	0.7650
邪	0.2290	0.6300
誓章	0.5000	0.2250
兹	0.4500	0.3600
遗产	0.8133	0.5030
雌雄同体	0.4800	0.6840
诠释学	0.4060	0.5770
隐士	0.2555	0.4135
疝	0.1460	0.4860
英雄	0.9400	0.8060
英雄事迹	0.8650	0.6730
海洛因	0.2760	0.8430
女英雄	0.7290	0.7550
英雄主义	0.8440	0.8020
泡疹	0.1100	0.6000
疱疹病毒	0.2190	0.5580
鲱鱼	0.5310	0.3870
赫兹	0.3960	0.4170
踟	0.2990	0.5350
迟疑	0.4590	0.5480
犹豫	0.2860	0.3960
异质	0.5890	0.4050
异质性	0.4390	0.4500
异性	0.5610	0.6120
槎	0.4170	0.4700
十六进制	0.4100	0.5100
六边形	0.5420	0.2260
极盛	0.6460	0.6800
过冬	0.5000	0.3170
蛰伏	0.4690	0.2450
乡下人	0.3790	0.4710
吻痕	0.4480	0.5290
山胡桃木	0.5200	0.4900
隐	0.2080	0.4300
丏	0.4480	0.4810
巢穴	0.4030	0.4405
藏	0.2970	0.5985
等级制度	0.5830	0.7220
象形文字	0.4790	0.3250
高	0.7045	0.5505
高跟鞋	0.6460	0.5280
高球	0.6560	0.5200
更高	0.8660	0.5280
最高	0.7915	0.6700
高地	0.6710	0.4902
突出	0.6640	0.6263
拼命逃走	0.4480	0.4800
劫持	0.0420	0.9080
劫持者	0.1040	0.9530
远足	0.6150	0.4420
徒步旅行者	0.6940	0.8020
徒步旅行	0.8200	0.8430
远足启动	0.6570	0.3530
欢闹的	0.7500	0.6400
欢闹	0.7450	0.4800
爬坡道	0.6150	0.3530
山坡	0.6250	0.2920
山顶	0.6705	0.5920
丘陵的	0.6430	0.4790
柄	0.3960	0.6500
后	0.4840	0.5163
阻力	0.1350	0.5450
合页	0.4580	0.2920
暗示	0.4370	0.5473
腹地	0.5300	0.5200
嘻哈	0.7400	0.7140
嬉皮士	0.5510	0.4000
聘请	0.6880	0.5580
粗毛	0.4010	0.4725
发嘶嘶声	0.5000	0.4540
组织学	0.4900	0.3200
历史学家	0.6880	0.2700
历史性	0.8160	0.4730
历史的	0.6530	0.3570
史学	0.5620	0.4150
历史	0.7290	0.3820
击中	0.2350	0.9310
拴住	0.5120	0.4800
搭脚儿	0.3960	0.6220
短篇广告	0.5940	0.6260
迄今	0.4480	0.3560
打者	0.4180	0.6830
蜂巢	0.4710	0.4520
麻疹	0.2545	0.5540
囤	0.5060	0.4120
嘶哑	0.2810	0.4020
苍老	0.4690	0.2980
恶作剧	0.3852	0.7560
滚刀	0.6330	0.3630
霍比特人	0.4790	0.4890
爱好	0.8270	0.5600
流浪汉	0.2320	0.5003
踝关节	0.5130	0.4520
豕	0.3170	0.5090
泔水	0.4235	0.5090
虚情假意	0.6040	0.6670
保持	0.6076	0.3298
持有人	0.5920	0.3300
耽误	0.3980	0.4710
假日	0.9480	0.4310
假期	0.8895	0.5055
圣洁	0.8625	0.2750
空洞	0.3000	0.3370
冬青	0.5100	0.2500
全息照相	0.6150	0.4610
全息	0.5100	0.4710
皮套	0.5610	0.2550
圣	0.8120	0.1760
巨蟹座	0.6020	0.2550
归国	0.7600	0.4130
家园	0.7640	0.3300
无家可归	0.0420	0.4500
家常	0.7570	0.2175
自制	0.8690	0.3400
顺势疗法	0.4170	0.2680
同种疗法	0.4690	0.2840
房主	0.6350	0.3970
班主任	0.6040	0.4800
想家	0.4360	0.3040
家，甜蜜的家	0.7960	0.3800
家乡	0.8580	0.3330
回家的	0.8330	0.2750
家庭作业	0.3960	0.4120
杀人	0.0150	0.9425
归巢	0.5510	0.4600
霍米尼	0.4790	0.3820
同质化	0.7150	0.3650
同质	0.5520	0.2550
同系物	0.5420	0.3560
同源性	0.5710	0.4940
同性恋	0.2485	0.7160
同性	0.3330	0.7800
本町	0.4690	0.4640
磨练	0.6880	0.3920
诚实	0.9325	0.3325
蜜糖	0.9200	0.4310
度蜜月	0.9790	0.6780
金银花	0.5970	0.4510
按喇叭	0.5490	0.6350
光彩	0.9630	0.4120
酬金	0.7960	0.5100
荣幸	0.9380	0.4470
烈酒	0.4290	0.5380
引擎罩	0.3570	0.4590
连帽	0.3060	0.7450
蹄	0.4270	0.3410
迷上	0.6100	0.6610
挂钩	0.6250	0.5290
逃学	0.4680	0.5000
箍	0.6350	0.2040
喧闹	0.5420	0.4710
万岁	0.6100	0.4810
叱	0.4490	0.5600
号笛	0.4700	0.6150
跳	0.5375	0.6925
有希望	0.8690	0.4530
料斗	0.3960	0.4910
部落	0.4750	0.5995
地平线	0.7290	0.2840
横	0.5010	0.3665
水平	0.5610	0.3165
激素	0.4950	0.6850
喇叭	0.4827	0.6050
有角的	0.3160	0.6100
马蜂	0.3980	0.5940
角质	0.4900	0.9080
恐怖	0.0817	0.8680
马	0.6350	0.5100
马背	0.6880	0.5880
骑手	0.4410	0.7000
马力	0.5940	0.7350
辣根	0.3210	0.5840
马蹄铁	0.6730	0.3500
霍西	0.6020	0.4540
软管	0.4690	0.2880
针织品	0.5200	0.3440
临终关怀	0.3370	0.4430
好客	0.7910	0.4700
醫院	0.3230	0.5370
待客	0.8650	0.3330
主办	0.6930	0.4710
人质	0.1630	0.9230
女主人	0.7920	0.6040
敌对	0.1880	0.8770
敌对行动	0.2760	0.8100
辣酱	0.3330	0.7400
温床	0.5100	0.2850
热狗	0.7200	0.4380
旅馆	0.7400	0.3700
性急的人	0.2400	0.8490
热线	0.5920	0.5650
猎犬	0.4380	0.5140
小时	0.5520	0.2650
滴漏	0.5420	0.2840
每小时	0.4690	0.4180
屋	0.5870	0.1350
男仆	0.4790	0.4150
大小便	0.5180	0.4610
房客	0.5050	0.4740
住户	0.8160	0.5410
管家	0.6260	0.3190
家政	0.6040	0.5000
乔迁之喜	0.8570	0.7100
家庭主妇	0.6560	0.3610
家务	0.4840	0.4130
住房	0.7760	0.3040
徘徊	0.5100	0.4310
气垫船	0.5410	0.6540
嗥	0.3570	0.6460
不论如何	0.4590	0.3090
枢纽	0.4790	0.3990
丈夫	0.6595	0.4675
越橘	0.6000	0.2790
乱堆	0.6040	0.5090
色调	0.4887	0.3360
发怒的	0.3040	0.7340
杂乱的	0.5200	0.4800
废船	0.4600	0.7400
船壳	0.5420	0.2650
哼	0.4863	0.4257
人的	0.7670	0.3140
人道	0.8000	0.3700
人道主义	0.7860	0.3170
人文	0.7290	0.3250
人性	0.7500	0.3600
人类	0.8540	0.4325
人形	0.5210	0.4620
谦卑	0.8670	0.2360
自愧不如	0.2800	0.6180
虚心	0.7710	0.1940
湿	0.4100	0.3523
湿度	0.4640	0.3730
屈辱	0.0915	0.6780
谦逊	0.5800	0.2147
蜂鸟	0.6300	0.4960
堆积如山	0.3780	0.5380
幽默	0.8980	0.6245
幽默的	0.8540	0.6570
滑稽演员	0.6730	0.7300
驼峰	0.2960	0.4620
驼背	0.2350	0.3460
直觉	0.7297	0.5800
偻	0.2080	0.3900
百	0.6040	0.3700
第一百	0.4270	0.3680
饥饿	0.1258	0.6312
猛男	0.4480	0.4375
性情乖僻之人	0.4170	0.4530
虎背熊腰，脚蹬	0.4690	0.5710
打猎	0.3270	0.8060
猎人	0.2920	0.8170
狩猎	0.4480	0.7130
女猎人	0.3570	0.7170
栏	0.1980	0.6820
飓风	0.2315	0.9280
慌忙	0.3140	0.8060
匆忙	0.4220	0.7350
伤害	0.1075	0.7755
伤人	0.1615	0.7025
农事	0.6430	0.4730
寂静	0.5105	0.1595
沙哑	0.4730	0.5950
荡妇	0.2190	0.5940
喧嚣	0.4270	0.5960
棚屋	0.6330	0.2700
风信子	0.3720	0.3600
混合动力	0.5000	0.3650
水螅	0.4060	0.5980
消防栓	0.5700	0.4130
水合物	0.6100	0.3670
液	0.5220	0.3980
水力学	0.5000	0.5300
脑积水	0.2860	0.6290
流体动力学	0.5520	0.5820
氢	0.4690	0.3030
水文	0.4900	0.3960
水文学	0.5000	0.3800
恐水病	0.3230	0.7840
水培	0.5000	0.5490
鬣狗	0.3960	0.7190
卫生	0.7473	0.2813
卫生员	0.6980	0.3890
处女膜	0.4690	0.6510
炒作	0.5100	0.5000
大肆宣传	0.7080	0.5820
超	0.6930	0.6395
多动	0.5000	0.9210
超空间	0.5100	0.6230
高血压	0.1330	0.7840
肥大	0.3120	0.6250
哽咽	0.3470	0.7290
换气过度	0.1640	0.8020
连字符号	0.5520	0.3560
催眠	0.4765	0.4778
催眠师	0.4900	0.4550
忧郁症	0.1940	0.5880
假意	0.1560	0.5230
伪君子	0.2350	0.5510
虚伪	0.1855	0.6700
皮下注射	0.2400	0.4410
下丘脑	0.5930	0.4270
低温	0.1840	0.6200
假想	0.5237	0.3997
子宫切除术	0.1780	0.6600
歇斯底里	0.2570	0.9240
布洛芬	0.4480	0.4270
冰	0.4400	0.2650
冰茶	0.7710	0.3370
冰山	0.3440	0.5400
破冰船	0.5710	0.5450
冰镇	0.5640	0.4820
刨冰	0.6880	0.4520
过分甜的	0.3570	0.5100
图标	0.5490	0.3490
标志性的	0.5830	0.5370
理念	0.7500	0.5380
理想	0.8020	0.4370
唯心主义	0.6350	0.4360
理想主义者	0.8160	0.5100
理想主义	0.8120	0.4690
相同	0.6510	0.4035
鉴定	0.6745	0.4655
身分	0.6630	0.3600
思想	0.6765	0.3295
成语	0.5200	0.3370
惯用的	0.5310	0.4290
痴	0.1040	0.6200
闲	0.1790	0.1670
懒惰	0.2277	0.2837
惰轮	0.2000	0.3040
偶像	0.6840	0.8050
偶像崇拜	0.3650	0.5710
过度崇拜	0.6760	0.7120
田园	0.5710	0.3940
前途未卜	0.3800	0.4420
要是	0.4060	0.2500
雪屋	0.5690	0.3020
火成岩	0.4690	0.4660
点燃	0.4580	0.7850
点火	0.3650	0.7200
愚昧	0.1020	0.4610
鬣蜥	0.5210	0.2350
非法	0.0970	0.7875
违法	0.0940	0.6350
难以辨认	0.2960	0.4900
非法的	0.1420	0.7193
文盲	0.1200	0.4100
不通	0.2080	0.6300
照亮	0.9050	0.6460
照明	0.8263	0.5890
错觉	0.5620	0.4900
插图	0.7400	0.4410
图片	0.6733	0.2630
意象	0.6530	0.3270
想象	0.6673	0.4575
想像力	0.8020	0.4910
想像的	0.7800	0.5410
想像	0.6978	0.4650
成像	0.7240	0.3940
失调	0.1150	0.5380
笨人	0.3297	0.4450
嵌入	0.4060	0.5800
模拟	0.4998	0.5085
模仿	0.3947	0.4483
仿制	0.4060	0.5920
未成熟的	0.1140	0.5000
未成年	0.3075	0.5140
不可计量的	0.5100	0.5390
没法比	0.5100	0.6400
即时	0.6560	0.5480
立即	0.5520	0.7800
太古	0.3270	0.4690
沉浸	0.5100	0.5770
浸没	0.5100	0.5560
即将来临	0.4900	0.7840
动	0.4200	0.3780
不道德	0.1430	0.6220
不朽	0.7360	0.6283
不能移动的	0.4800	0.3100
免疫的	0.6290	0.4720
免疫	0.6330	0.3160
免疫接种	0.6670	0.5100
一成不变	0.4270	0.4310
受损	0.1300	0.4590
减值	0.1700	0.5710
传授	0.5210	0.4410
公正	0.5310	0.4060
公正性	0.6220	0.3940
不可逾越	0.4810	0.5425
激切	0.7400	0.7800
不耐烦	0.2640	0.7440
劾	0.2080	0.7760
弹劾	0.1630	0.7350
无可挑剔	0.8330	0.3700
障碍	0.1835	0.6540
推动	0.5000	0.6925
即将到来的	0.4800	0.7350
费解的	0.3350	0.5873
势在必行	0.6250	0.6470
难以察觉	0.3780	0.4900
不完善	0.1730	0.5270
不完美	0.2970	0.4810
不透水	0.5100	0.3080
非人的	0.3160	0.3560
冒领	0.4690	0.5860
鲁莽	0.2358	0.7575
抗渗	0.5820	0.4080
浮躁	0.4835	0.8390
原动力	0.5210	0.7400
无情	0.3078	0.6963
注入	0.4616	0.6072
植入	0.3715	0.5520
实行	0.7200	0.5730
连累	0.2500	0.6700
牵连	0.3540	0.6730
意义	0.5800	0.4417
默示	0.3270	0.5300
爆	0.4120	0.7240
不客气	0.1670	0.5900
进口	0.6305	0.4290
重要性	0.7500	0.5800
重要	0.7885	0.6730
强加	0.5030	0.7210
威风	0.3920	0.7310
征收	0.3975	0.5120
不可能的事	0.1700	0.6250
不可能	0.1530	0.5100
性无能	0.1980	0.6890
无能	0.1378	0.5186
关在栏中	0.2300	0.5870
不切实际	0.3135	0.5245
不切实际的	0.1600	0.3730
坚不可摧	0.5750	0.6400
印	0.8160	0.7440
印象深刻	0.8060	0.7700
印象	0.6840	0.5570
易受	0.8270	0.7200
有声有色	0.7810	0.8300
版本说明	0.6150	0.5740
监禁	0.1060	0.8145
徒刑	0.1330	0.6300
难以置信	0.4770	0.6040
即兴	0.5757	0.6913
不当	0.1808	0.5466
起色	0.7860	0.5000
凑合	0.6670	0.4935
鲁莽的	0.1700	0.6760
肆无忌单	0.2140	0.5000
冲动	0.5300	0.8400
有罪不罚	0.3130	0.7210
不纯	0.2165	0.5530
归罪	0.2605	0.7320
无力	0.1375	0.5145
人迹罕至	0.0830	0.5850
不准确	0.1350	0.4500
无为	0.3230	0.2250
灭活	0.2450	0.2400
失活	0.1980	0.2600
待用	0.2710	0.1670
不足之处	0.2860	0.5000
不予受理	0.1880	0.6360
非故意的	0.3650	0.3680
不经意间	0.3020	0.5410
不可分割	0.5415	0.4285
空洞的	0.2710	0.3500
老成	0.2810	0.1430
不适用	0.2810	0.4020
注意力不集中	0.2080	0.4330
听不见	0.2800	0.3980
就职	0.6840	0.5670
开幕	0.7810	0.5820
就职典礼	0.8470	0.7120
先天	0.5400	0.3440
入站	0.5310	0.3880
自交系	0.3970	0.5200
不可估量	0.4490	0.6200
白炽灯	0.3540	0.6120
咒语	0.4390	0.6320
无法	0.1440	0.4940
丧失工作能力	0.0520	0.5000
体现	0.5520	0.6510
以防万一	0.5800	0.1960
放火的	0.2810	0.8100
激励	0.8850	0.7190
成立	0.6725	0.4185
不停	0.4380	0.7600
不已	0.4170	0.7650
乱伦的	0.1880	0.7360
英寸	0.4810	0.3270
发生率	0.4170	0.5270
附带的	0.2810	0.6100
顺便	0.4790	0.5000
焚化	0.2290	0.7870
焚烧炉	0.2500	0.6430
初期的	0.5630	0.3775
切口	0.2400	0.6630
尖锐	0.3897	0.6535
煽动	0.3755	0.8395
恶劣	0.1715	0.6065
倾角	0.3780	0.4900
倾斜	0.4457	0.4380
斜	0.4535	0.3470
包容	0.7740	0.4040
包括的	0.6040	0.4200
颠三倒四	0.1220	0.6120
收入	0.8115	0.5100
无与伦比	0.6800	0.6480
不相容	0.1960	0.5000
残缺	0.1530	0.3700
不完全	0.3440	0.4420
不完备	0.2710	0.4510
不可思议	0.3855	0.5930
尚无定论	0.1530	0.4420
牛头不对马嘴	0.1770	0.5040
无关紧要	0.2500	0.4800
前后矛盾	0.1250	0.4800
不符	0.2710	0.4310
不显眼的	0.5255	0.2705
失禁	0.1500	0.5980
不方便	0.1435	0.6385
掺入	0.5730	0.4040
不正确	0.1400	0.5690
不可救药	0.1170	0.6670
怀疑的	0.2357	0.4657
增量	0.6840	0.6370
罪证	0.1330	0.7880
证其罪	0.1520	0.8650
恒温箱	0.5100	0.4350
梦魇	0.4580	0.5290
现任	0.3960	0.5400
侵入	0.3142	0.7370
非礼	0.0830	0.6830
优柔寡断	0.2275	0.4500
站不住脚的	0.1580	0.6420
不定	0.4040	0.3470
不可磨灭	0.4900	0.3370
保障	0.6535	0.5570
赔款	0.4700	0.6070
缩进	0.4265	0.4230
契约	0.4340	0.3820
独立	0.7533	0.4903
无法形容	0.3243	0.5680
迹象	0.7190	0.4320
指示符	0.5730	0.4510
起诉	0.2953	0.6830
起诉书	0.2450	0.7450
漠不关心	0.4135	0.3500
冷漠	0.2865	0.2010
愤慨	0.1730	0.7780
侮辱	0.1153	0.7237
靛青	0.5140	0.3650
间接	0.3850	0.4020
必不可少	0.7100	0.4490
不适	0.1325	0.5795
个人	0.6885	0.3190
个性	0.7540	0.4910
灌输	0.4445	0.5735
不屈不挠	0.4580	0.8000
室内	0.6165	0.2010
促使	0.4520	0.6855
诱发	0.3970	0.4710
感应	0.4930	0.5515
放纵	0.6560	0.6030
放纵的	0.5600	0.4810
产业	0.4690	0.6000
实业家	0.5620	0.6330
勤劳	0.7200	0.5370
行业	0.6500	0.4470
不可言说	0.5510	0.5770
不灵	0.0930	0.4220
无效	0.1775	0.4065
低效	0.1410	0.4630
无弹性	0.3960	0.4260
不合格	0.1565	0.4050
不等式	0.1220	0.5750
不公平	0.2270	0.4955
惰性的	0.3230	0.1800
惯性	0.3440	0.2880
必然	0.3160	0.4190
不精确	0.1530	0.4590
不可原谅	0.2710	0.5820
取之不尽，用之不竭	0.6020	0.5410
便宜	0.6940	0.4140
缺乏经验	0.2080	0.6140
没经验	0.2810	0.4730
犯错误	0.5830	0.6630
万无一失	0.7760	0.6870
臭名昭著	0.2560	0.5810
骂名	0.1770	0.6760
婴儿期	0.7500	0.3990
婴儿	0.7030	0.4065
女婴	0.1670	0.8560
步兵	0.5310	0.6840
梗塞	0.0800	0.8460
痴迷	0.4740	0.8020
痴情	0.8440	0.7450
不可行	0.2450	0.4720
感染	0.0925	0.7560
传染病	0.1420	0.7600
推理	0.5047	0.4317
自卑	0.1770	0.4300
薄	0.2740	0.4580
不孕不育	0.1700	0.6640
为患	0.2560	0.7760
不忠	0.0465	0.7915
内场	0.5100	0.5710
浸润	0.3365	0.7685
无限地	0.6880	0.6430
无限	0.6087	0.5563
体弱者	0.1150	0.5210
医务室	0.3980	0.4740
癃	0.0940	0.4820
炎	0.1460	0.7650
发炎的	0.1770	0.6420
充气	0.4065	0.4705
通货膨胀	0.2190	0.7920
拐点	0.3850	0.6350
施加某种	0.3020	0.7220
花序	0.4590	0.3440
有影响	0.8990	0.6880
辐辏	0.6220	0.6350
信息	0.7443	0.3775
电视购物	0.4270	0.4620
通知	0.6282	0.4530
非正式的	0.4800	0.3980
线人	0.5470	0.5370
举报人	0.5210	0.5780
侵害	0.1990	0.7300
红外线	0.4690	0.5880
基础设施	0.6040	0.4600
罕见的	0.3120	0.3770
不常	0.2040	0.2500
气死人	0.1390	0.8700
输注	0.3850	0.4730
浸泡	0.4380	0.4217
巧妙	0.7600	0.6900
摄取	0.4695	0.5855
锭	0.6880	0.4440
根深蒂固	0.5310	0.4900
忘恩	0.2350	0.6060
进入	0.6010	0.3660
居住于	0.6560	0.3780
居民	0.5980	0.3415
居住	0.5253	0.4137
吸入	0.4685	0.4765
吸入器	0.4080	0.5000
固有	0.4840	0.4550
继承	0.7450	0.5460
抑制剂	0.2810	0.4500
不人道	0.1180	0.5957
抵触的	0.2600	0.8230
无比	0.6070	0.4443
罪孽	0.2190	0.5670
初始	0.5830	0.3140
发起	0.7190	0.4800
启动	0.7030	0.5315
引发	0.6980	0.5290
倡议	0.8330	0.6150
注射	0.2810	0.7410
禁令	0.2740	0.5353
受伤	0.0780	0.7350
害	0.1770	0.7590
伤	0.0490	0.7690
不公正	0.0820	0.7550
墨水	0.4710	0.4080
内陆	0.4300	0.3773
镶嵌	0.5205	0.3905
犯人	0.2350	0.6630
旅店	0.6600	0.2840
内脏	0.3020	0.4750
内	0.5820	0.3733
一局	0.6020	0.3150
店主	0.6275	0.3670
无辜	0.7655	0.2330
傻傻	0.7760	0.2500
无害的	0.5100	0.3210
创新	0.8890	0.7560
革新	0.9490	0.6800
讽刺	0.3383	0.6674
接种	0.3330	0.5700
不能手术	0.1840	0.4220
不工作	0.1380	0.4250
过度的	0.1757	0.6070
无机	0.3850	0.3450
审讯	0.4480	0.6160
查询	0.5343	0.4830
询问者	0.5730	0.5980
砂锅	0.3850	0.8730
题词	0.5920	0.4220
高深莫测	0.4590	0.5410
昆虫	0.2760	0.6330
杀虫剂	0.1880	0.5980
不安全	0.1077	0.5823
授精	0.5420	0.6440
形影不离	0.7000	0.5200
插	0.4247	0.5633
插入	0.5000	0.4610
内幕	0.4655	0.5015
阴险	0.1460	0.6220
眼光	0.6130	0.3630
见地	0.6640	0.6910
渺小	0.2500	0.2160
微不足道	0.2472	0.3438
咬定	0.6350	0.6510
坚持	0.6149	0.5970
粗野	0.0960	0.7120
不溶性	0.4390	0.2900
资不抵债	0.2300	0.4810
失眠	0.1777	0.5273
灵感	0.9380	0.6000
励志	0.9270	0.7200
不稳定	0.1553	0.6157
安装	0.5953	0.4480
分期付款	0.6190	0.3960
瞬间	0.6195	0.4835
唆	0.2780	0.7650
唆使	0.3230	0.7690
直觉的	0.7520	0.5750
研究所	0.6040	0.4800
指令	0.6560	0.4340
教学	0.7600	0.4720
讲师	0.7240	0.5195
仪器的	0.7400	0.4720
器乐	0.6560	0.5400
媒介	0.6370	0.5100
犯上	0.2810	0.7750
不能忍受的	0.2200	0.7840
机能不全	0.1150	0.4310
不足够	0.1470	0.5090
岛	0.6380	0.3865
隔离	0.2268	0.5295
绝缘	0.2265	0.2960
胰岛素	0.4290	0.4720
保险	0.7140	0.3080
叛乱	0.2350	0.7350
起义	0.3950	0.7415
完整	0.7160	0.2120
录取	0.6040	0.5270
整数	0.5730	0.3270
积分	0.6805	0.4085
整合	0.7290	0.3900
廉正	0.8650	0.4130
智力	0.8440	0.4180
知识分子	0.9060	0.4550
情报	0.8330	0.5870
智能	0.9170	0.5410
清晰度	0.7400	0.4810
明了的	0.6350	0.4800
打算	0.5360	0.5435
意	0.4060	0.5420
强度	0.7120	0.8060
集约	0.5700	0.8420
意图	0.5500	0.4810
意向	0.5310	0.4800
故意的	0.6500	0.6150
故意地	0.4500	0.6760
间	0.5100	0.3750
相互作用	0.7340	0.7125
互动	0.7270	0.8110
说情	0.5425	0.5315
截距	0.2210	0.6600
截击	0.3270	0.6730
互换	0.5055	0.4995
对讲	0.6230	0.4290
相互依存	0.5090	0.5500
利益	0.7800	0.6670
有兴趣	0.7500	0.5290
接口	0.6430	0.3570
干扰	0.3787	0.6633
干涉仪	0.5100	0.5100
星系间	0.5620	0.6610
临时	0.5310	0.4513
中介	0.4270	0.5100
中间	0.4207	0.2667
土葬	0.2350	0.6080
没完没了	0.3270	0.4810
幕间休息	0.4900	0.3600
断断续续的	0.3370	0.5650
实习生	0.5430	0.4340
内部	0.4390	0.3490
国际	0.8000	0.5190
互联网	0.7600	0.4620
实习	0.5900	0.5100
局间	0.4390	0.3750
插值	0.4190	0.5060
译	0.6460	0.6250
翻译员	0.7080	0.4610
审问	0.3230	0.8080
问诊	0.3020	0.8270
打断	0.2100	0.6350
相交	0.5210	0.5100
州际	0.5200	0.4430
星际	0.7080	0.7020
间质性	0.3330	0.4710
间隔	0.5100	0.2840
干预	0.5200	0.6770
介入	0.3930	0.6615
面试官	0.5520	0.7360
互通	0.5520	0.5870
遗嘱	0.5265	0.4435
亲密关系	0.8570	0.8020
亲密	0.7240	0.5980
密切	0.8060	0.5730
威吓	0.2100	0.8040
吓倒	0.1770	0.6630
吓人	0.2290	0.7900
恐吓	0.1770	0.7910
无法忍受	0.1460	0.6600
不耐症	0.0520	0.7040
不可忍耐	0.1350	0.6760
腔调	0.6150	0.4420
酣	0.0790	0.8240
醉人	0.2240	0.7600
棘手	0.1540	0.6940
壁间	0.4900	0.4640
静脉	0.3700	0.4940
强悍	0.7530	0.6960
错综复杂	0.5590	0.7040
介绍	0.6282	0.4550
内省	0.5775	0.3485
侵入者	0.2240	0.8000
侵扰	0.2930	0.6410
插管法	0.2760	0.5980
直观的	0.7710	0.5730
直观地	0.6700	0.5610
泛滥	0.2240	0.7720
入侵	0.4080	0.8920
无价	0.7425	0.5980
不变地	0.4580	0.3650
侵入的	0.1940	0.7300
发明	0.7165	0.6330
发明的	0.7800	0.6270
发明者	0.7810	0.6670
库存	0.5940	0.4630
逆	0.4590	0.3370
成反比	0.2860	0.4180
逆温	0.6020	0.6300
倒置	0.5100	0.5850
倒	0.3100	0.4710
投资	0.6850	0.6275
调查	0.5837	0.4830
研究	0.6585	0.4825
研究者	0.6150	0.5090
投资者	0.7940	0.6550
不可战胜的	0.8670	0.8530
请帖	0.8020	0.5490
邀请	0.7450	0.6550
诱人的	0.7765	0.6555
发票	0.4800	0.3800
非自愿	0.3540	0.4900
乘方	0.2960	0.4200
涉及	0.6735	0.4950
参与	0.7705	0.6600
无懈可击	0.5520	0.6830
向内	0.4900	0.3850
碘	0.3900	0.2650
离子	0.4290	0.3300
丝毫	0.3440	0.3850
虹彩	0.6020	0.5880
鸢尾花	0.7080	0.2750
很厌烦	0.2760	0.7810
铁	0.4480	0.3510
铁定	0.5610	0.6480
具有讽刺意味	0.4350	0.5500
放射	0.3850	0.7360
不合理的	0.1250	0.6480
非理性	0.1980	0.7350
不可调和	0.1460	0.6670
不相干	0.1380	0.3110
不可挽回的	0.0610	0.5300
不可替代	0.4790	0.5800
抑制不住的	0.5120	0.5660
不可抗拒	0.8230	0.8330
不管	0.4970	0.5380
不负责任	0.1770	0.6800
不敬	0.1910	0.6940
不可逆转	0.1700	0.5410
不可撤销	0.2960	0.5600
灌溉	0.2655	0.4420
易怒	0.1460	0.8530
急躁	0.1120	0.9520
刺激	0.4741	0.7993
恼怒的	0.2100	0.8160
小岛	0.6670	0.3900
坻	0.6120	0.3140
孤立	0.2210	0.3560
同构	0.4480	0.3610
等温	0.4590	0.4910
同位素	0.4290	0.4040
问题	0.1503	0.7277
痒	0.3190	0.6100
瘙痒	0.2080	0.6900
发痒的	0.2845	0.6680
项目	0.6203	0.3777
逐项	0.4590	0.5270
迭代	0.4697	0.4430
江湖	0.4490	0.5450
行程	0.5565	0.4950
象牙	0.6250	0.2350
戳	0.3750	0.6160
叽里咕噜	0.4170	0.5060
插口	0.4870	0.4500
狐狼	0.3330	0.5820
夹克	0.6560	0.3020
手持式凿岩机	0.1990	0.6900
头奖	0.9500	0.7500
兔崽子	0.6250	0.3790
千斤顶	0.4900	0.4000
玉	0.6040	0.4100
厌倦	0.2245	0.4205
盘陀	0.0820	0.4620
美洲虎	0.5590	0.7100
累犯	0.2425	0.5435
越狱	0.3540	0.6290
狱卒	0.3625	0.5060
老爷车	0.3960	0.4360
果酱	0.4997	0.5687
大露营	0.6020	0.6250
卡住	0.1940	0.7305
门警	0.5100	0.3500
清洁卫生	0.4900	0.3730
日本	0.6670	0.4820
行话	0.3643	0.5157
锅盖头	0.4080	0.5300
茉莉	0.7650	0.2300
碧玉	0.4800	0.4250
黄疸	0.2140	0.4800
短程游览	0.8080	0.4510
java的	0.4590	0.3210
标枪	0.3850	0.4810
颚	0.4425	0.5190
颚骨	0.4680	0.4130
松鸦	0.5310	0.4080
爵士乐	0.6770	0.3620
爵士	0.7250	0.4310
妒	0.1730	0.8550
妒忌	0.1460	0.7830
牛仔裤	0.6220	0.3240
吉普车	0.6020	0.5100
果冻	0.6510	0.2940
果冻豆	0.5920	0.4060
海蜇	0.5310	0.5670
珍妮	0.5420	0.4060
抽搐	0.3217	0.6665
生涩的	0.2330	0.5380
球衣	0.5940	0.3170
耶稣	0.8000	0.4000
宝	0.8380	0.5295
珠宝商	0.7600	0.4820
首饰	0.8230	0.5690
臂架	0.4060	0.4200
轻摇	0.5920	0.6730
拼图	0.5940	0.5820
讨伐异教徒	0.3230	0.6600
吉米	0.5790	0.3210
叮铃	0.6350	0.5000
风声鹤唳	0.3440	0.8560
黑话	0.5610	0.5510
工作	0.7065	0.5685
乔克	0.5920	0.6560
骑师	0.5620	0.6440
护身三角绷带	0.3470	0.4310
慢跑	0.5100	0.7080
慢跑者	0.4170	0.5100
约翰	0.5620	0.3820
加盟	0.7110	0.4315
联合	0.6150	0.3920
玩笑	0.7040	0.6100
滑稽角色	0.7710	0.7600
小额	0.4060	0.3230
日志	0.6395	0.3055
新闻学	0.6220	0.5000
记者	0.5365	0.5010
新闻	0.6645	0.5145
旅程	0.9100	0.7020
熟练工	0.7650	0.5960
乔斯特	0.5200	0.5280
快活	0.9010	0.5955
喜悦	0.9800	0.8240
兜风	0.6940	0.5500
喜庆	0.8440	0.6730
法官	0.5485	0.5725
判断	0.3057	0.6370
评判	0.3300	0.6020
司法	0.4085	0.7035
明智的	0.7560	0.3057
柔道	0.5000	0.7900
坛子	0.5200	0.2500
颈静脉	0.2710	0.5730
果汁	0.7760	0.2810
榨汁机	0.5520	0.5200
多汁	0.8230	0.5290
绕树	0.5000	0.4910
点唱机	0.6990	0.5400
错杂	0.2920	0.6020
巨大的	0.7515	0.6210
跳绳	0.6560	0.6600
跨接器	0.6150	0.3360
连衣	0.5620	0.3650
神经过敏	0.3530	0.8100
连接点	0.4900	0.4810
契机	0.3650	0.5820
丛林	0.5000	0.5100
杜松	0.5830	0.3270
破烂	0.2223	0.4833
迷	0.1350	0.8600
垃圾场	0.1770	0.3980
军政府	0.4510	0.5030
法律	0.5865	0.4090
管辖权	0.4800	0.5800
法理	0.3600	0.4250
法学家	0.4790	0.5230
陪审员	0.5820	0.6400
陪审团	0.4790	0.6070
正义	0.7915	0.4615
合理的	0.7805	0.3800
辩解	0.6120	0.4730
黄麻	0.5510	0.2160
少年	0.6780	0.4900
并列	0.4270	0.5000
凯泽	0.4700	0.5090
羽衣甘蓝	0.4690	0.2260
万花筒	0.6150	0.4390
神风	0.2040	0.8100
袋鼠	0.6285	0.3505
卡帕	0.4690	0.3750
卡拉OK	0.7630	0.6490
空手道	0.5620	0.8330
因果报应	0.5000	0.5100
业力	0.3570	0.4590
皮艇	0.5920	0.6000
卡祖笛	0.5030	0.4620
烤肉串	0.5310	0.4310
龙骨	0.3440	0.4170
信物	0.7400	0.3070
海带	0.4790	0.2640
肯	0.4380	0.4090
头巾	0.4945	0.2875
克恩	0.4380	0.4200
煤油	0.3020	0.4720
番茄酱	0.6530	0.3380
水壶	0.3570	0.4970
键盘	0.5885	0.2670
键控	0.4690	0.4970
锁孔	0.4380	0.3580
基调	0.6300	0.4310
拱心石	0.5730	0.4380
关键词	0.6020	0.5200
黄褐色	0.5960	0.3700
汗	0.4120	0.5740
粗磨	0.5100	0.4580
踢	0.2990	0.7965
跆拳道	0.4270	0.8820
踢球者	0.4270	0.7110
基德	0.7080	0.7680
老兄	0.6740	0.3930
绑匪	0.1150	0.9060
肾	0.3740	0.4215
凶手	0.0307	0.9573
谋杀	0.0705	0.9505
煞风景	0.1780	0.5500
窑	0.4510	0.4230
公斤	0.5100	0.2600
公里	0.4900	0.4390
褶裙	0.4480	0.3460
和服	0.6430	0.2800
亲属	0.6515	0.4295
幼儿园	0.8330	0.4620
劈柴	0.5200	0.6510
运动学	0.5940	0.4800
人体工学	0.4910	0.4800
动能	0.5820	0.5400
国王	0.6770	0.6900
王蛇	0.4580	0.8350
王国	0.7140	0.5470
主销	0.3570	0.6260
纠结	0.3370	0.6340
淫	0.4490	0.5580
亲属关系	0.7710	0.3000
柯克	0.5100	0.3900
吻	0.6215	0.5990
接吻	0.8200	0.7065
套件	0.5830	0.3440
风筝	0.6430	0.5000
小猫	0.8160	0.3430
奇异果	0.6460	0.2730
笨手笨脚	0.2750	0.4510
诀窍	0.5620	0.5180
揉	0.4900	0.4570
膝盖	0.5200	0.2450
髌骨	0.4285	0.3100
下跪	0.4260	0.4170
跪	0.2450	0.4350
丧钟	0.3540	0.5000
尼克斯	0.4050	0.4445
短裤	0.5870	0.4545
骑士风格	0.7400	0.6600
针织	0.6300	0.1440
把手	0.3400	0.3600
敲	0.3120	0.5310
山寨货	0.3500	0.6060
击倒	0.3880	0.7550
小丘	0.4340	0.3470
结	0.4795	0.2835
打结	0.2260	0.4120
知道	0.7650	0.3610
会心	0.8330	0.3530
有意识	0.5000	0.4590
知识	0.7830	0.4015
懂行	0.8650	0.4550
指关节	0.6550	0.3330
博傻	0.1570	0.4850
考拉	0.6080	0.2100
怪人的	0.4180	0.5820
库尔急救	0.5310	0.3180
科斯	0.5000	0.4710
合犹太人戒律	0.4690	0.4430
短剑的一种	0.4270	0.4170
氪石	0.3060	0.6900
金橘	0.4170	0.4260
实验室	0.5250	0.4950
标签	0.5960	0.2687
劳动	0.6495	0.6415
吃力	0.6460	0.4510
劳动者	0.5610	0.5100
费力的	0.3930	0.6350
迷宫	0.4585	0.7095
划破	0.1430	0.6670
走狗	0.2600	0.5100
乏善可陈	0.2500	0.3110
漆	0.4790	0.3530
乳糖	0.4790	0.2900
小伙子	0.6370	0.3880
阶梯	0.5600	0.4380
后生	0.6680	0.5390
载货	0.3920	0.4780
提单	0.3880	0.4630
瓢	0.5310	0.3680
淑女	0.8540	0.4810
瓢虫	0.6020	0.4000
大家闺秀	0.5920	0.5590
贵妇人身分	0.5610	0.4800
滞后	0.1350	0.5380
泻湖	0.6600	0.2310
俗人	0.5100	0.3200
湖	0.5715	0.2155
羊肉	0.5365	0.2835
瘸	0.1450	0.4100
哀叹	0.1980	0.3980
椎板	0.5100	0.3140
层压	0.4170	0.3040
灯	0.5100	0.2600
路灯	0.5465	0.3025
槊	0.4060	0.6200
蓝瑟	0.4170	0.5280
土地	0.5880	0.2700
登陆	0.6150	0.5270
垃圾填埋场	0.3980	0.4230
房东	0.6805	0.4015
里程碑	0.7065	0.3640
景观	0.7190	0.1760
滑坡	0.2500	0.8640
语言	0.6077	0.3817
酸软	0.2810	0.2700
憔悴	0.2350	0.4080
含情脉脉	0.3080	0.4590
瘦长	0.4120	0.4260
灯笼	0.6220	0.2500
膝部	0.5830	0.5100
哈巴狗	0.3880	0.4900
翻领	0.4600	0.2870
失误	0.4200	0.3160
失效	0.3570	0.3330
笔记本电脑	0.7240	0.2700
盗窃罪	0.2720	0.8210
猪油	0.4270	0.2390
储藏室	0.6390	0.2920
云雀	0.5700	0.2920
幼虫	0.2450	0.4230
喉炎	0.1250	0.5000
喉	0.4050	0.4790
烤宽面条	0.7190	0.4410
激光	0.4690	0.5310
姑娘	0.6560	0.5360
套索	0.3970	0.3800
最后一分钟	0.4180	0.5820
闩	0.3950	0.2630
晚了	0.2450	0.3580
迟到	0.2140	0.3880
潜	0.3230	0.3800
侧	0.4540	0.3290
横向	0.5620	0.2550
胶乳	0.4790	0.4130
车床	0.5100	0.4500
纬度	0.5620	0.3060
茅房	0.3800	0.3530
厕所	0.3630	0.3697
拿铁	0.6150	0.3200
格子	0.4060	0.4200
值得称赞	0.7400	0.4720
赞扬的	0.6120	0.4170
笑	0.8993	0.6937
可笑	0.5920	0.6270
发射台	0.6770	0.7450
发布会	0.4900	0.6630
洗钱	0.4590	0.3885
洗衣店	0.6440	0.2920
得主	0.7600	0.6115
月桂树	0.6460	0.1460
桂冠	0.6840	0.2790
岩浆	0.3015	0.5810
厕	0.5100	0.4000
薰衣草	0.8120	0.1980
阔气	0.7920	0.6480
法	0.7400	0.5900
不法	0.2190	0.6900
无法无天	0.1560	0.8040
执法者	0.5100	0.5230
草坪	0.6860	0.1530
割草机	0.4690	0.5205
诉讼	0.3830	0.7074
松	0.6540	0.2440
铺设	0.5210	0.3360
预约购货	0.4290	0.5100
层	0.5000	0.2080
分层	0.5510	0.3980
外行	0.4010	0.3135
布局	0.6150	0.4420
短暂停留	0.5200	0.3550
怠惰	0.2710	0.2400
懒	0.3920	0.2640
慵懒的一天	0.3370	0.3190
铅	0.3230	0.6570
含铅	0.4390	0.6250
领导	0.8420	0.6567
引线	0.5300	0.4710
叶	0.5210	0.2600
多叶	0.6530	0.5300
泄漏	0.2453	0.7500
靠	0.7340	0.3530
凑近	0.5700	0.3730
倚	0.4800	0.4090
飞跃	0.7500	0.6630
学习	0.8330	0.6155
学到了	0.7040	0.4620
学习者	0.6980	0.4750
租	0.5200	0.4630
皮带	0.3200	0.3470
皮革	0.5100	0.3240
似皮革的	0.4180	0.4710
请别打扰我	0.2400	0.4720
好色	0.1350	0.7040
窗台	0.4227	0.2947
总帐	0.5100	0.3620
背风处	0.5100	0.2690
水蛭	0.1825	0.6605
持怀疑态度	0.3370	0.6400
余地	0.5620	0.5770
剩下	0.3540	0.3700
剩	0.4285	0.3860
残羹剩饭	0.2190	0.3500
左撇子	0.5160	0.3975
腿	0.4945	0.3900
合法性	0.7055	0.4065
合法化	0.6350	0.4500
法律上	0.7710	0.4820
传奇的	0.8570	0.5370
易读性	0.7710	0.4810
军团	0.4690	0.5700
立法	0.5783	0.4550
立法者	0.4900	0.5800
立法机关	0.5400	0.4350
合法的	0.7920	0.3925
乐高	0.6000	0.2940
豆科植物	0.5200	0.3020
跑腿儿的工作	0.6220	0.5600
闲暇	0.6310	0.4290
悠闲	0.8060	0.2500
引理	0.5300	0.2840
柠檬	0.5960	0.3170
柠檬汽水	0.6610	0.2870
贷款人	0.3400	0.5200
贷款	0.5310	0.5325
长度	0.4790	0.3080
加长	0.5335	0.5055
延长	0.5960	0.5443
纵向	0.5560	0.4250
冗长	0.5700	0.3420
镜片	0.4200	0.2450
豹	0.4225	0.6745
连体衣	0.5100	0.4290
麻风病人	0.0750	0.5890
妖精	0.4170	0.4800
麻风	0.1300	0.6700
女同性恋	0.3560	0.6925
病变	0.2400	0.6230
减	0.2650	0.2400
承租人	0.4640	0.3783
减持	0.3750	0.3000
较小	0.3960	0.1670
课	0.7040	0.5770
出租人	0.5520	0.4900
让	0.4270	0.3730
昏睡	0.1940	0.3020
信	0.6490	0.3030
信笺	0.4500	0.3160
刻字	0.5410	0.1800
生菜	0.5940	0.1630
白血病	0.0940	0.5720
矶	0.5200	0.3240
杠杆	0.4000	0.3430
杠杆作用	0.4590	0.5000
浮置	0.5610	0.5980
猥亵	0.1190	0.7090
词库	0.5405	0.4715
负债	0.4290	0.6080
责任	0.6560	0.5067
联络	0.6980	0.3370
说谎者	0.0420	0.6060
中伤	0.1250	0.7350
自由主义的	0.5650	0.5650
自由主义	0.5620	0.7120
性欲	0.7200	0.7500
图书管理员	0.6250	0.1350
图书馆	0.7760	0.1220
唱词	0.6120	0.3280
虱子	0.1330	0.5000
执照	0.5000	0.3940
青苔	0.4180	0.3880
舔	0.4700	0.4820
甘草	0.6770	0.3100
列日	0.4790	0.4260
留置权	0.3960	0.5800
代替	0.4890	0.3120
陆军中尉	0.5940	0.6120
生活	0.7693	0.5640
命脉	0.6885	0.6470
救生艇	0.7240	0.4250
救生员	0.8700	0.6060
生活很好	0.8120	0.5750
死气沉沉	0.0420	0.3330
逼真	0.7760	0.5670
生命线	0.7350	0.5520
终身	0.8230	0.3300
无期徒刑	0.4270	0.5190
救星	0.9080	0.7450
生活方式	0.7500	0.4720
一生	0.8160	0.5590
升空	0.5310	0.6670
韧带	0.4900	0.4100
结扎	0.4110	0.4265
光	0.7190	0.3665
光年	0.7190	0.4250
减轻	0.5473	0.4640
头昏眼花	0.3470	0.6200
灯塔	0.6220	0.2400
灯光	0.7650	0.4400
闪电	0.4290	0.6830
灯火	0.7500	0.4800
轻量级	0.6700	0.3000
讨人喜欢	0.8650	0.4800
像	0.6880	0.4100
同样	0.6510	0.2170
紫丁香	0.6880	0.1800
百合	0.6400	0.2450
肢	0.5100	0.3970
富有弹性的	0.6880	0.7290
打入冷宫	0.3850	0.2840
青柠	0.5940	0.2400
聚光灯	0.6775	0.4960
石灰石	0.6020	0.3230
石灰质	0.4690	0.3470
限制	0.2784	0.5294
局限性	0.1900	0.4310
豪华轿车	0.6990	0.4490
跛行	0.3930	0.4400
林	0.4160	0.3620
线	0.5523	0.2528
血统	0.7680	0.4235
直系	0.5210	0.1700
线性	0.6460	0.2500
麻布	0.6560	0.3230
衬垫	0.4690	0.3960
排队	0.6350	0.4270
萦绕	0.4800	0.3110
女用贴身内衣裤	0.5430	0.4630
缠绵	0.5700	0.4990
意大利细面条	0.6250	0.3380
语言学家	0.5830	0.3300
语言学	0.5520	0.3900
衬	0.5710	0.3630
链接	0.4270	0.2640
油布	0.5100	0.3780
皮棉	0.3880	0.1730
狮子	0.5320	0.7170
唇	0.5410	0.3480
吸脂	0.2920	0.6840
口红	0.6530	0.4290
液化	0.5055	0.5425
酒	0.6187	0.7203
液体	0.5620	0.2350
肃清	0.3270	0.6540
清算	0.4175	0.6235
清盘	0.3540	0.6630
口齿不清	0.3650	0.4120
名单	0.5280	0.2600
倾听者	0.6670	0.3750
蔫	0.2190	0.3500
一连串	0.5100	0.3650
升	0.5730	0.2080
读写能力	0.7300	0.3060
文字	0.5700	0.3530
按照字面	0.5710	0.3530
文	0.7190	0.3240
文学	0.7080	0.2500
轻盈	0.6560	0.5960
锂	0.4170	0.3300
版画	0.5510	0.3270
光刻	0.5610	0.3460
岩性	0.5190	0.3780
岩石圈	0.4730	0.3330
当事人	0.2190	0.5770
诉讼律师	0.4290	0.6300
小	0.4265	0.2177
小东西	0.7400	0.3110
滨海	0.5510	0.3870
生计	0.6980	0.4810
活泼	0.6847	0.7320
助兴	0.7080	0.7130
肝	0.4390	0.2900
制服	0.4387	0.3750
家畜	0.7290	0.4200
铁青	0.4690	0.7880
活的	0.8650	0.6080
蜥蜴	0.3780	0.3750
加载	0.3850	0.4170
装载机	0.5620	0.3770
浪子	0.2350	0.3960
壤土	0.4690	0.3730
作呕	0.0650	0.7000
非常讨厌	0.0830	0.7960
讨厌的	0.1200	0.6940
前厅	0.5830	0.4060
说客	0.3850	0.5270
龙虾	0.5710	0.3560
本地	0.6560	0.2690
现场	0.5653	0.3307
局部性	0.5820	0.3360
本土化	0.5360	0.4055
本地化	0.4900	0.4600
定位	0.5990	0.5050
位置	0.6095	0.4130
定位器	0.4380	0.4240
锁	0.2710	0.5850
更衣室	0.4390	0.3000
小盒	0.6150	0.3270
锁匠	0.5100	0.4170
锁起来	0.2400	0.6020
机车	0.5420	0.6500
刺槐	0.4790	0.4120
住宿	0.7130	0.2860
高远	0.7550	0.3060
对数	0.5200	0.4390
对数的	0.4690	0.4580
逻辑	0.6460	0.2450
合乎逻辑	0.8050	0.4000
后勤	0.6330	0.5000
商标	0.5680	0.3200
标识	0.4800	0.3370
棒糖	0.6280	0.4830
孤单	0.1720	0.1930
孤独	0.2290	0.2260
独来独往的人	0.3470	0.1520
寂寞	0.2810	0.2130
长	0.5410	0.3530
艇	0.5510	0.4540
长寿	0.7500	0.3530
经度	0.4790	0.3100
纵	0.5420	0.3980
长时间	0.3620	0.4420
看	0.6250	0.3875
织布机	0.5310	0.2450
若隐若现	0.3670	0.7500
懒人	0.4290	0.3920
漏洞	0.3280	0.6325
糊涂	0.2998	0.5533
疏松	0.5730	0.3120
松开	0.4870	0.3370
松动	0.3780	0.3430
垂耳	0.4290	0.3630
片面	0.1250	0.5000
主	0.6247	0.4023
领主	0.5710	0.3560
贵族身份	0.5730	0.5570
货车	0.5210	0.4810
失去	0.0955	0.6120
失败者	0.0830	0.5100
失利	0.0620	0.5670
丢失	0.1990	0.6630
洗剂	0.7240	0.2610
地段	0.6040	0.4170
抽奖	0.7710	0.7310
乐透	0.7600	0.6350
莲花	0.6040	0.3770
响	0.5730	0.6500
响度	0.3500	0.5820
休息室	0.5920	0.2450
闲逛	0.7350	0.1670
虱	0.1840	0.4390
糟糕	0.1250	0.4820
爱	1.0000	0.5190
做爱	0.9690	0.9270
爱我的生活	0.8960	0.8000
情人	0.8810	0.8160
为情所困	0.7960	0.8420
喜欢这个	0.8670	0.5520
热爱生活	0.9790	0.4040
低	0.2920	0.2200
降低	0.3065	0.3295
最低	0.3120	0.3040
低地	0.3230	0.2900
低贱的生活	0.2960	0.5290
卑贱	0.5620	0.2940
熏鲑鱼	0.4900	0.3730
卢奥	0.5940	0.5450
润滑油	0.5520	0.4900
滑润剂	0.6560	0.5500
润滑	0.5880	0.5680
清醒	0.7267	0.3387
运气	0.8540	0.4900
有利可图	0.7995	0.4555
耳状物	0.3440	0.4430
温	0.5730	0.3000
麻痹	0.2803	0.3587
催眠曲	0.7960	0.1560
腰	0.3230	0.4180
木料	0.5170	0.1840
伐木	0.3540	0.5610
樵夫	0.5000	0.5555
发光	0.7960	0.5500
发光的	0.9180	0.3920
磊	0.2710	0.3780
疯狂行为	0.1320	0.8470
太阴	0.5620	0.2960
午餐	0.8585	0.3250
便当盒	0.6630	0.3460
午餐时间	0.8960	0.3980
肺	0.5205	0.3220
弓步	0.3540	0.7210
爚	0.1860	0.8330
匿伏	0.2190	0.7400
潜伏	0.4210	0.7810
甜美	0.8955	0.5130
青葱的	0.7400	0.7830
情欲	0.4690	0.9440
光泽	0.8053	0.5607
嫪	0.4270	0.8960
精力充沛	0.4690	0.9410
琵琶	0.4590	0.4070
莽莽	0.7600	0.7450
莱卡纤维	0.5200	0.4490
碱液	0.3780	0.3960
说谎	0.2080	0.7040
淋巴	0.3890	0.5095
淋巴瘤	0.2080	0.6450
林奇	0.1670	0.8850
私刑	0.2765	0.7735
猞猁	0.5100	0.5900
七弦琴	0.7190	0.3470
歌词	0.6420	0.2415
抒情	0.7080	0.4510
澳洲	0.6350	0.3300
玛卡莲娜	0.8020	0.6010
通心粉	0.8160	0.4100
锤	0.4500	0.4120
马赫	0.5410	0.4320
弯刀	0.2600	0.6900
机	0.5100	0.5000
机械	0.5027	0.5390
机械师	0.4900	0.5980
大男子主义	0.6430	0.6900
鲭鱼	0.4180	0.4230
宏	0.5520	0.4690
狂	0.2190	0.8730
夫人	0.5800	0.3080
老板娘	0.6040	0.5000
发怒	0.3290	0.6020
藘	0.3230	0.8530
疯人院	0.1560	0.7360
狂人	0.1350	0.8800
大师	0.8230	0.3570
黑手党	0.2040	0.8670
杂志	0.6150	0.3320
品红	0.6350	0.2750
蛆	0.2350	0.5000
魔法	0.8680	0.6630
神奇	0.8750	0.6785
麦格纳	0.6050	0.4900
巨头	0.6545	0.6520
镁	0.5420	0.3200
磁铁	0.5710	0.3180
磁性	0.6210	0.5290
磁铁矿	0.5310	0.4900
壮丽	0.8020	0.8100
华丽的	0.8367	0.5643
放大镜	0.4690	0.2160
大小	0.6080	0.6130
玉兰	0.5580	0.3430
鹊	0.5000	0.4580
麻将	0.5560	0.4180
桃花心木	0.6020	0.2250
女佣	0.4060	0.3240
少女	0.7550	0.3960
邮件	0.6515	0.2775
邮箱	0.5730	0.2220
邮递员	0.6590	0.4180
大型机	0.5310	0.4900
支柱	0.5957	0.3857
主流	0.6530	0.5270
保养	0.5910	0.4260
威严	0.8230	0.6020
重大的	0.6840	0.5380
多数	0.6840	0.5600
使	0.6840	0.4200
制作者	0.6980	0.5440
凑合的	0.4790	0.6110
化妆	0.7400	0.3330
弊病	0.1900	0.6860
全身乏力	0.1500	0.6000
疟疾	0.1250	0.6530
说大话	0.3960	0.5000
男	0.6120	0.5320
坏心肠的	0.0940	0.8540
渎职	0.0620	0.7450
恶毒	0.1925	0.7295
恶性肿瘤	0.1490	0.8140
恶性	0.1430	0.8240
非议	0.1020	0.6840
购物中心	0.7240	0.6630
可锻铸	0.5000	0.5000
槌	0.3540	0.3900
营养不良	0.0240	0.5920
弊端	0.0940	0.5590
麦芽	0.7500	0.3730
妈妈	0.8685	0.3785
曼波	0.8080	0.6220
哺乳动物	0.6180	0.4490
长毛象	0.4800	0.4710
妈咪	0.6800	0.4150
人	0.7017	0.3730
经理	0.6250	0.5490
管理的	0.6040	0.5200
训令	0.4390	0.5770
普通话	0.6250	0.3980
强制性	0.2710	0.6670
下颚	0.5100	0.4310
曼多林	0.7080	0.4330
顶杆	0.3100	0.4900
演习	0.6150	0.6630
机动	0.6350	0.6400
马槽	0.6560	0.2760
撕裂	0.2225	0.4795
芒果	0.7650	0.3270
山竹	0.5620	0.5000
癞皮狗	0.2140	0.6980
沙井	0.3780	0.5000
男子气概	0.6250	0.7350
搜捕	0.1450	0.9250
狂躁	0.2900	0.6830
躁狂	0.0540	0.8920
修指甲	0.7060	0.3080
美甲师	0.5830	0.3520
操作	0.4134	0.6568
操控	0.1770	0.7240
男子气	0.6980	0.6330
甘露	0.6980	0.2940
载人	0.5510	0.5880
模特	0.4270	0.3020
方式	0.6180	0.2500
彬彬有礼	0.4690	0.5560
庄园	0.6460	0.3580
人手	0.5310	0.6200
广厦	0.7350	0.5290
误杀	0.0900	0.9200
壁炉架上	0.5000	0.2650
螂	0.4800	0.3550
口头禅	0.3960	0.2490
生产厂家	0.6880	0.5370
制造业	0.6530	0.6130
手稿	0.5100	0.2080
地图	0.5610	0.2290
枫	0.5410	0.3900
马拉松	0.6460	0.7780
大理石	0.5000	0.2985
弹子	0.7140	0.3450
游行	0.6597	0.4747
人造黄油	0.5300	0.3160
玛格丽塔	0.7500	0.4380
余量	0.5000	0.2190
流浪	0.3540	0.6287
林纳拉	0.6570	0.3880
海洋	0.7280	0.3895
水手	0.5573	0.5297
婚姻	0.8180	0.6167
海上	0.5315	0.4870
标	0.5920	0.3580
销售	0.7460	0.5450
营销	0.5210	0.7740
市井	0.6980	0.4200
枪法	0.5730	0.5310
泥灰岩	0.3720	0.4710
栗色	0.4690	0.3580
被困	0.1820	0.5475
侯爵	0.5210	0.4440
毁损	0.1810	0.5610
已婚	0.6740	0.5700
骨髓	0.3980	0.4220
结婚	0.8335	0.5890
元帅	0.4690	0.6100
棉花糖	0.7400	0.4410
武	0.4800	0.7100
鞅	0.4690	0.5100
马蒂尼鸡尾酒	0.8280	0.5000
烈士	0.2810	0.7080
殉教	0.3230	0.7450
奇迹	0.9347	0.7170
不平凡	0.9680	0.7080
睫毛膏	0.5750	0.4500
吉祥物	0.7500	0.3370
男性	0.6530	0.5400
阳刚之气	0.5830	0.6700
糊状物	0.4400	0.3630
捣碎	0.5310	0.3370
面具	0.5100	0.4810
蒙面	0.3750	0.5490
受虐狂	0.1790	0.8145
石匠	0.5410	0.4420
假面舞会	0.4310	0.6330
屠杀	0.0310	0.8870
按摩	0.7080	0.3560
群众	0.5520	0.4530
大规模的	0.5690	0.6600
桅杆	0.5420	0.3900
高超	0.9170	0.6090
主谋	0.7920	0.6250
杰作	0.9260	0.6230
手淫	0.5470	0.9435
垫	0.5715	0.2500
火柴盒	0.5620	0.3910
匹配	0.7190	0.7350
媒人	0.6150	0.5090
材料	0.5210	0.3630
唯物主义	0.2200	0.3900
唯物主义者	0.2550	0.4910
唯物主义的	0.4200	0.5060
实质性	0.4585	0.4000
物质化	0.6880	0.5960
重大	0.7030	0.5623
物料	0.5820	0.3275
母系	0.8470	0.4170
母道	0.8650	0.4800
数学	0.4275	0.4050
数学的	0.6200	0.5000
数学家	0.5410	0.4180
日场	0.6940	0.5780
交配	0.7550	0.8400
预科	0.6220	0.4900
矩阵	0.5510	0.3780
护士长	0.5200	0.5190
暗淡的	0.2810	0.5190
物	0.4870	0.3530
消光	0.4790	0.4050
床垫	0.6120	0.2550
成熟	0.6308	0.4032
陵	0.3440	0.2810
特立独行	0.3540	0.6760
格言	0.8750	0.5620
最大化	0.8230	0.7650
可能	0.6583	0.3407
劳动节	0.3440	0.6430
五月花	0.6900	0.4630
蛋黄酱	0.5100	0.3200
市长	0.4690	0.4810
蜂蜜酒	0.6670	0.3370
草地	0.6220	0.1300
微薄	0.1440	0.3890
意思	0.4400	0.4670
蜿蜒	0.4485	0.5245
含义	0.6630	0.3950
富有意义的	0.7700	0.5000
无意义的	0.1560	0.3140
手段	0.6150	0.3730
与此同时	0.4320	0.2220
可测量	0.6040	0.4100
量杯	0.5570	0.3430
卷尺	0.3715	0.2650
肉丸	0.6120	0.2790
肉饼	0.6250	0.3890
机械学	0.5420	0.5000
机制	0.5730	0.5830
勋章	0.8540	0.5550
奖章	0.7500	0.5100
插手	0.2735	0.6850
媒体	0.5000	0.3300
内侧	0.4580	0.3400
中位数	0.4590	0.2160
中间人	0.5460	0.4210
军医	0.5000	0.4720
医	0.5830	0.3730
药物治疗	0.6150	0.4390
药用	0.6670	0.4170
医学	0.7080	0.3180
中世纪	0.5600	0.4080
平庸	0.1755	0.3620
庸人	0.0730	0.3980
幽思	0.8120	0.1460
冥想	0.7860	0.1200
地中海	0.6630	0.4540
中	0.5295	0.3355
遇到	0.7600	0.5100
巨型	0.7240	0.5380
愁绪	0.1880	0.2600
乱斗	0.5410	0.7040
醇厚	0.6330	0.0690
悠扬	0.9320	0.5300
情景剧	0.3780	0.8300
耸人听闻	0.2350	0.6920
旋律	0.8470	0.4340
瓜	0.4610	0.2310
熔化	0.4480	0.6150
融化	0.5920	0.4700
会员	0.6980	0.3330
籍	0.6980	0.4110
膜	0.4060	0.4300
备忘录	0.6125	0.3675
大事记	0.7800	0.4120
难忘	0.8860	0.5355
纪念馆	0.6865	0.3185
回忆	0.7910	0.4183
记忆	0.6157	0.4050
威胁	0.1213	0.9057
来势汹汹	0.0420	0.8800
动物园	0.6665	0.5000
修补	0.5210	0.5345
粗重	0.4900	0.4200
脑膜炎	0.1040	0.6120
半月板	0.3230	0.3300
绝经	0.2040	0.4600
经血	0.1630	0.6860
月经	0.4080	0.5190
心理	0.4115	0.5690
薄荷醇	0.4900	0.2920
提到	0.5620	0.3650
导师	0.6633	0.4113
菜单	0.6330	0.3330
喵	0.5100	0.5100
雇佣兵	0.2450	0.8370
善变	0.4900	0.5460
汞	0.3370	0.3120
怜悯	0.5940	0.3280
只	0.3960	0.2210
梅伦格	0.6880	0.5190
子午线	0.5100	0.3240
子午	0.3650	0.2900
酥皮	0.6250	0.5800
有功	0.7810	0.6180
美人鱼	0.7650	0.6230
台面	0.6040	0.1910
麦司卡林	0.4900	0.5800
网孔	0.4290	0.2350
目	0.4400	0.3630
弥赛亚	0.7810	0.6340
新陈代谢	0.4080	0.5310
代谢	0.6980	0.5090
金属	0.5510	0.4290
金属的	0.6150	0.3300
冶金	0.3960	0.5090
变态	0.2287	0.7730
隐喻	0.5310	0.3460
抽象的	0.6300	0.5730
形而上学	0.5610	0.3960
流星	0.4940	0.7580
陨石	0.3850	0.7940
气象	0.6325	0.4875
仪表	0.4380	0.3000
甲基	0.3540	0.5640
美沙酮	0.2400	0.5400
甲烷	0.2900	0.4600
甲醇	0.2920	0.5000
方法	0.6640	0.3873
有方法的	0.6630	0.3600
细致	0.5550	0.4800
公	0.5190	0.2480
韵律的	0.5210	0.3750
度量衡学	0.5310	0.4320
都会	0.6560	0.6250
宗主	0.3870	0.4080
气概	0.6670	0.5290
猫叫声	0.4180	0.4810
夹层	0.4790	0.4270
云母	0.5310	0.2500
米克	0.4490	0.4510
微	0.5000	0.2700
微生物	0.2550	0.4500
微生物学	0.5710	0.3780
微芯片	0.5510	0.3580
缩微	0.4690	0.3520
微克	0.4480	0.2860
千分尺	0.5730	0.3580
微米	0.3750	0.2910
麦克风	0.5465	0.3980
显微镜	0.5513	0.3463
显微	0.3600	0.3270
微波	0.5420	0.4970
半空中	0.6330	0.4130
正午	0.6580	0.2500
中量级	0.5100	0.3020
侏儒	0.3765	0.3340
美联	0.5210	0.4020
中年	0.5940	0.2440
中线	0.3320	0.2240
午夜	0.5620	0.4700
海军官校学生	0.4690	0.6150
盛夏	0.7810	0.4800
期中考试	0.4270	0.3370
市中心	0.4790	0.4420
中途	0.4590	0.3160
助产士	0.5310	0.5700
助产	0.5100	0.5700
恼火	0.2040	0.7260
威武	0.8550	0.8370
偏头痛	0.1350	0.7830
迁移	0.4150	0.5800
迁徙	0.4480	0.5210
霉菌	0.3440	0.2500
英里	0.5210	0.4170
里程	0.5100	0.4580
激进	0.4590	0.7295
武装分子	0.2600	0.6730
军事	0.3960	0.7100
民兵	0.3960	0.7290
牛奶	0.8170	0.2700
送奶工	0.7500	0.3800
奶昔	0.7960	0.5210
乳白色	0.5170	0.2830
千年	0.5730	0.3980
毫克	0.4290	0.2170
毫米	0.4270	0.1770
百万	0.7760	0.6470
百万富翁	0.9170	0.7550
百万分之一	0.6350	0.5280
磨石	0.5100	0.4330
哑剧	0.5035	0.3580
模仿者	0.5570	0.5870
剁碎	0.4170	0.5290
碎肉	0.3960	0.4350
心神	0.6500	0.3880
铭记	0.7650	0.4500
正念	0.7290	0.6350
没头脑	0.1840	0.3330
矿	0.6880	0.4180
雷区	0.1880	0.8390
矿工	0.4080	0.5940
矿物	0.5190	0.2870
矿物学	0.5510	0.4080
交融	0.5610	0.4800
混到	0.5210	0.3920
微型	0.4250	0.3080
小巴	0.4390	0.3900
最小	0.4480	0.1470
最小化	0.4090	0.1865
最低限度	0.3800	0.1980
矿业	0.6330	0.5980
部长	0.5470	0.4410
部级	0.5710	0.5190
面包车	0.5920	0.3560
貂	0.5600	0.5150
桃花鱼	0.5410	0.3670
次要	0.4430	0.3050
少数民族	0.3100	0.3320
歌手	0.6493	0.6240
分钟	0.5820	0.2790
疯丫头	0.4480	0.5190
蜃景	0.5460	0.4870
镜子	0.6770	0.3100
欢笑	0.8880	0.6400
挪用	0.0970	0.8310
行为不端	0.0200	0.8470
不当行为	0.0310	0.7040
失算	0.1770	0.4900
杂	0.5205	0.3335
杂记	0.5000	0.4120
误解	0.1505	0.5770
处理不当	0.0610	0.6670
轻罪	0.2100	0.6400
误导	0.1650	0.6544
吝啬鬼	0.2080	0.6330
非常不幸地	0.2800	0.5450
失火	0.1530	0.4530
不幸	0.0937	0.6347
不测	0.0710	0.6540
误传	0.2395	0.5925
管理不善	0.0940	0.5200
不匹配	0.2500	0.5080
用词不当	0.2960	0.5280
放错地方	0.2470	0.4500
小姐	0.5800	0.5003
导弹	0.1550	0.8760
失踪	0.3060	0.4180
任务	0.6575	0.4930
传教士	0.7290	0.4040
拼错	0.2920	0.4230
误报	0.3020	0.5470
薄雾	0.3750	0.1940
先生	0.5927	0.3507
槲寄生	0.5420	0.4700
虐待	0.0100	0.7920
情妇	0.6300	0.7960
误判	0.4270	0.5390
不信任	0.1350	0.6570
蒙蒙	0.4270	0.4510
螨	0.2900	0.5840
斜切	0.4580	0.5000
成人礼	0.4220	0.6100
复杂的情绪	0.4400	0.6730
混合器	0.5620	0.5000
助记符	0.5310	0.4800
护城河	0.3980	0.3800
暴民	0.2960	0.7880
移动	0.5833	0.6297
动员	0.6460	0.7020
歹徒	0.1880	0.8700
摩卡	0.5000	0.3960
嘲讽	0.0825	0.7255
语气	0.5920	0.2640
形态	0.6330	0.4040
模式	0.5050	0.3035
模型	0.6070	0.3880
建模	0.5000	0.5100
造型	0.6863	0.3633
调制解调器	0.5730	0.3550
中等	0.5820	0.1900
温和的期待	0.6670	0.4510
温和的厌恶	0.2290	0.5580
中等负面	0.1770	0.5000
中等积极	0.8960	0.4530
温和的惊喜	0.7760	0.6630
适度的信任	0.6770	0.3500
适当地	0.6040	0.2640
适度	0.5310	0.2400
现代	0.8550	0.4230
现代主义	0.7600	0.5530
谦虚	0.7690	0.1850
点点	0.3005	0.4010
改性	0.5610	0.4580
调制	0.5655	0.3540
模	0.5820	0.3880
大亨	0.5100	0.6520
部分	0.4836	0.3170
湿气	0.4060	0.3980
保湿	0.7500	0.2800
磨牙	0.5440	0.4260
糖蜜	0.4900	0.2690
模子	0.3435	0.2250
发霉的	0.2945	0.3770
痣	0.4360	0.3770
性骚扰	0.1225	0.8095
熔融	0.4170	0.4900
时刻	0.6040	0.4350
动量	0.6630	0.7500
单子	0.5100	0.4820
君主	0.6405	0.5295
帝制	0.4500	0.5570
修道士	0.4380	0.3140
钱	0.8440	0.6080
蒙古人	0.1770	0.3640
猫鼬	0.3270	0.3800
杂种	0.4250	0.4380
监控	0.4275	0.5090
僧	0.4720	0.2080
猴	0.5480	0.4490
单色	0.3120	0.2920
一夫一妻制	0.5260	0.3575
花押字	0.4800	0.2100
会标	0.5030	0.2700
专着	0.5000	0.2420
单层	0.4270	0.2940
独白	0.5000	0.2840
独占者	0.3300	0.5900
一氧化碳	0.4330	0.4300
雨季	0.3580	0.6000
剪辑	0.4380	0.5200
蒙特	0.5890	0.3300
月	0.6880	0.2550
每月一次	0.6220	0.3140
纪念碑	0.8330	0.4040
哞	0.4380	0.3550
揩油	0.3780	0.4130
心情	0.7200	0.5000
情绪	0.6907	0.4140
喜怒无常	0.2450	0.8110
月亮	0.6730	0.2330
月光	0.7825	0.2770
月光下的	0.8730	0.2690
空想	0.6330	0.3890
太空步	0.6150	0.5860
泊	0.3110	0.4640
停泊	0.3335	0.4950
系泊	0.4060	0.5000
荒地	0.4275	0.3390
驼鹿	0.6480	0.3730
没有实际意义	0.3440	0.5000
酝酿	0.3880	0.5800
拖把	0.4330	0.4030
助力车	0.5820	0.5820
道德	0.7250	0.4335
德	0.6460	0.4300
海鳗	0.5100	0.4020
病态	0.0900	0.8330
发病率	0.3700	0.6300
习俗	0.5820	0.3170
停尸房	0.0220	0.5390
早晨	0.5420	0.2840
早上	0.6880	0.2350
鲁钝的	0.1220	0.5000
吗啡	0.2290	0.4900
射	0.3980	0.5490
形态学	0.5160	0.3730
明天	0.7500	0.3455
一口	0.5495	0.4305
凡人	0.1960	0.7860
砂浆	0.3330	0.6270
抵押权人	0.4180	0.6330
抵押人	0.4310	0.5220
殡仪业者	0.1040	0.4290
停尸间	0.1330	0.6060
漫步	0.6570	0.4386
清真寺	0.5420	0.3520
蚊子	0.2290	0.4000
苔藓	0.2350	0.2700
生苔	0.3750	0.3290
汽车旅馆	0.5310	0.3720
蛾	0.3230	0.3500
母亲	0.8875	0.4770
娘	0.1220	0.8270
母亲的	0.1630	0.5410
母爱	0.9270	0.3240
主题	0.6145	0.3285
不动	0.3230	0.2100
动机	0.8090	0.6727
杂色	0.4800	0.3980
摩托车	0.6082	0.6310
汽艇	0.6770	0.5000
车队	0.7080	0.7300
莫特	0.4810	0.3890
斑驳	0.3800	0.3360
座右铭	0.6880	0.3170
冢	0.5200	0.4810
山	0.7320	0.4205
登山	0.6350	0.7740
多山	0.6350	0.5190
悲哀	0.1160	0.3380
丧	0.1770	0.4900
老鼠	0.4270	0.4410
捕鼠器	0.1800	0.6430
摩丝	0.6040	0.3360
像老鼠	0.4800	0.4130
口	0.7340	0.2940
喉舌	0.5730	0.3460
漱口水	0.4380	0.3850
刈	0.4200	0.5590
莫克西	0.5310	0.4900
奶酪	0.6530	0.2650
粪肥	0.3470	0.4230
打乱	0.1840	0.5000
粘膜	0.3300	0.2960
粘液	0.2215	0.3395
泥	0.3415	0.2200
浑	0.2920	0.4000
松饼	0.6840	0.4300
围巾	0.5535	0.3155
桑	0.4690	0.3150
护根	0.3490	0.3610
马骡	0.3200	0.3370
仔细考虑	0.6630	0.3400
鲻	0.5210	0.3560
多边	0.5000	0.4690
多媒体	0.6110	0.3900
跨国	0.6560	0.5100
多	0.6600	0.5100
多发性硬化症	0.1880	0.5870
多工	0.6100	0.5900
乘法	0.6460	0.5650
多重	0.6770	0.4900
乘以	0.8020	0.5590
乘数	0.6430	0.6150
乘	0.8020	0.6250
苠	0.5620	0.7650
沉默	0.8020	0.3170
咕哝	0.2920	0.4440
天书	0.4290	0.5060
木乃伊	0.4000	0.5880
腮腺炎	0.0990	0.4100
蒙克	0.5410	0.2770
零食	0.5620	0.4700
芒奇金	0.4900	0.4660
市政	0.6250	0.3900
直辖市	0.5690	0.2800
私语	0.4580	0.5200
肌肉	0.3590	0.4900
肌肉发达	0.5310	0.4340
缪斯	0.7140	0.4340
博物馆	0.7920	0.2060
蘑菇	0.4900	0.2740
糊状的	0.5180	0.2665
音乐	0.8705	0.5965
音乐家	0.8160	0.5090
麝	0.4690	0.4540
滑膛枪	0.2300	0.7610
火枪手	0.6940	0.5690
麝鼠	0.4390	0.5100
纱	0.4745	0.2845
必须	0.4080	0.3820
芥末	0.5000	0.3460
鼓起	0.6350	0.4600
易变的	0.4260	0.5310
突变体	0.3370	0.6760
变异	0.4580	0.5545
突变	0.3650	0.6250
静音	0.2655	0.1835
毁伤	0.1250	0.9000
肢解	0.0410	0.8410
断肢	0.1220	0.7820
兵变	0.3230	0.8900
相互	0.7865	0.4055
枪口	0.3880	0.4300
我的最爱	0.8120	0.5870
近视	0.2450	0.3870
近视的	0.3075	0.3845
无数的	0.4800	0.4290
神秘主义	0.5940	0.5980
神话	0.6324	0.5056
捉拿	0.4690	0.5440
纳乔	0.6670	0.2590
最低点	0.4790	0.3630
钉	0.3807	0.4317
钉枪	0.3780	0.8060
名称	0.5730	0.3000
命名	0.6145	0.4030
无名	0.3300	0.2345
同名	0.4180	0.3270
娜娜	0.7650	0.2550
纳米	0.3750	0.3560
小憩	0.6600	0.0980
凝固汽油	0.2650	0.5800
颈背	0.4270	0.2680
餐巾	0.4690	0.1420
午睡	0.7650	0.0460
自恋狂	0.2140	0.6390
自恋者	0.1730	0.6140
自恋	0.3230	0.7080
麻醉剂	0.1020	0.8580
叙事	0.5100	0.4410
记叙文	0.6220	0.4080
叙述	0.5800	0.3030
叙述者	0.6730	0.4300
变窄	0.3540	0.5930
鼻音	0.4790	0.3400
产后	0.7550	0.4620
国民	0.6980	0.3650
全国	0.6840	0.2170
本地人	0.6350	0.4220
耶稣诞生	0.7500	0.3370
自然	0.8540	0.1970
天然气	0.6350	0.3240
博物	0.8440	0.2550
归化	0.7810	0.2790
归	0.7600	0.3330
性质	0.8570	0.1840
零	0.3140	0.1390
淘气	0.4510	0.8570
恶心	0.1563	0.7183
作呕的	0.0210	0.6400
海	0.6903	0.3422
鹦鹉螺	0.3960	0.5090
毂	0.5830	0.4480
脐	0.4480	0.2610
通航	0.7490	0.4060
导航	0.7905	0.5125
航	0.5730	0.4810
航海家	0.6335	0.5940
海军	0.5310	0.7600
整齐	0.8780	0.2350
整洁	0.7810	0.3100
星云	0.4897	0.3650
一定	0.6670	0.4230
必需品	0.5200	0.6300
必要性	0.5670	0.4710
颈部	0.5410	0.2450
项链	0.7600	0.2940
领带	0.6230	0.3465
方士	0.3330	0.6250
花蜜	0.7460	0.3310
需要	0.5900	0.4750
要紧	0.5820	0.4600
针	0.2500	0.5370
绒绣	0.6530	0.5000
不必要	0.2730	0.3715
需要知道	0.4270	0.6060
贫穷	0.2155	0.4850
否定	0.2550	0.4610
负	0.1020	0.5270
消极	0.0600	0.5200
忽略	0.1875	0.4075
被忽视的	0.2710	0.3850
何罪？	0.1770	0.4410
便服	0.3850	0.5200
懈	0.1670	0.5830
面议	0.6880	0.5850
谈判	0.5510	0.6615
谈判代表	0.6350	0.4710
黑人	0.3540	0.3680
邻居	0.6570	0.4480
邻里	0.3850	0.4690
氖	0.5940	0.4800
新生儿	0.5420	0.5290
新手	0.2860	0.3630
氯丁橡胶	0.3160	0.4510
外甥	0.7190	0.3370
裙带关系	0.3490	0.5840
神经	0.3860	0.6118
神经紧张	0.1630	0.9150
内斯	0.3960	0.4800
巢	0.6870	0.2210
贴近	0.6250	0.3080
雏鸟	0.6040	0.4270
净	0.4410	0.2880
幽冥	0.2400	0.2650
网	0.3680	0.5090
荨麻	0.4060	0.3240
网络	0.5310	0.3370
联网	0.6250	0.4820
神经痛	0.0920	0.7060
神经学家	0.6080	0.5000
神经内科	0.4590	0.5370
神经官能症	0.1220	0.7660
神经外科医生	0.5900	0.6730
神经外科	0.4900	0.6320
神经质	0.1980	0.8010
中性	0.5450	0.1735
中立	0.4690	0.2050
中子	0.4690	0.4400
新	0.8025	0.4560
新时代	0.6940	0.5560
新人	0.7345	0.5430
新的一天	0.8470	0.3880
新发现	0.7450	0.7410
新生活	0.8980	0.6460
新奇	0.7065	0.5215
新闻广播	0.5310	0.5090
新闻主播	0.6460	0.5100
新闻快报	0.6040	0.6370
新闻记者	0.5825	0.4690
报纸	0.6020	0.2830
新闻片	0.6250	0.5710
编辑部	0.5310	0.3920
报摊	0.6150	0.2220
新的开始	0.8020	0.5100
蝾螈	0.4580	0.3800
新年	0.9380	0.7840
关系	0.7400	0.5127
笔尖	0.5100	0.2820
蚕食	0.5510	0.5510
不错	0.9300	0.4420
缺口	0.4977	0.4263
镍	0.5100	0.3470
昵称	0.4900	0.4700
尼古丁	0.2350	0.6080
侄女	0.7710	0.3200
俏皮的	0.7400	0.7450
黑鬼	0.2400	0.3470
近于	0.6530	0.2160
晚	0.5980	0.3960
睡前	0.7500	0.1960
夜店	0.8020	0.8940
睡衣	0.7250	0.2807
夜莺	0.7400	0.3400
夜生活	0.5420	0.7830
每夜	0.6730	0.4100
恶梦	0.0050	0.8100
噩梦	0.0820	0.9420
床头柜上	0.4900	0.1300
警棍	0.5000	0.4610
夜间	0.7350	0.3850
虚无主义	0.3670	0.5100
猎迷	0.3270	0.5000
九	0.5520	0.2550
十九	0.6730	0.3040
九十	0.4790	0.3490
忍者	0.5420	0.8440
任天堂	0.8020	0.5710
第九	0.4900	0.2120
掐	0.2810	0.7000
镊子	0.4395	0.4150
乳头	0.5460	0.6275
刺骨的	0.5400	0.5000
硝酸盐	0.3880	0.4060
硝基	0.5000	0.6470
氮	0.4270	0.4350
亚硝酸	0.4350	0.5610
没有期待	0.3960	0.4800
没有厌恶	0.5100	0.3240
没有情感	0.1700	0.1090
没有情绪	0.0920	0.3820
没有惊喜	0.1710	0.2240
不可信	0.0550	0.4450
高贵	0.9060	0.3450
夜	0.5400	0.5000
点头	0.6420	0.3305
节点	0.3960	0.3430
结节	0.4380	0.3510
结核	0.2630	0.4725
脑袋，	0.5100	0.4330
噪声	0.2600	0.8830
嘈杂	0.2710	0.8120
游牧	0.4010	0.4660
命名法	0.5000	0.2220
公称	0.5940	0.2500
提名	0.6390	0.5540
被提名人	0.6620	0.6250
现时	0.4220	0.3700
满不在乎	0.3020	0.4640
违规	0.1120	0.5980
不伦不类	0.4900	0.4340
不存在的	0.2080	0.4290
脱脂	0.6040	0.2600
纪实	0.4260	0.3150
未付款	0.2290	0.5100
非居民	0.2500	0.3400
无厘头	0.1730	0.2680
非暴力	0.6400	0.2870
菜鸟	0.4170	0.4300
面条	0.6330	0.2160
角落	0.4800	0.3210
中午	0.5310	0.3430
没有意义	0.2760	0.3240
规范	0.5797	0.3757
正常	0.7725	0.1390
常态	0.7810	0.0890
北	0.5310	0.2550
路北	0.6040	0.4540
东北	0.5620	0.2600
北方	0.5700	0.3400
西北	0.6040	0.3450
西北方	0.4790	0.3060
鼻子	0.5820	0.2700
鼻血	0.1530	0.7760
怀旧之情	0.4170	0.3370
怀旧的	0.4580	0.3510
鼻孔	0.3960	0.4040
不是消极的	0.6220	0.2700
不积极	0.0510	0.3700
特别是	0.7920	0.5330
公证	0.5410	0.4510
笔记本	0.5000	0.1990
值得一提的	0.7040	0.4810
虚无	0.2040	0.0800
显	0.8900	0.5620
概念上的	0.5200	0.2880
臭名	0.5520	0.6330
没有准备好	0.1330	0.4000
虽然	0.3670	0.3160
名词	0.5310	0.2300
滋养	0.8780	0.4600
营养	0.7797	0.3878
小说家	0.3400	0.3430
如今	0.6800	0.3460
别担心	0.6300	0.4020
毒	0.1300	0.6725
喷嘴	0.4380	0.3300
细微差别	0.4080	0.2820
细微之处	0.4900	0.3750
核	0.3740	0.5760
裸体	0.4900	0.9150
微调	0.3887	0.5470
裸体主义者	0.4400	0.7960
金块	0.6020	0.3400
滋扰	0.1980	0.8170
核弹	0.1250	0.9050
空值	0.2530	0.1470
麻木	0.2457	0.4693
数	0.4060	0.2310
编号	0.5100	0.3630
数字的	0.4790	0.3220
众多	0.6220	0.4620
双截棍	0.3370	0.5800
尼姑庵	0.6530	0.2360
婚礼	0.8230	0.6950
护士	0.6350	0.5780
苗圃	0.8940	0.4060
看护	0.5520	0.5490
坚果	0.4795	0.2800
胡桃夹子	0.6350	0.3780
肉豆蔻	0.6350	0.3020
有营养	0.8330	0.3370
简而言之	0.4580	0.4070
尼龙	0.4900	0.3040
尼龙袜	0.5560	0.3790
慕男狂者	0.3980	0.8940
换孩	0.3440	0.3570
橡木	0.5830	0.2450
桨	0.5150	0.3835
绿洲	0.7960	0.2830
燕麦	0.6220	0.1700
誓言	0.5430	0.6150
麦片	0.5920	0.1920
服从	0.6480	0.4335
听话	0.8000	0.1790
乖乖	0.8020	0.3040
方尖碑	0.6040	0.4080
肥胖	0.1740	0.3985
讣告	0.2990	0.3970
目的	0.6850	0.4090
客观性	0.7650	0.4310
必修	0.3370	0.5710
有义务的	0.3270	0.6800
泯	0.2500	0.5390
湮没	0.2400	0.4690
涂去	0.1770	0.6220
遗忘	0.1530	0.3300
浑然不觉	0.2290	0.3880
椭圆形	0.5610	0.4550
双簧管	0.5100	0.3400
意淫	0.0830	0.8430
细心的	0.7400	0.4220
意见	0.6135	0.4575
天文台	0.6430	0.3240
守	0.7710	0.3900
观察者	0.6630	0.3630
观察	0.5830	0.4000
缠住	0.1120	0.8460
沉迷	0.1730	0.7730
强迫症	0.2760	0.6475
报废	0.2500	0.4310
过时的	0.2520	0.2785
产科医生	0.5210	0.6360
产科	0.5300	0.5820
顽固	0.1460	0.6960
梗阻	0.1250	0.7420
反面	0.4700	0.3940
奥卡利那笛	0.5410	0.3920
场合	0.7000	0.4510
偶尔	0.5380	0.2400
枕骨	0.3980	0.4080
闭塞	0.3060	0.4390
隐匿性	0.2920	0.3820
占用	0.5467	0.4602
占有者	0.5000	0.4170
职业	0.6987	0.4747
占据	0.3665	0.5330
八角形	0.6020	0.3490
八度	0.4380	0.3800
章鱼	0.7130	0.3780
奇	0.4180	0.3335
古怪	0.2345	0.5400
怪人	0.3775	0.5285
里程表	0.3670	0.4700
气味	0.3370	0.3630
奥德赛	0.6220	0.6920
恋母情结	0.3120	0.5750
罪行	0.2710	0.7815
犯罪分子	0.1040	0.8510
提供	0.7704	0.5310
供	0.6880	0.4620
不加思索	0.3880	0.5000
办公室	0.4270	0.3020
官	0.5420	0.4300
办事处	0.4690	0.3120
官方	0.6460	0.5650
海面	0.4900	0.4120
卸载	0.4740	0.4120
支脉	0.5170	0.3300
越位	0.3230	0.5190
子孙	0.6135	0.3930
通常情况下	0.5710	0.5000
不好了	0.3960	0.4750
油	0.4900	0.2535
油腻	0.2760	0.5330
软膏	0.4380	0.2710
旧	0.4100	0.2790
旧的	0.3850	0.2550
过时的歌曲	0.3630	0.3630
老歌	0.4380	0.3000
嗅觉	0.6020	0.4090
寡头政治	0.3270	0.5670
橄榄	0.5710	0.2310
欧米加	0.5290	0.3370
煎蛋卷	0.7080	0.3230
不祥的	0.2550	0.7300
全能	0.6670	0.7930
无所不能	0.7190	0.6790
无所不在	0.6880	0.4520
无所不知	0.6560	0.3340
在船上	0.6120	0.4510
肿瘤科医生	0.2600	0.6540
肿瘤科	0.2040	0.4240
迎面而来的	0.5940	0.6250
一	0.5420	0.2920
一天	0.6670	0.2450
唯一的爱	0.8160	0.5770
合一	0.7450	0.2720
繁重的	0.5000	0.4800
自己	0.6600	0.3370
不断的	0.6740	0.4840
洋葱	0.3780	0.3670
发病	0.6730	0.4970
猛攻	0.1980	0.9390
在舞台上	0.7190	0.6730
本体论	0.5100	0.4500
向前	0.6670	0.5380
缟玛瑙	0.5710	0.4610
不减当年	0.4900	0.3740
性的魅力	0.4490	0.6130
沁	0.3440	0.5770
渗血	0.2380	0.5150
运	0.4800	0.4020
不透明度	0.4710	0.2510
蛋白石	0.6230	0.4790
不透明	0.3440	0.2650
打开	0.6200	0.4800
揭幕战	0.5840	0.5260
开盘	0.6670	0.5100
公然	0.7033	0.4217
透明度	0.8420	0.4105
歌剧	0.7140	0.5000
歌剧的	0.3750	0.4520
手术	0.4340	0.6717
操作者	0.6120	0.6300
眼科	0.4270	0.3850
眼科医生	0.5520	0.3890
鸦片	0.2785	0.5420
自以为是	0.1560	0.8000
适当的	0.7960	0.5380
机会主义	0.5710	0.7520
反对	0.2115	0.6623
对面	0.2350	0.5450
压迫	0.1283	0.6557
暴君	0.1375	0.8130
视神经	0.6630	0.3840
光纤	0.6770	0.3110
光学	0.5620	0.2860
乐观	0.8315	0.5590
乐天派	0.8750	0.5390
最佳	0.8260	0.4345
选项	0.5670	0.3770
可选的	0.7550	0.3500
可选	0.3650	0.4050
验光师	0.4460	0.4550
丰裕	0.6200	0.6150
神谕	0.5520	0.5310
口服	0.5300	0.4480
橙子	0.6460	0.1320
橙汁	0.7190	0.3430
猩猩	0.4300	0.5600
致辞	0.6460	0.3150
演说者	0.6670	0.3750
轨道	0.5405	0.5325
轨道的	0.4580	0.4510
球体	0.4690	0.3550
兽人	0.2400	0.5100
果园	0.7600	0.2690
乐队	0.7080	0.5000
兰花	0.8400	0.3450
受戒	0.7350	0.4090
考验	0.3440	0.5390
订购	0.7800	0.2950
整齐的	0.8440	0.2400
普通	0.3750	0.3120
统筹	0.6880	0.4900
军械	0.3540	0.8250
矿石	0.5000	0.3330
牛至	0.5960	0.3270
器官	0.5100	0.4690
有机	0.7190	0.3430
风琴	0.7400	0.4690
组织	0.7233	0.4753
有组织的	0.8160	0.3370
组织者	0.6040	0.5770
性高潮	0.8440	0.8630
东方	0.6670	0.4220
东方的	0.5920	0.4090
折纸	0.6840	0.2760
起源	0.7155	0.4675
原版的	0.7650	0.4800
独创性	0.8980	0.5000
首创	0.7600	0.4430
装饰物	0.6630	0.4710
故意刁难	0.3610	0.5200
孤儿	0.1330	0.3880
孤儿院	0.1840	0.4390
孤	0.1430	0.3160
牙齿矫正	0.4690	0.6150
正统	0.3295	0.4295
正交	0.4790	0.3385
骨科	0.4060	0.3460
摆动	0.4900	0.6280
摆动的	0.4690	0.5480
振荡	0.4685	0.4765
表面的	0.5420	0.5490
表面上	0.4730	0.5290
摆阔	0.4790	0.7940
排斥	0.1495	0.6615
鸵鸟	0.5920	0.3820
其他	0.4720	0.2300
獭	0.4390	0.2160
玫瑰油	0.4270	0.4250
奥斯曼帝国	0.5310	0.3370
应该	0.3670	0.4445
盎司	0.5310	0.2550
逐出	0.2960	0.7160
停运	0.3060	0.6840
抬高价格	0.5940	0.6220
舷外	0.4480	0.4910
暴发	0.2600	0.6320
突发	0.2090	0.8020
弃儿	0.1530	0.4490
优于	0.6930	0.6580
户外	0.8140	0.2560
在户外	0.7810	0.4440
外	0.5520	0.4710
配备	0.7600	0.4900
传出	0.6500	0.4720
长出	0.5100	0.5290
生长	0.7710	0.6200
外屋	0.2810	0.5190
游览	0.7170	0.6085
异乎寻常	0.4480	0.7370
经久耐用	0.6200	0.7860
取缔	0.2550	0.6620
大纲	0.5990	0.3835
活得比	0.5650	0.7690
外表	0.6650	0.4980
边远	0.4600	0.5620
想个办法	0.3470	0.6150
门诊病人	0.2600	0.4000
前哨	0.6350	0.5710
流露	0.5620	0.6850
产量	0.6615	0.4835
蛮横的	0.1530	0.9450
级别高于	0.6530	0.6430
推广	0.6450	0.6165
局外人	0.5325	0.4235
郊区	0.4740	0.5267
智取	0.6730	0.6570
直言不讳	0.5820	0.4130
伸开	0.4480	0.4810
向外	0.4445	0.4555
智胜	0.3020	0.7550
子房	0.4690	0.3990
卵形	0.3850	0.2860
烤箱	0.5830	0.4250
过度活跃	0.6670	0.8850
总体	0.5830	0.3700
工作服	0.5000	0.3920
霸道	0.3230	0.8330
覆土	0.1150	0.7550
灰蒙蒙	0.4170	0.2500
乱收费	0.2760	0.7800
大衣	0.5315	0.3730
克服	0.7805	0.7270
过度	0.1560	0.8640
疲劳过度	0.3030	0.7150
过期的	0.1250	0.4270
估计过高	0.3670	0.7960
高估	0.3075	0.6010
溢出	0.3980	0.7920
满溢	0.4390	0.7960
发育过度的	0.3330	0.5000
过度发育	0.4170	0.7900
翻修	0.5000	0.6510
高架	0.3440	0.7000
偷听	0.6500	0.3650
过热	0.2500	0.5980
喜出望外	0.9080	0.7080
矫枉过正	0.3790	0.8610
交叠	0.5940	0.6150
重叠	0.5950	0.5780
超载	0.3810	0.6900
俯瞰	0.2920	0.4180
霸王	0.7500	0.7550
覆	0.5000	0.5190
买贵了	0.4290	0.6700
立交桥	0.5620	0.5610
压倒	0.3417	0.8373
压倒性	0.3920	0.7790
过分	0.4480	0.6730
被高估	0.3120	0.6300
反应过度	0.3060	0.9120
否决	0.2475	0.4370
监视	0.5410	0.6490
监工	0.5520	0.5200
掩盖	0.3330	0.5490
过大的	0.5520	0.5400
睡过头	0.4080	0.3150
积压	0.3440	0.5920
公开	0.6490	0.4740
超越	0.6416	0.6486
想太多	0.4080	0.7610
推翻	0.2600	0.8680
随着时间的推移	0.4470	0.5040
过度疲劳	0.2100	0.3570
序曲	0.4900	0.4020
颠覆	0.2855	0.6738
概观	0.6150	0.3800
超重	0.0520	0.5000
不堪重负	0.3410	0.6800
瘁	0.1330	0.6700
雕饰	0.1560	0.9000
过分热心的	0.4270	0.8040
欠	0.5000	0.4290
亏欠的	0.3960	0.3070
猫头鹰	0.5200	0.2700
所有者	0.7760	0.4490
所有权	0.6858	0.4600
氧化	0.4035	0.3960
氧	0.9080	0.3100
牡蛎	0.5000	0.3110
臭氧	0.5600	0.3450
步伐	0.5100	0.3800
起搏器	0.4480	0.5690
和平的	0.7015	0.1260
息怒	0.8020	0.1940
奶嘴	0.6150	0.3420
和平主义者	0.6630	0.1530
起搏	0.5830	0.5510
打包	0.6040	0.3930
打包机	0.5200	0.4800
棉服	0.6060	0.2120
桨船	0.6630	0.3730
稻田	0.6530	0.3300
挂锁	0.4590	0.2840
异教	0.2400	0.6400
页	0.6770	0.2240
盛会	0.7190	0.6670
分页	0.5005	0.3655
宝塔	0.5710	0.2590
止痛药	0.4870	0.3120
无痛人流	0.7850	0.1730
辛劳	0.3320	0.5915
刻苦	0.3960	0.3350
彩弹	0.6150	0.7450
画笔	0.7140	0.2260
绘	0.6670	0.3330
画家	0.6770	0.3660
绘画	0.7920	0.3240
对	0.6460	0.3345
佩斯利	0.5310	0.3270
宫	0.8780	0.5100
可口	0.8910	0.6430
腭	0.6250	0.3500
苍白	0.2810	0.2590
古生物学	0.4380	0.3080
调色板	0.5900	0.3330
鲍尔	0.2770	0.3870
钯	0.4700	0.3800
托盘	0.5765	0.2455
治标不治本	0.5480	0.3940
棕榈	0.5310	0.1940
帕尔默	0.4800	0.2690
帕洛米诺	0.6160	0.3490
心悸	0.4170	0.7020
宠	0.7920	0.3210
泛	0.7340	0.1820
万能药	0.4200	0.4270
鹭	0.5100	0.3630
饼子	0.8020	0.2740
薄煎饼	0.8440	0.3730
胰腺	0.4690	0.3020
熊猫	0.6460	0.1940
流感大流行	0.1600	0.7900
乌烟瘴气	0.2290	0.8850
窗格	0.3850	0.2500
面板	0.4690	0.3210
锅柄	0.4410	0.4310
恐慌	0.1405	0.9073
惊慌失措	0.1000	0.9490
全景	0.6305	0.4320
三色堇	0.6530	0.2830
万神殿	0.1440	0.4100
衩	0.5940	0.5290
裤子	0.6730	0.3200
内裤	0.4495	0.5150
连裤袜	0.5700	0.5390
软食	0.4380	0.4030
爸爸	0.6560	0.3400
教皇	0.5725	0.3563
番木瓜	0.6300	0.3060
纸	0.5200	0.1230
平装	0.6330	0.2690
报童	0.5210	0.4900
镇纸	0.4210	0.2780
证件	0.4480	0.3550
纸莎草	0.4590	0.2400
抛物线	0.5005	0.4610
降落伞	0.5620	0.7870
范例	0.5730	0.4290
悖论	0.4170	0.4420
自相矛盾	0.4060	0.5470
石蜡	0.4260	0.2910
段	0.5100	0.1640
多嘴的人	0.5760	0.3870
律师助理	0.4790	0.4700
视差	0.4370	0.3940
平行	0.5680	0.2840
排比	0.5490	0.3630
瘫	0.1940	0.4800
护理人员	0.6730	0.4640
医护人员	0.4790	0.5940
准军事	0.1540	0.8040
最重要的	0.7710	0.6150
超自然	0.3945	0.8190
用具	0.5080	0.5025
意译	0.5000	0.3750
截瘫	0.1880	0.4410
寄生物	0.0920	0.4420
寄生	0.0370	0.6000
阳伞	0.6040	0.2550
包裹	0.5510	0.4450
眢	0.2500	0.2350
羊皮纸	0.6150	0.2280
实质	0.5000	0.3990
父母	0.7550	0.5300
育儿	0.8120	0.5200
贱民	0.3970	0.4780
顶叶	0.4810	0.3330
削皮	0.4290	0.4410
平价	0.5820	0.4060
公园	0.8160	0.3430
停車處	0.7770	0.4690
帕金森	0.1040	0.5700
说法	0.5815	0.4250
Parlay的	0.4690	0.6110
议会	0.5315	0.5470
客厅	0.5000	0.3270
巴马	0.6980	0.3210
滑稽模仿	0.5610	0.6510
言语	0.5220	0.5450
实木复合地板	0.5410	0.2400
鹦鹉	0.5880	0.3330
招架	0.5100	0.4040
俭省的	0.4170	0.3120
简约	0.4490	0.2800
香菜	0.4580	0.1700
参加	0.7550	0.6180
局部	0.4290	0.3240
参加者	0.7120	0.5980
粒子	0.5210	0.2650
离别	0.2600	0.5420
党派	0.6150	0.5490
党派之争	0.4380	0.5660
部分地	0.4150	0.4100
合伙	0.7860	0.3870
鹧鸪	0.5830	0.4150
派对	0.9480	0.8400
通过	0.4840	0.3110
通道	0.5003	0.3947
乘客	0.7170	0.4130
情	0.8540	0.8650
多情	0.9900	0.8270
被动	0.3305	0.1155
万能钥匙	0.6460	0.5000
护照	0.6530	0.4570
密码	0.3900	0.3560
意大利面	0.6720	0.3295
糊	0.5000	0.5560
柔和	0.7190	0.3570
消遣	0.6770	0.3530
熏牛肉	0.5420	0.4150
糕点	0.8700	0.4070
膏状	0.4790	0.3630
补丁	0.4390	0.2880
拼凑物	0.5000	0.2600
佩特	0.4060	0.2600
专利	0.6475	0.4065
父亲的	0.7760	0.3530
亲子鉴定	0.7040	0.5900
路径	0.5900	0.2450
可怜	0.1505	0.4780
病理学家	0.3540	0.5520
病理	0.2710	0.5600
路	0.6510	0.4070
忍耐	0.7710	0.1250
患者	0.3695	0.4415
家长	0.5920	0.4480
重男轻女	0.5310	0.5000
爱国者	0.7710	0.6350
爱国	0.8750	0.5090
爱国主义	0.7080	0.6350
巡逻	0.4270	0.6640
巡警	0.4690	0.7310
赞助	0.7220	0.5450
光顾	0.4905	0.4100
宠幸	0.4300	0.4510
穷光蛋	0.2600	0.3470
铺平	0.5940	0.4900
路面	0.4600	0.3530
铺路	0.4080	0.4690
爪子	0.4170	0.3600
典当	0.3900	0.3210
当铺	0.3960	0.4390
工资	0.6417	0.5027
回报	0.4590	0.5000
薪水	0.8410	0.5550
发薪日	0.8330	0.7410
付款人	0.3130	0.6300
有效载荷	0.6120	0.5100
付款	0.6290	0.4520
付清	0.7400	0.6440
公用电话	0.4690	0.3600
工资表	0.5210	0.3600
豌豆	0.5610	0.2790
和平	0.9390	0.1560
平静的	0.8670	0.1080
安然	0.9010	0.1900
维和人员	0.8650	0.3200
和平时期	0.9490	0.1800
桃子	0.7040	0.4800
桃色的	0.7550	0.4790
孔雀	0.7860	0.4490
峰	0.5000	0.3450
见顶	0.6770	0.7040
花生	0.5940	0.2480
梨	0.6770	0.1580
珍珠	0.9050	0.4250
珍珠的	0.6350	0.3370
农	0.5300	0.2750
泥炭	0.3330	0.6550
卵石	0.4320	0.2765
胡桃	0.5520	0.3160
啄	0.3300	0.4210
啄木鸟	0.4895	0.4955
独有的	0.6150	0.4500
金钱的	0.4900	0.4900
踏板	0.5000	0.3200
迂	0.2290	0.6080
兜售	0.5390	0.5490
小贩	0.4080	0.4810
座	0.7350	0.2840
行人	0.4380	0.3600
小儿科的	0.5600	0.4620
儿科医师	0.6020	0.5000
儿科	0.7500	0.3800
修脚	0.6950	0.2690
谱系	0.6250	0.3400
计步器	0.4690	0.5610
恋童癖	0.0510	0.7240
撒尿	0.4490	0.5290
窥视	0.5078	0.3518
躲猫猫	0.5920	0.6070
剥	0.4390	0.2500
偷窥者	0.1820	0.5370
窥视孔	0.4790	0.5000
忿怒的	0.1560	0.7500
衣夹	0.5200	0.3570
远洋	0.5210	0.5540
鹈	0.5730	0.3910
盆腔	0.3200	0.6320
骨盆	0.3780	0.6180
钢笔	0.6220	0.1940
罚款	0.0620	0.4900
苦修	0.2190	0.6670
嗜好	0.6880	0.4800
铅笔	0.5520	0.2000
垂饰	0.6760	0.3210
未决	0.3960	0.4520
有待	0.3960	0.4410
摆	0.5420	0.3680
穿透	0.2870	0.8770
入木三分	0.4690	0.7920
渗透	0.4243	0.6180
企鹅	0.6150	0.2960
青霉素	0.4170	0.4310
阴茎	0.4220	0.7730
半岛	0.5510	0.3840
忏悔的人	0.5420	0.5300
教养所	0.2290	0.7260
幡	0.5420	0.3800
不名一文	0.0620	0.3160
养老金	0.5365	0.4105
跟班	0.4400	0.2450
五角大楼	0.4900	0.6360
五角星	0.5100	0.4330
耳房	0.5920	0.4300
倒数第二	0.4690	0.3660
人居住	0.5940	0.4500
胡椒	0.4000	0.5390
意大利辣味香肠	0.7960	0.4720
强力的	0.6770	0.5290
消化性溃疡	0.3980	0.4630
肽	0.3800	0.4800
感知	0.6530	0.4900
百分	0.4745	0.3800
百分比	0.4690	0.4000
察觉	0.7100	0.4600
知觉	0.6530	0.4810
感知的	0.7450	0.5000
栖息	0.5310	0.3000
或许	0.4800	0.2240
渗滤	0.3970	0.4170
打击乐器	0.6220	0.6350
殒命	0.1350	0.6560
蛮横	0.4290	0.4260
多年生	0.5270	0.3580
完美主义者	0.6670	0.7040
穿孔的	0.2190	0.6070
穿孔	0.3650	0.6680
Perforce公司	0.3570	0.6890
性能	0.7500	0.5200
香水	0.7400	0.4720
围	0.4480	0.4330
贵橄榄石	0.4580	0.4810
岌	0.0520	0.9100
殆	0.1430	0.8620
期	0.3960	0.3240
定期	0.5307	0.2753
期刊	0.5500	0.2980
外围设备	0.4060	0.4060
周边	0.4690	0.3600
潜望镜	0.6040	0.3750
沦	0.2960	0.5700
易腐	0.2700	0.4640
遇难	0.1350	0.5960
灭亡	0.2290	0.4230
伪证	0.2290	0.6860
额外津贴	0.9030	0.5190
自信的	0.8960	0.7920
烫发	0.6670	0.4650
持久性	0.7710	0.3700
常驻	0.7450	0.3450
透水	0.6350	0.4020
可允许的	0.6840	0.6460
许可证	0.7330	0.3490
过氧化物	0.4580	0.5290
垂直	0.5030	0.4175
犯	0.3270	0.8370
肇事者	0.2290	0.7650
永动的	0.6250	0.4380
永存	0.5100	0.6770
如履薄冰	0.5900	0.4340
复杂的	0.5905	0.5055
迫害	0.2550	0.8690
毅力	0.8880	0.6300
持之以恒	0.8020	0.5830
倢	0.8160	0.5200
人士	0.6530	0.3240
拟人	0.7600	0.4710
人员	0.7290	0.3440
透视	0.6880	0.4700
劝说	0.6120	0.6700
说服力	0.7400	0.7000
冒失的	0.4690	0.4600
摄	0.2700	0.8400
百日咳	0.2790	0.5690
细读	0.5625	0.2525
普及	0.5265	0.6275
悖	0.2450	0.8440
反常	0.0820	0.8630
悲观主义	0.0830	0.4840
悲观主义者	0.1250	0.4700
悲观	0.0880	0.3940
虫害	0.1880	0.6800
瘟疫	0.1220	0.6600
杵	0.4270	0.4630
香蒜	0.5310	0.3230
宠物	0.8750	0.3270
花瓣	0.8100	0.1940
娇小	0.5100	0.3540
请愿	0.5495	0.5530
石化的	0.2210	0.6250
石油	0.5830	0.4510
衬裙	0.5500	0.3960
小气	0.1520	0.5425
矮牵牛	0.5830	0.2600
座位	0.4955	0.2580
锡	0.3960	0.2600
方阵	0.3980	0.3980
法老	0.6560	0.4910
制药	0.5000	0.4350
药理	0.5600	0.4400
相	0.6450	0.3000
野鸡	0.5410	0.3620
非凡的	0.9150	0.7500
现象	0.6250	0.7210
信息素	0.5610	0.5730
表示不快	0.5310	0.4290
披	0.4200	0.3610
慈善家	0.7040	0.4630
慈善事业	0.7450	0.4120
庸俗	0.2365	0.6600
哲学家	0.6840	0.3160
哲学上	0.7035	0.2725
哲学	0.6840	0.2550
痰	0.1730	0.3940
恐怖症	0.1730	0.9040
凤凰	0.6530	0.4810
语音	0.6200	0.3840
留声机	0.5610	0.3980
音韵学	0.6950	0.4020
阿福	0.3330	0.4900
磷酸盐	0.5000	0.3060
磷	0.4335	0.5095
照片	0.7030	0.3400
上相	0.7800	0.5000
测光	0.4170	0.4560
光子	0.4590	0.4390
短语	0.6300	0.2640
用语	0.6200	0.4060
发展史	0.3780	0.4100
物理	0.6660	0.4675
物理治疗师	0.5310	0.3370
医师	0.5830	0.4900
物理学家	0.6350	0.5380
生理	0.5155	0.4345
体质	0.6430	0.5000
钢琴家	0.8060	0.4910
钢琴	0.7040	0.3430
广场	0.6080	0.3857
挑	0.5000	0.4640
采摘的	0.7400	0.5180
选择器	0.5340	0.3400
纠察	0.3475	0.5860
泡菜	0.5930	0.4490
腌制	0.3440	0.4500
扒手	0.2660	0.7670
捡起	0.5610	0.5290
野餐	0.6250	0.4700
画报	0.7040	0.4810
如画	0.8020	0.4910
馅饼	0.7535	0.4095
片	0.5560	0.2647
零碎	0.6150	0.2690
斑驳的	0.5940	0.4330
刺穿	0.3650	0.6700
虔诚	0.7600	0.3400
猪	0.3415	0.4435
小猪	0.5340	0.4700
捎带	0.4380	0.4900
执拗	0.2710	0.4720
颜料	0.3900	0.3330
猪皮	0.3470	0.4490
圊	0.1330	0.5290
梭子鱼	0.4270	0.4100
桩	0.4610	0.3200
痔	0.4690	0.4230
朝圣	0.6195	0.4630
掠	0.2400	0.6850
地堡	0.3850	0.3390
枕头	0.6630	0.1280
枕套	0.5000	0.1790
拉皮条	0.1460	0.7000
疙瘩	0.2450	0.3700
销	0.4380	0.3460
弹球	0.5820	0.6400
捏	0.2950	0.7100
松树	0.5830	0.2250
菠萝	0.6770	0.3160
平	0.5410	0.4900
针头	0.4590	0.3000
针孔	0.3750	0.2790
小齿轮	0.4440	0.3610
粉	0.8060	0.2690
小指	0.6630	0.2650
巅峰	0.6330	0.3900
黑比诺	0.3650	0.3700
查明	0.5830	0.4430
品脱	0.6860	0.3330
斑马	0.5685	0.4010
订起来	0.6100	0.4590
虔	0.6980	0.3060
果仁	0.4480	0.4300
管道	0.4096	0.3976
吹笛者	0.5690	0.4420
吸管	0.4800	0.4030
矮小的人	0.3470	0.4810
海盗行为	0.2960	0.7920
食人鱼	0.2190	0.7990
海盗	0.3485	0.7475
小便	0.3540	0.4620
惹恼了	0.2400	0.6510
开心果	0.6430	0.3360
活塞	0.3980	0.4800
坑	0.4080	0.3960
皮塔	0.5510	0.2790
投手	0.5100	0.6730
叉	0.3395	0.4120
陷阱	0.1720	0.6860
髓	0.4580	0.3500
简练	0.4800	0.3600
进站	0.3580	0.6530
雨声	0.4690	0.4240
垂体	0.4060	0.3650
枢	0.4580	0.3820
关键的	0.5820	0.4710
比萨	0.8470	0.3900
比萨店	0.7190	0.5200
标语牌	0.3880	0.4420
地点	0.5730	0.2610
安慰剂	0.5200	0.3060
放置	0.6430	0.4600
胎盘	0.3750	0.4330
波澜不惊	0.6400	0.3170
门襟	0.4080	0.2310
抄袭	0.1350	0.7160
鼠疫	0.0830	0.5960
格子花呢	0.4640	0.3765
川	0.5000	0.1670
便衣	0.6980	0.3370
哀怨	0.2920	0.5290
计划	0.6930	0.4625
行星	0.6753	0.4073
天文馆	0.7040	0.4620
浮游生物	0.5520	0.3210
规划人员	0.7600	0.4690
规划	0.8940	0.4620
种植园	0.5730	0.5850
播种机	0.6040	0.4500
种植	0.6350	0.3430
牌匾	0.5200	0.3330
等离子体	0.4740	0.3980
石膏	0.4380	0.2640
塑料	0.4900	0.2690
可塑性	0.5420	0.4710
高原	0.6635	0.3375
盘子	0.5830	0.2450
镀	0.5620	0.4580
平台	0.6020	0.3400
电镀	0.5760	0.3680
铂	0.7500	0.5180
柏拉图式的	0.4900	0.4610
排	0.4480	0.7000
大盘子	0.6860	0.2450
合理性	0.7050	0.4510
似是而非	0.7140	0.4040
玩	0.8120	0.7650
普拉亚	0.7240	0.5100
回放	0.6560	0.5590
剧本	0.5865	0.4940
播放机	0.5570	0.6880
调皮	0.8920	0.6880
操场	0.8880	0.6200
剧场	0.7190	0.7290
玩伴	0.8780	0.5090
挑拨	0.6220	0.7160
游戏室	0.8440	0.6610
玩物	0.7080	0.6020
播放时间	0.7600	0.5960
剧作家	0.6720	0.5500
求情	0.1770	0.5960
乐趣	0.9175	0.6970
褶	0.4900	0.3450
打褶	0.5340	0.3180
全	0.6315	0.3545
全会	0.5310	0.4540
易弯的	0.6250	0.3700
础	0.4380	0.3460
单调乏味的	0.4490	0.4810
扑通	0.3325	0.6335
犁	0.5495	0.4743
珩	0.4390	0.4340
耕作	0.5570	0.5610
策略	0.5205	0.6175
采摘	0.3750	0.5830
插头	0.5310	0.3560
李子	0.7240	0.3060
水管工人	0.3270	0.5100
水暖	0.4690	0.4270
羽	0.4690	0.3230
铅坠	0.3020	0.7500
饱满	0.4060	0.4290
跳水	0.3070	0.6900
柱塞	0.3650	0.5100
复数	0.6215	0.4525
长毛绒	0.6250	0.2650
钚	0.4060	0.6750
合板	0.5610	0.2450
气动	0.3370	0.5200
肺炎	0.2080	0.6080
偷猎者	0.2775	0.7650
偷猎	0.3020	0.8240
口袋	0.4580	0.2750
满袋	0.5940	0.2790
讲台	0.6270	0.3650
诗	0.7700	0.3090
诗意	0.8310	0.2980
诗论	0.8330	0.3060
诗歌	0.6970	0.2350
弹簧	0.6585	0.3980
凄美	0.6460	0.4440
指针	0.5830	0.3820
无意义	0.0900	0.3705
尖尖	0.4690	0.6510
中毒	0.0755	0.8225
有毒	0.1305	0.8555
扑克	0.4800	0.6890
捅	0.3650	0.4800
极性	0.4890	0.3665
极	0.5685	0.5690
论战	0.1330	0.7500
政策	0.3240	0.7350
脊髓灰质炎	0.2960	0.4520
抛光	0.6040	0.4120
政治	0.3207	0.6130
政治家	0.4165	0.5205
政体	0.2680	0.5830
波尔卡	0.6040	0.4510
轮询	0.5000	0.5490
花粉	0.6220	0.2120
马球	0.5820	0.3600
吵闹鬼	0.2710	0.7840
聚酯纤维	0.4790	0.2700
一夫多妻制	0.3650	0.6470
多边形	0.4585	0.4995
测谎器	0.4270	0.4910
聚合物	0.4380	0.3300
多态性	0.4290	0.5920
盛况	0.4480	0.4910
自大的	0.5000	0.5710
雨披	0.4900	0.2650
池塘	0.5200	0.3370
思考	0.7400	0.3800
乒乓	0.5000	0.5000
浮桥	0.5000	0.3770
马尾巴	0.5410	0.3370
狮子狗	0.5000	0.4130
噗	0.5000	0.3770
池	0.5780	0.3160
较差的	0.1560	0.3580
不好	0.0770	0.6200
流行的	0.6730	0.5100
爆米花	0.8750	0.4410
波普尔	0.4200	0.5090
罂粟	0.6350	0.3920
棒冰	0.6670	0.3000
声望	0.9070	0.6890
人口稠密	0.5200	0.6300
瓷	0.5620	0.3100
门廊	0.5280	0.3840
豪猪	0.3880	0.4210
猪肉	0.3700	0.4500
腴	0.2340	0.4830
A片	0.3440	0.9150
色情	0.2850	0.9133
多孔性	0.3120	0.3430
多孔	0.3850	0.3700
稀饭	0.5730	0.2290
手提	0.6150	0.3560
搬运	0.4900	0.4900
门户	0.5830	0.3470
搬运工	0.5710	0.3750
等腰	0.6020	0.3640
投资组合	0.6250	0.2800
炮眼	0.5000	0.3530
一部分	0.5360	0.3640
画像	0.7350	0.2980
写真	0.6560	0.5290
提出	0.5155	0.5250
辣妹	0.8230	0.3370
正	0.9590	0.5100
阳性	0.9590	0.5490
波塞	0.3980	0.5100
具有	0.6700	0.5900
所有格	0.2790	0.6480
所有人	0.4800	0.5730
或者	0.4480	0.4000
负鼠	0.4080	0.4710
岗位	0.5200	0.4260
邮资	0.5600	0.4710
邮政	0.7650	0.2450
明信片	0.8220	0.2920
海报	0.5420	0.2750
后人	0.5650	0.4600
死后的	0.2320	0.4410
邮差	0.6430	0.4820
后记	0.4870	0.3000
姿势	0.5620	0.3090
锅	0.5000	0.1860
饮用水	0.7650	0.3260
钾	0.4690	0.3140
土豆	0.6155	0.2530
效力	0.7080	0.7450
有力的	0.6980	0.7840
潜在	0.8060	0.6250
壶洞	0.3440	0.2940
便饭	0.6210	0.5610
花香	0.6460	0.5800
制陶工人	0.5730	0.4170
便壶	0.3670	0.3730
家禽	0.4800	0.3750
猛扑	0.4900	0.6570
磅	0.5700	0.3370
重击	0.3330	0.8430
噘	0.4580	0.3540
撅嘴	0.2630	0.4710
微翘	0.3330	0.4800
粉末	0.5210	0.2500
粉状	0.4215	0.3825
功率	0.7190	0.6700
发电厂	0.6300	0.7550
祈祷仪式	0.4900	0.6500
痘	0.2350	0.5670
实际的	0.7100	0.4900
几乎	0.6220	0.4020
实践	0.6985	0.5360
练	0.6120	0.6050
从业者	0.7040	0.4970
务实	0.5730	0.4330
草原	0.5500	0.2520
称赞	0.9500	0.4410
表扬	0.8780	0.4910
可贵	0.8750	0.4450
腾	0.6830	0.5470
祈祷	0.6800	0.1810
祷告	0.7450	0.2170
为我祈祷	0.5200	0.4040
螳螂	0.4790	0.4420
说教	0.6460	0.6040
危险的	0.0890	0.7075
预防	0.5698	0.4673
优先权	0.5940	0.5200
先例	0.5740	0.3920
箴言	0.4480	0.4800
岁差	0.4690	0.4600
管理区	0.3750	0.4310
选区	0.5310	0.3240
珍贵	0.9115	0.5150
沉淀	0.4363	0.5797
陡峭	0.4290	0.6510
恰恰	0.8160	0.3880
早熟	0.3980	0.6100
先导	0.5800	0.6720
捕食者	0.1430	0.7600
掠夺性	0.0830	0.8650
前任	0.6350	0.4150
谓词	0.6350	0.3440
可预测	0.3120	0.2960
预报器	0.6460	0.6150
好发	0.6670	0.5290
易患	0.5000	0.5260
倾向	0.5885	0.5365
优越的	0.6800	0.5960
掌握	0.6730	0.6100
超群	0.6880	0.6760
抢占	0.5885	0.5350
先发制人	0.6420	0.4610
长官	0.6980	0.4510
比较喜欢	0.7600	0.3850
最好	0.8060	0.4330
字首	0.5210	0.2320
怀孕	0.7400	0.7690
孕	0.7650	0.7730
史前	0.4170	0.3170
偏见	0.1125	0.6790
初试	0.4620	0.4170
初步	0.4085	0.3570
序幕	0.5575	0.3920
婚前	0.5615	0.5835
过早	0.2865	0.5365
医学预科	0.4900	0.4590
预谋的	0.3540	0.4900
总理	0.7550	0.5190
首映	0.7760	0.5960
前提	0.5310	0.5190
房地	0.5000	0.3060
额外费用	0.7860	0.5900
征兆	0.3650	0.7650
产前	0.7400	0.4220
当务之急	0.3750	0.6940
斤斤计较	0.2650	0.7000
预备	0.6930	0.5045
制备	0.7710	0.5000
准备	0.7262	0.4980
报税	0.6170	0.5000
预科生	0.5420	0.5200
特权	0.7450	0.5190
幼儿	0.7080	0.4255
有先见之明	0.5310	0.5390
规定	0.5748	0.5115
规定的	0.6150	0.3780
当下	0.7240	0.2860
像样	0.8360	0.3110
主持人	0.6730	0.6070
出示	0.7080	0.6630
礼物	0.7810	0.3940
保存	0.7000	0.3930
保留	0.5642	0.4008
罐头	0.6770	0.3370
保	0.7650	0.4620
总统任期	0.7760	0.6860
总统	0.6120	0.6560
按	0.5520	0.5200
紧迫	0.2400	0.7550
压力	0.2565	0.7615
声望很高的	0.9790	0.6440
急板	0.5730	0.4150
推定	0.3230	0.4830
放肆	0.3460	0.6675
臆断	0.5880	0.4690
假装的	0.1670	0.5560
冒牌者	0.5000	0.6830
自命不凡	0.1560	0.7360
托词	0.4180	0.4270
漂亮	0.7450	0.5490
椒盐卷饼	0.5190	0.3230
战胜	0.7240	0.5570
预习	0.6560	0.3370
以前	0.5210	0.3370
先前	0.5940	0.3370
猎物	0.3780	0.5000
价钱	0.4790	0.4750
昂贵的	0.3400	0.5670
刺	0.2799	0.6633
自豪	0.7290	0.6340
女祭司	0.5310	0.3900
圣职	0.6220	0.3040
祭司	0.6050	0.2840
拘谨的	0.5400	0.3700
首位	0.7780	0.6600
原始	0.4813	0.4610
灵长类动物	0.4630	0.4090
引	0.6350	0.4020
底漆	0.6250	0.3630
吸	0.2980	0.5475
报春花	0.8270	0.2300
王子	0.8880	0.4640
王侯	0.7860	0.5400
公主	0.8850	0.5570
原则上	0.7860	0.4800
原理	0.7500	0.3060
原则	0.7160	0.3215
打印	0.5575	0.5220
打印机	0.4790	0.3450
印花	0.6460	0.6540
优先	0.7745	0.5780
棱镜	0.5200	0.4290
棱柱	0.4290	0.5620
囚犯	0.0710	0.6540
神经质的	0.3540	0.5590
质朴	0.6500	0.3630
隐私	0.5200	0.4200
私人的	0.6610	0.4220
私自	0.4580	0.5620
有利害关系的人	0.5830	0.4810
主动	0.7920	0.7230
遗嘱认证	0.6840	0.4620
缓刑	0.3567	0.5720
探测	0.3915	0.4570
廉洁	0.4690	0.4230
程序	0.6065	0.4047
拖延	0.2995	0.3915
生育	0.6460	0.7600
生殖	0.7810	0.6590
直肠病	0.5310	0.5820
监考	0.5520	0.4600
促成	0.7450	0.5200
采购	0.7030	0.5295
败家子	0.6430	0.4910
神童	0.8120	0.7040
生产	0.6810	0.6475
制片人	0.5590	0.5610
生产的	0.8470	0.6770
生产率	0.9580	0.6910
粗俗	0.1670	0.7010
宣称	0.6330	0.4200
专业的	0.8330	0.4470
敬业精神	0.7810	0.5410
教授	0.6190	0.3685
精通	0.7605	0.6590
探查	0.5200	0.4150
利润	0.9300	0.4620
深刻	0.7550	0.5460
丰富的	0.5305	0.4740
预后	0.6460	0.6040
程序员	0.5620	0.4260
程序设计	0.6000	0.4350
进展	0.8800	0.6420
级数	0.7400	0.5620
被禁止	0.1150	0.7700
望而却步	0.1560	0.6670
抛射物	0.2760	0.8650
投影	0.7080	0.5000
放映机	0.5730	0.4910
无产阶级	0.3945	0.5240
多产的	0.6250	0.5500
经久	0.4060	0.4530
舞会	0.5270	0.4400
突出物	0.7060	0.5900
滥交	0.2190	0.9600
淫乱	0.2140	0.8000
诺言	0.8230	0.5000
本票	0.5710	0.5510
促销	0.7210	0.5985
海角	0.5000	0.4970
提示	0.5803	0.4903
颁布	0.5110	0.4330
发布	0.7250	0.5430
发音	0.5920	0.4755
宣判	0.3950	0.6665
宣传	0.5210	0.6510
丙烷	0.3460	0.4730
推进	0.6760	0.7780
推进的	0.6330	0.7360
螺旋桨	0.4790	0.5690
预言	0.7100	0.6150
预言家	0.6730	0.4620
预言的	0.6880	0.5860
预防性	0.5100	0.4910
比例	0.5830	0.4460
成比例的	0.7290	0.3800
提案	0.8880	0.6670
业主	0.7350	0.4800
散文	0.5420	0.2740
检察官	0.2450	0.8570
展望	0.7330	0.4420
前瞻性	0.7600	0.6200
采矿者	0.5730	0.6510
招股说明书	0.6120	0.5580
前列腺	0.3230	0.5100
假肢	0.3400	0.4640
卖淫	0.1250	0.8430
踣	0.2760	0.4020
主角	0.7650	0.7040
保护的	0.8440	0.4590
保护者	0.7790	0.3600
蛋白	0.7500	0.3370
抗议	0.1400	0.8890
新教	0.3300	0.7300
质子	0.4580	0.4150
原生动物	0.3500	0.4520
骄傲	0.9060	0.7000
普罗维登斯	0.6030	0.3370
提供商	0.7510	0.4940
省	0.7140	0.2550
省级	0.6450	0.3410
暂时	0.5350	0.4175
挑衅	0.3240	0.8535
惹	0.2855	0.7735
发人深省	0.3380	0.9200
教务长	0.4800	0.4740
实力	0.7920	0.6570
潜行	0.2965	0.6435
小偷	0.3750	0.6080
近端	0.5410	0.4600
最近的	0.6670	0.4330
代理	0.5210	0.4080
谦虚的女人	0.3270	0.4100
修剪	0.4490	0.3892
撬	0.3955	0.5645
诗篇	0.6450	0.2380
伪	0.2725	0.4345
笔名	0.5000	0.3980
银屑病	0.1250	0.6740
迷幻	0.4650	0.5650
精神	0.6603	0.4078
精神病	0.1917	0.7770
心理医生	0.4160	0.6135
精神病学	0.1910	0.6630
灵魂的	0.5000	0.5000
心理学	0.5255	0.4625
精神分析	0.4380	0.4900
的心理学	0.3630	0.6020
心理学家	0.3750	0.3080
精神病患者	0.0400	0.9430
心理变态	0.0770	0.9180
心身	0.2500	0.5800
心理治疗	0.3960	0.5470
翼龙	0.3540	0.7160
创伤后应激障碍	0.3730	0.5200
阴毛	0.4900	0.5130
短柔毛	0.5500	0.5700
耻骨	0.4060	0.5700
上市	0.5920	0.5100
出版物	0.5490	0.4700
公关	0.5620	0.5310
发表	0.6670	0.4290
出版者	0.5710	0.3920
出版	0.7080	0.6150
冰球	0.3980	0.4900
皱纹	0.2385	0.3985
布丁	0.7500	0.2550
水坑	0.3960	0.3020
矮墩墩	0.3100	0.4280
膨化	0.3960	0.6120
泥料	0.6000	0.2980
呕吐	0.1443	0.6313
拉	0.4500	0.6850
滑轮	0.4800	0.3330
拉过来	0.6570	0.3400
肺的	0.2760	0.4710
纸浆	0.4690	0.2310
讲坛	0.4690	0.4490
脉冲星	0.4900	0.5000
脉动	0.4480	0.5670
脉冲	0.5070	0.4120
泵	0.4170	0.8820
抽	0.6150	0.7000
南瓜	0.5390	0.1770
冲床	0.2290	0.7870
冲	0.2930	0.7275
冲孔	0.3320	0.9150
铿锵有力	0.5200	0.6180
准时	0.7450	0.3370
正点	0.7850	0.3930
标点	0.5610	0.3850
权威人士	0.6440	0.5820
泼辣	0.3470	0.7550
惩治	0.0610	0.8080
该罚的	0.1980	0.5880
处罚	0.1770	0.7350
惩罚性	0.2810	0.5760
朋克	0.4290	0.6300
平底船	0.3650	0.4800
弱小	0.3120	0.3240
小狗	0.8315	0.4440
瞳孔	0.7290	0.4060
木偶	0.4590	0.4330
木偶戏	0.3370	0.4910
购买者	0.5100	0.5490
纯	0.8110	0.3060
菜泥	0.7080	0.2550
纯粹	0.6840	0.4410
炼狱	0.2550	0.7050
清除	0.1250	0.5660
纯化	0.8470	0.4520
纯粹的	0.6250	0.4180
纯度	0.8230	0.2050
紫色	0.6940	0.2850
旨趣	0.6630	0.3770
故意	0.6460	0.7060
发出喉音	0.6040	0.4600
打呼噜	0.7480	0.3300
钱包	0.6680	0.3040
追求	0.5238	0.6605
承办商	0.6430	0.4800
脓	0.1350	0.4310
推	0.3487	0.7087
侧推	0.3470	0.5580
富有进取心的	0.0800	0.9060
放	0.5200	0.3980
腐烂	0.1217	0.5467
看跌期权	0.4280	0.4070
推杆	0.4255	0.4470
油灰	0.4380	0.3040
铁塔	0.4170	0.2880
金字塔	0.6765	0.3875
烟火	0.5610	0.8210
蟒蛇	0.2190	0.6180
嘎嘎	0.5300	0.4510
四边形	0.4580	0.5890
象限	0.5000	0.2690
二次	0.4300	0.3850
四极	0.4500	0.4250
鹌鹑	0.5000	0.3180
修饰	0.7300	0.5940
排位赛	0.7880	0.5770
气质	0.6320	0.5675
质量	0.8960	0.4430
量化	0.7190	0.4590
数量上	0.5100	0.4910
数量	0.5200	0.4720
量子	0.7040	0.5000
吵架	0.1120	0.9290
采石场	0.3780	0.4260
夸脱	0.4390	0.2650
25美分硬币	0.5680	0.2960
四分卫	0.6770	0.7260
驻扎	0.2960	0.8700
季刊	0.6040	0.3800
军需	0.5510	0.5800
住处	0.5100	0.4120
四重奏	0.4790	0.3770
四分位数	0.4380	0.4450
石英	0.7040	0.2920
撤销	0.2710	0.6890
准	0.5100	0.3430
季	0.4910	0.3700
动荡	0.2100	0.7205
女王	0.8750	0.6920
荡平	0.3880	0.6960
淬火	0.3850	0.3440
询问	0.5210	0.4200
寻求	0.6325	0.5725
题	0.5100	0.4100
可疑的	0.2680	0.5510
疑问	0.4380	0.6960
调查问卷	0.3850	0.3270
狡辩	0.3120	0.6850
乳蛋饼	0.5000	0.4560
快	0.7040	0.7550
匆匆	0.6000	0.7000
很快	0.7840	0.8500
速度	0.7220	0.7510
流沙	0.2190	0.7400
水银	0.4170	0.4410
静	0.5000	0.1600
安静	0.6150	0.1525
悄悄	0.5610	0.1250
鹅毛笔	0.5210	0.2160
被子	0.6430	0.1230
桲	0.5570	0.3680
奎宁	0.4180	0.4610
五重奏	0.5600	0.5600
俏皮话	0.4900	0.3840
诡诈的	0.7080	0.3730
颤动	0.4100	0.5750
颤抖	0.4907	0.8303
测验	0.4620	0.6100
法定人数	0.6150	0.5440
配额	0.4270	0.4100
行情	0.7960	0.5900
报价	0.6250	0.5780
商	0.6150	0.2900
拉比	0.4590	0.3620
乌合之众	0.1840	0.6020
狂犬病	0.1150	0.7500
狸	0.5410	0.4350
种族	0.4420	0.4725
赛马	0.7190	0.7020
赛车	0.4800	0.6310
跑马场	0.7080	0.8080
种族主义	0.1220	0.6730
种族主义者	0.0610	0.6730
架	0.4730	0.2875
球拍	0.5200	0.3560
敲诈勒索	0.1670	0.8770
货架	0.4110	0.4420
壁球	0.5565	0.6670
雷达	0.5210	0.6150
径向	0.4390	0.4040
辐射	0.5607	0.7003
辐射的	0.8880	0.7170
散热器	0.3850	0.4520
根本	0.5520	0.7310
无线电	0.5730	0.4020
放射性的	0.1900	0.7980
放射性	0.2400	0.9100
X光片	0.5610	0.4900
造影	0.4690	0.6140
放射科医生	0.4900	0.4230
放射科	0.4590	0.4600
萝卜	0.5000	0.3160
镭	0.4690	0.3600
半径	0.5210	0.3240
氡	0.3230	0.4180
废物	0.6400	0.5100
筏	0.5100	0.2290
抹布	0.2550	0.2260
褴褛的	0.2135	0.4605
碎布	0.4340	0.3090
拉格泰姆	0.4690	0.6020
袭击	0.3500	0.7260
轨	0.4700	0.5000
铁路	0.6020	0.6035
雨	0.5420	0.3880
彩虹	0.8765	0.4335
虹鳟鱼	0.7000	0.4620
雨衣	0.5925	0.3435
雨滴	0.6980	0.3370
雨量	0.6040	0.3140
雨林	0.6120	0.3750
唤雨巫师	0.4480	0.5090
暴雨	0.3920	0.5350
多雨的	0.6100	0.4510
下雨天	0.5200	0.3800
上调	0.6560	0.3260
葡萄干	0.5940	0.2350
耙	0.4100	0.2860
团结	0.7283	0.4873
内存	0.4060	0.4520
漫谈	0.6150	0.4640
漫步的	0.4480	0.5100
乱闹	0.2400	0.8750
猖獗	0.4900	0.7880
壁垒	0.3220	0.5200
笔挺	0.4060	0.4080
农场工人	0.5100	0.5200
馊	0.1560	0.4510
随机	0.4500	0.5570
随机性	0.4180	0.4490
兰迪	0.4900	0.3940
游侠	0.5260	0.5450
秩	0.5310	0.3800
排行	0.4740	0.5095
赎金	0.5820	0.8000
敲击	0.6040	0.5750
强奸	0.0620	0.8560
快速	0.6670	0.7880
急流	0.5730	0.8170
强奸犯	0.0620	0.9060
说唱歌手	0.5500	0.7550
说唱	0.5650	0.7160
猛禽	0.2700	0.7730
猛龙	0.2800	0.5650
欢天喜地	0.4390	0.8830
罕见	0.4275	0.4210
很少	0.3655	0.3730
稀有	0.6460	0.5480
皮疹	0.2190	0.8200
山莓	0.8020	0.2780
覆盆子	0.7350	0.3360
鼠	0.2710	0.5670
棘轮	0.4490	0.5200
率	0.5210	0.2970
评分	0.6630	0.6790
比	0.5600	0.4610
配给	0.4585	0.3750
合理	0.7623	0.3950
唯理论	0.5620	0.5000
理性	0.6330	0.5100
理顺	0.6330	0.4000
藤	0.4340	0.3340
霸王鞭	0.4900	0.4290
叮叮当当	0.3540	0.6410
响尾蛇	0.3613	0.6777
饿坏了的	0.4060	0.7000
山沟	0.3540	0.6730
狂言	0.3120	0.7640
馄饨	0.6560	0.2810
令人陶醉	0.7450	0.8330
生的	0.1430	0.3490
射线	0.5500	0.6700
剃刀	0.2600	0.6100
反应	0.4520	0.8140
反动	0.4060	0.5730
反应堆	0.4380	0.7940
读	0.7605	0.2330
读者	0.7370	0.2650
准备就绪	0.7080	0.5310
读出	0.5900	0.2500
准备好出发	0.6670	0.6540
重申	0.5860	0.5050
试剂	0.3850	0.6980
现实主义	0.7400	0.5450
现实主义者	0.7200	0.5720
房地产经纪人	0.4290	0.4710
不动产	0.6330	0.4710
令	0.4900	0.1730
收割	0.6770	0.4220
收割者	0.3400	0.5650
再现	0.6880	0.6250
改编	0.6560	0.5100
重排	0.5420	0.5270
重组	0.5756	0.5480
重新分配	0.4550	0.4850
放心	0.8645	0.1565
再保证	0.8370	0.3060
令人欣慰	0.8470	0.3080
回扣	0.6670	0.5690
反叛	0.2890	0.8540
暴动	0.1350	0.8903
叛军	0.1350	0.8600
重启	0.5815	0.5135
重生	0.8020	0.6180
篮板球	0.5210	0.4800
重建	0.6519	0.5477
训斥	0.1150	0.6770
反驳	0.3470	0.6470
婼	0.3570	0.6240
召回	0.5830	0.3510
宣布放弃	0.3330	0.5750
夺回	0.3330	0.6560
重铸	0.3670	0.4810
退	0.3860	0.4885
后退	0.2240	0.4180
收据	0.5420	0.2300
收	0.3200	0.3330
接收	0.7295	0.5120
收到	0.6460	0.4360
接收器	0.5000	0.4120
最近	0.5920	0.3650
招待会	0.6940	0.3750
接待员	0.6770	0.4300
不景气	0.3680	0.3980
充值	0.6413	0.5007
复检	0.4400	0.4900
接受者	0.4895	0.4225
往复	0.7600	0.4600
互惠	0.7400	0.6730
演奏会	0.8380	0.4400
朗诵	0.7080	0.5190
背诵	0.6880	0.3980
回收	0.5258	0.4380
开垦	0.5730	0.7500
横卧	0.4600	0.4040
斜倚	0.4480	0.3120
识别	0.6250	0.4000
畏缩	0.0890	0.4290
追忆	0.7955	0.4905
推荐	0.8120	0.4390
侦察	0.6283	0.5540
调和	0.7600	0.4700
和解	0.8960	0.5700
重新配置	0.4290	0.5000
重新连接	0.6300	0.5480
重新考虑	0.4480	0.4420
复议	0.5310	0.4590
复会	0.4900	0.5290
录音机	0.5510	0.3740
追索权	0.4020	0.3370
恢复	0.7378	0.4853
可采	0.7800	0.3880
复苏	0.6560	0.5490
休闲	0.8960	0.6860
招	0.5465	0.6770
招聘	0.5297	0.6873
新兵	0.3960	0.6530
直肠的	0.3440	0.6180
长方形	0.4585	0.2325
纠正	0.5837	0.5327
教区长	0.4900	0.3730
直肠	0.4380	0.4430
卧位	0.4290	0.3700
休养	0.6880	0.4180
复发	0.4013	0.4867
经常性	0.3700	0.5600
递归	0.3993	0.5630
红	0.4740	0.3610
续借	0.6020	0.4440
赎回	0.5447	0.4183
重新设计	0.6220	0.4600
红发	0.5935	0.5345
重定向	0.4690	0.3600
发红	0.1510	0.4700
重做	0.4810	0.5000
冗余	0.3160	0.2620
冗	0.2100	0.5000
红木	0.5920	0.3500
芦苇	0.4900	0.3500
礁	0.5830	0.4900
冷藏	0.6233	0.4007
珊瑚礁	0.5310	0.4710
腐臭	0.1770	0.4800
卷轴	0.4490	0.3320
蝉联	0.5410	0.6730
缫丝	0.3270	0.5420
重演	0.7710	0.5920
再入	0.6040	0.4490
参考	0.5695	0.3350
裁判	0.5255	0.6180
公投	0.5100	0.4690
转诊	0.6940	0.3140
提炼	0.6530	0.4600
精制	0.7720	0.4480
精致	0.7190	0.3870
炼油厂	0.6460	0.4440
改装	0.5520	0.6120
反映	0.6440	0.3750
反射	0.6465	0.4800
反光	0.6560	0.2920
反射器	0.4790	0.5100
回流	0.2810	0.5590
改革	0.6700	0.4950
改革者	0.5620	0.5690
折射	0.3880	0.4710
验光仪	0.5100	0.5410
耐火	0.5200	0.3570
副歌	0.3140	0.3730
制止	0.4180	0.4530
刷新	0.8145	0.5085
清爽	0.9360	0.5200
爽快	0.6670	0.4100
加油	0.5920	0.4450
难民	0.3790	0.6070
翻新	0.6560	0.6330
拒不	0.1430	0.6700
驳议	0.3120	0.7260
富豪	0.4775	0.5755
粉墨	0.7600	0.4410
看待	0.8020	0.3360
帆船赛	0.7400	0.4710
摄政	0.6000	0.5005
再生	0.7710	0.6390
雷鬼	0.6980	0.5200
政权	0.2900	0.6680
方案	0.4745	0.4035
团	0.3805	0.6795
地区	0.5400	0.2950
区域性	0.6200	0.4000
区域主义	0.6400	0.5000
寄存器	0.4900	0.4120
注册员	0.5990	0.5370
注册处	0.5730	0.3200
回归	0.2835	0.4710
累退	0.3020	0.4340
后悔	0.2900	0.5310
遗憾	0.1355	0.4270
规律性	0.6630	0.3370
常客	0.7290	0.3270
调节	0.5100	0.2750
调控	0.5310	0.2690
规	0.5420	0.4250
监管	0.5310	0.4480
关闭不全	0.1600	0.6470
康复	0.5310	0.4500
老调重弹	0.4050	0.4510
排演	0.6670	0.4700
排练	0.5880	0.6220
在位的	0.6770	0.6320
报销	0.6530	0.6100
缰绳	0.5000	0.3570
投胎	0.7860	0.7470
增援	0.6460	0.7190
重新安装	0.4580	0.5000
复职	0.7290	0.5210
再投资	0.5760	0.6245
麾	0.8270	0.6500
欣喜	0.8110	0.6370
归队	0.6550	0.5480
焕发青春	0.8090	0.6730
重燃	0.6560	0.5200
有关	0.6770	0.3650
相对的	0.5000	0.3780
相对论	0.5940	0.3930
放松	0.8727	0.1960
轻松	0.8650	0.0900
中继	0.7380	0.5420
保级	0.3750	0.5000
狠	0.3330	0.7130
可靠性	0.9170	0.3800
可靠	0.9147	0.3180
遗迹	0.6280	0.3460
文物	0.7190	0.5800
浮雕	0.8440	0.2780
安心	0.8960	0.3140
重新点燃	0.5600	0.5880
宗教	0.6930	0.2790
滋味	0.8540	0.6100
复活	0.7288	0.7238
重装	0.5620	0.6110
搬迁	0.4480	0.5470
不情愿	0.2453	0.5947
留	0.6565	0.3200
余	0.3980	0.3570
其余	0.4490	0.2900
翻拍	0.5830	0.4880
归还	0.4140	0.4940
备注	0.5610	0.3250
再婚	0.6530	0.7910
复赛	0.4690	0.7980
补救	0.4970	0.3505
记得	0.8460	0.3775
提醒	0.6365	0.4190
让人联想起	0.5000	0.4810
失职	0.1900	0.6500
汇	0.5100	0.5090
汇款	0.6840	0.4790
悔恨	0.1030	0.6730
懊	0.3470	0.4290
远程	0.4580	0.3330
去掉	0.2920	0.5390
卸妆	0.3370	0.4430
报酬	0.7920	0.7600
翻译	0.4912	0.3680
会合	0.7500	0.4900
叛变	0.1400	0.6400
重新谈判	0.5800	0.7020
更新	0.7830	0.5080
复兴	0.7965	0.6870
修复	0.8780	0.5490
装修	0.7995	0.4980
名声	0.6930	0.4750
闻名	0.8440	0.4810
出租	0.4270	0.3995
重开	0.6560	0.5280
改组	0.6670	0.5900
重绘	0.6220	0.3820
修理	0.5830	0.4600
修理工	0.5820	0.4260
偿还	0.4690	0.6320
还款	0.4790	0.4900
反复	0.4790	0.5750
中继器	0.4790	0.4260
击退	0.2240	0.6200
防护剂	0.2920	0.6200
驱蚊	0.2860	0.5000
悔改	0.4330	0.5130
痛改前非	0.3260	0.5000
剧目	0.5975	0.5335
改写	0.5185	0.4755
更换	0.4170	0.5200
重播	0.6120	0.5220
复制品	0.4800	0.5200
回复	0.6620	0.3375
报告	0.5830	0.4440
报道	0.4180	0.4420
休息	0.6800	0.1918
复位	0.4080	0.5290
知识库	0.4060	0.3960
复得	0.4180	0.6670
应受谴责	0.3160	0.5690
抑	0.2080	0.6120
惩戒	0.1530	0.5280
重印	0.5100	0.4490
报复	0.1307	0.8040
重奏	0.4590	0.5000
责备	0.2400	0.7550
再生产	0.8000	0.7360
重新编程	0.5190	0.4040
爬虫	0.3500	0.5660
共和国	0.6350	0.3400
共和党人	0.3980	0.5510
令人厌恶	0.0610	0.7350
推斥	0.2470	0.6730
丑恶	0.1460	0.7750
买回	0.5310	0.5920
信誉	0.7810	0.4620
声誉	0.7400	0.5420
名气	0.7290	0.5000
知名	0.4390	0.5280
请求	0.6250	0.4710
安魂曲	0.4750	0.3820
重读	0.4480	0.3770
重新路由	0.5400	0.5980
重新运行	0.3330	0.6200
改期	0.4380	0.4220
拯救	0.8060	0.9260
研究员	0.5690	0.5100
相似	0.7360	0.2355
愤恨	0.0730	0.5530
保留的	0.5940	0.3160
储量	0.6530	0.3630
住院医师	0.6940	0.3570
剩余的	0.4480	0.2880
残留	0.3540	0.3300
辞职	0.2117	0.3683
树脂	0.2840	0.3080
抵抗性	0.4270	0.6940
耐	0.5920	0.5850
电阻式	0.3960	0.5190
解析度	0.7800	0.5500
解决	0.6744	0.4982
谐振	0.5550	0.5563
谐振器	0.4690	0.6080
采取	0.7005	0.4890
高亢	0.4900	0.7080
资源	0.6947	0.3410
足智多谋	0.9060	0.7040
可敬	0.7790	0.3595
关于	0.8370	0.3210
各自	0.6250	0.4130
呼吸器	0.4330	0.3980
灿烂	0.7877	0.6470
响应	0.6680	0.5013
回答者	0.4490	0.4550
主管	0.8370	0.5270
重新开始	0.5310	0.5190
餐厅	0.8470	0.4060
宁静	0.8595	0.1168
躁动	0.0830	0.7940
进货	0.5100	0.5380
矜持	0.3540	0.5900
克制	0.1670	0.6180
卫生间	0.5765	0.3215
复生	0.7530	0.7680
零售	0.5100	0.3530
重拍	0.6160	0.4710
报复性	0.1940	0.8650
减速	0.1940	0.3470
迟缓	0.1745	0.2420
智障	0.3020	0.4620
保持的	0.4390	0.4820
反思	0.4800	0.4230
沉默的	0.3960	0.5190
视网膜	0.5105	0.2990
退休的	0.4080	0.3760
新编	0.4590	0.3850
追溯	0.2500	0.4820
撤回	0.3160	0.4430
回缩	0.3120	0.4910
牵开器	0.3540	0.5900
撤退	0.5000	0.5190
裁员	0.2300	0.6500
再审	0.5000	0.5770
报应	0.6250	0.4900
取回	0.7400	0.5760
复古	0.6500	0.2760
追溯的	0.5210	0.4520
回想起来	0.4060	0.5000
回顾	0.5550	0.4405
返回	0.6020	0.4120
团圆	0.8370	0.5000
团聚	0.6560	0.5500
重聚	0.7080	0.4390
转	0.4490	0.4100
揭示	0.4930	0.6370
陶醉	0.7400	0.7050
复仇	0.1610	0.9023
混响	0.3900	0.6390
虔敬	0.5510	0.4900
反转	0.4580	0.5380
还原	0.3800	0.4510
重温	0.5520	0.5300
撤消	0.2350	0.5740
令人作呕	0.0880	0.6540
革命	0.4170	0.9020
革命的	0.6350	0.8870
革命化	0.6840	0.8160
围绕	0.5920	0.5460
左轮手枪	0.1940	0.7960
旋转	0.5495	0.5750
滑稽剧	0.5940	0.3500
上窜	0.6040	0.8750
奖励	0.9530	0.6655
倒带	0.4600	0.5510
换铁线	0.3650	0.4620
狂想曲	0.7080	0.4900
修辞	0.4170	0.4990
风湿症	0.2190	0.4720
水钻	0.5310	0.5510
犀牛	0.5435	0.6025
大黄	0.5820	0.3040
韵	0.6670	0.2490
押韵	0.7290	0.4100
有板有眼	0.7790	0.6680
肋骨	0.4900	0.3490
罗纹	0.3650	0.3780
色带	0.7190	0.2880
白饭	0.6670	0.2080
富有	0.9580	0.6940
干草堆	0.4590	0.4200
摇摇晃晃	0.2240	0.4020
黄包车	0.4380	0.5940
跳弹	0.2870	0.6180
甩掉包袱	0.3230	0.5620
谜语	0.5210	0.5830
百病	0.2810	0.8610
骑	0.8060	0.4650
岭	0.4840	0.4020
讥	0.1120	0.8060
骑术	0.6940	0.6540
非常多的	0.5700	0.5610
即兴演奏	0.3600	0.4040
步枪	0.3330	0.8820
步枪兵	0.2450	0.8630
裂痕	0.2460	0.5190
操纵	0.5420	0.3820
非法操纵的	0.1880	0.5100
索具	0.5100	0.5180
义	0.8020	0.6600
正当地	0.7400	0.4710
右倾	0.7500	0.3140
死板	0.3570	0.5520
刚性	0.2605	0.5150
果皮	0.5420	0.2800
铃声	0.6485	0.6010
驯兽师	0.6300	0.6220
滑冰场	0.5510	0.3920
冲洗	0.5230	0.2360
放荡的	0.1630	0.8370
安息	0.1460	0.6760
河岸	0.6180	0.3540
松土	0.2190	0.8870
荡漾	0.5000	0.4800
升起	0.7500	0.6020
风险	0.2400	0.8160
有风险	0.2240	0.9220
烩饭	0.8020	0.4540
河	0.6880	0.3920
河床	0.6100	0.2330
河船	0.5610	0.3470
铆钉	0.4580	0.3060
铆接	0.3850	0.4390
铆	0.4480	0.5440
路障	0.3370	0.6690
客栈	0.5000	0.6200
视Roadie	0.5000	0.5660
走鹃	0.4900	0.7020
道路	0.6770	0.4480
路边	0.5000	0.5690
跑车	0.6450	0.6590
旅游路径	0.6770	0.5960
巷道	0.5620	0.2060
道路工程	0.5620	0.5380
漫游	0.5167	0.4640
抢	0.1120	0.8400
强盗	0.1350	0.7720
长袍	0.5940	0.2160
机器人	0.4833	0.5130
强大的	0.6670	0.6040
鹏	0.4270	0.5100
岩	0.6230	0.2360
摇杆	0.6150	0.7040
火箭	0.6640	0.8240
岩石	0.3650	0.2090
竿	0.4790	0.3190
啮齿动物	0.3230	0.5770
圈地	0.4900	0.6760
鱼子	0.4900	0.3820
角色	0.5520	0.2600
滚	0.4690	0.5100
滚筒	0.5210	0.3940
过山车	0.8020	0.9100
辊	0.4900	0.3650
洛佩兹	0.8780	0.8060
压延	0.5100	0.6060
罗马	0.6150	0.4750
浪漫	0.9580	0.6065
浪漫主义	0.8540	0.5210
欢蹦乱跳	0.6100	0.6400
屋顶	0.5865	0.3485
车	0.3800	0.4000
新秀	0.5830	0.3700
房间	0.7290	0.2830
屋子	0.7860	0.4250
室友	0.7500	0.4810
客房	0.6770	0.2410
宽敞	0.8200	0.3535
栖	0.5000	0.4100
根	0.5560	0.4030
根啤酒	0.5820	0.5200
绳索	0.4580	0.3040
玫瑰园	0.8060	0.1400
玫瑰	0.8650	0.2760
迷迭香	0.6880	0.3810
花环	0.4690	0.4100
名册	0.5310	0.3060
红润	0.7150	0.5790
罗塔	0.3200	0.4620
回转	0.5627	0.5480
死记硬背	0.5610	0.4810
转子	0.5000	0.4580
烂	0.1040	0.5900
圆形大厅	0.5000	0.4640
胭脂	0.5620	0.4000
大致	0.4480	0.5390
钻工	0.3230	0.6400
粗糙度	0.2140	0.5780
轮盘赌	0.3260	0.6900
迂回	0.4900	0.4250
围捕	0.5200	0.5800
激励者	0.4800	0.5400
扶正祛邪	0.7140	0.5170
大败	0.1630	0.6250
路线	0.5830	0.3530
流浪者	0.4507	0.5293
行	0.4270	0.2750
划艇	0.4550	0.3930
吵闹的	0.2550	0.9000
王室的	0.7960	0.4300
王权	0.8320	0.5710
擦	0.4635	0.5670
橡胶	0.5320	0.2885
瓦砾	0.3080	0.5090
擦下来	0.5610	0.4910
专栏	0.4270	0.2600
红宝石	0.6630	0.4080
无礼	0.0610	0.8210
粗鲁	0.2800	0.8190
雏形	0.3850	0.5200
怜悯的	0.1730	0.4290
环状领	0.3650	0.5100
痞子	0.1300	0.8240
橄榄球	0.6770	0.8200
崎岖	0.5610	0.5690
祸根	0.1840	0.5820
毁了	0.1350	0.5640
毁灭性的	0.2550	0.6900
规则	0.5670	0.4270
统治者	0.4400	0.4000
朗姆酒	0.5610	0.3770
伦巴	0.7810	0.8270
隆隆	0.3670	0.7450
临检	0.2430	0.6150
谣言	0.2550	0.5820
跑	0.5420	0.7870
跑来跑去	0.4480	0.5190
撞倒	0.5200	0.2960
符文	0.4380	0.3000
梯级	0.5100	0.3550
跑步者	0.4590	0.7470
赛跑	0.7300	0.8580
跑鞋	0.6530	0.5730
流鼻涕	0.3600	0.4105
跑道	0.5850	0.3730
破裂	0.1250	0.6330
乡村	0.4655	0.4510
赶	0.4060	0.8090
锈	0.2810	0.2650
生锈	0.2860	0.3570
沙沙	0.4475	0.5240
鲁斯特勒	0.2810	0.8300
生疏	0.2710	0.3450
发情	0.3330	0.3100
黑麦	0.4900	0.2980
休假	0.7710	0.2400
黑貂	0.4490	0.5960
怠工者	0.2500	0.8040
圣餐	0.6900	0.3160
牺牲	0.2290	0.7683
冒渎	0.2810	0.7080
遭天谴	0.1460	0.7360
难过	0.1040	0.4360
鞍	0.5100	0.5090
虐待狂	0.0365	0.9120
可悲的是	0.0470	0.2550
苹果浏览器	0.6630	0.6730
安全	0.8217	0.3842
藏红花	0.4430	0.3730
冒险故事	0.6350	0.4400
智者	0.7270	0.4185
帆	0.6150	0.2200
帆船	0.6930	0.4560
德高望重	0.7080	0.2960
清酒	0.4900	0.5730
沙拉	0.7500	0.2600
蝾	0.4100	0.3620
萨拉米	0.6670	0.3600
售货小姐	0.5820	0.4900
突出的	0.6000	0.5730
唾液	0.2140	0.2650
出击	0.6040	0.3900
三文鱼	0.7600	0.2500
沙门氏菌	0.1670	0.6080
沙龙	0.5310	0.2960
轿车	0.6300	0.3000
莎莎	0.7420	0.5000
盐	0.3230	0.3120
盐的	0.3330	0.4000
有益	0.8850	0.3600
招呼	0.8780	0.4170
礼炮	0.8330	0.5420
打捞	0.6220	0.5100
救恩	0.8570	0.4800
药膏	0.6120	0.3900
桑巴	0.7810	0.7400
千篇一律	0.5310	0.3300
样品	0.5210	0.1870
武士	0.5620	0.7360
疗养院	0.4585	0.5675
圣化	0.7215	0.4370
成圣	0.7920	0.2400
道貌岸然	0.2400	0.3650
制裁	0.2620	0.7230
书房	0.5210	0.4380
檀香	0.4900	0.2830
砂箱	0.5730	0.2740
砂光机	0.4380	0.5800
桑德曼	0.4790	0.4690
砂纸	0.4170	0.4250
沙滩	0.6460	0.3040
沙暴	0.3240	0.8210
三明治	0.6720	0.3140
沙	0.4060	0.2650
卫浴	0.4580	0.3200
明智	0.6460	0.3935
圣诞老人	0.7350	0.2860
树液	0.4700	0.2980
智人	0.4800	0.4530
蓝宝石	0.7700	0.4720
汁液	0.5830	0.4690
肉瘤	0.2600	0.5190
石棺	0.2710	0.5610
沙丁鱼	0.5410	0.2360
菝葜	0.5420	0.4880
窗扇	0.4800	0.2980
生鱼片	0.7040	0.3100
黄樟	0.4690	0.3880
撒旦	0.0620	0.8430
书包	0.5210	0.3060
卫星	0.5620	0.4090
缎	0.5190	0.3960
满意地	0.7650	0.5700
饱和	0.2680	0.6310
饱和的	0.4740	0.7000
色狼	0.2800	0.6390
酱	0.5620	0.5150
平底锅	0.3470	0.2640
茶托	0.5100	0.3270
俏皮	0.2500	0.6530
酸菜	0.5310	0.4540
桑拿	0.7810	0.3500
稀树草原	0.6060	0.1470
大草原	0.7290	0.2120
学者	0.7375	0.4360
保护程序	0.7450	0.3820
储	0.7760	0.4310
救主	0.9200	0.4690
品尝	0.8040	0.5775
香香	0.8120	0.7170
锯	0.3160	0.5410
锯末	0.3980	0.2790
锯木厂	0.4270	0.3780
萨克斯	0.5730	0.4650
萨克管	0.6880	0.4440
说	0.5610	0.3365
痂	0.3540	0.3300
刀鞘	0.3250	0.2190
脚手架	0.4880	0.4330
烫	0.2710	0.5400
规模	0.3100	0.3500
秤	0.4390	0.3300
扇贝	0.4900	0.3630
解剖刀	0.3020	0.7000
有鳞的	0.2810	0.4810
诈骗	0.0420	0.7450
扫描	0.4790	0.4230
丑闻	0.2170	0.6795
诽谤性的	0.1350	0.9070
扫描器	0.5310	0.3560
微薄的	0.2870	0.3330
花茎	0.2900	0.6250
替罪羊	0.1840	0.6850
瘢痕	0.1460	0.5000
金龟子	0.4060	0.4580
稀缺	0.2920	0.3240
几乎没有	0.0820	0.4120
吓	0.1220	0.9100
稻草人	0.2190	0.2740
最可怕的	0.1670	0.8630
猩红	0.5070	0.3900
赶去	0.3370	0.5480
散射	0.3470	0.5500
清道夫	0.1770	0.5780
脚本	0.6385	0.4800
风景	0.7450	0.2530
名胜	0.6840	0.5480
珽	0.6300	0.3000
怀疑论	0.2605	0.4620
时间表	0.5355	0.2845
先令	0.4440	0.3760
精神分裂症	0.0970	0.9190
拖带	0.3020	0.4260
肉片	0.3650	0.4300
书香	0.7500	0.4660
学力	0.5000	0.4700
学校	0.7650	0.4230
男生	0.6230	0.3850
女学生	0.7600	0.5210
校舍	0.6020	0.4070
学校工作	0.4790	0.5000
坐骨神经痛	0.2860	0.4430
科学	0.6205	0.4695
科学家	0.5620	0.5000
科幻	0.5920	0.5700
幼芽	0.4900	0.3800
剪刀	0.4580	0.4620
骂	0.1940	0.7550
痛骂	0.0710	0.8330
烤饼	0.4180	0.2870
舀	0.5830	0.5430
溜走	0.5100	0.4900
酷热	0.4060	0.6350
得分了	0.6700	0.3880
记分牌	0.6670	0.4840
记分员	0.7300	0.6080
轻蔑	0.1100	0.7210
蝎	0.1980	0.7450
苏格兰人	0.5780	0.5200
冲刷	0.3880	0.6020
皱眉头	0.3020	0.6000
乱涂	0.6250	0.4120
急停	0.3060	0.4850
扰码器	0.4170	0.5500
扰码	0.4210	0.8100
废料	0.1560	0.3390
剪贴簿	0.5620	0.2740
刮	0.3515	0.5470
羊瘙痒病	0.3060	0.7060
斗志旺盛	0.3010	0.3750
骨瘦如柴	0.2760	0.4220
惊叫	0.1880	0.8630
骇人听闻的标题	0.1560	0.6700
尖叫	0.2920	0.8153
屏幕	0.6700	0.3000
筛查	0.5620	0.5700
编剧	0.5710	0.5000
拧	0.3718	0.5245
怪僻	0.2710	0.6800
螺丝刀	0.5200	0.5190
涂	0.4290	0.4530
隶	0.5410	0.2640
混战	0.3670	0.6600
便条	0.4300	0.4620
滚动	0.4410	0.4500
阴囊	0.3960	0.6530
蹭	0.2100	0.5650
擦洗	0.4170	0.4200
邋遢	0.1940	0.4350
一丝不苟	0.5450	0.6850
细察	0.4580	0.5870
水肺	0.5420	0.4940
碗碟	0.4690	0.3370
雕塑家	0.6530	0.4310
雕塑	0.7290	0.3595
浮渣	0.3570	0.3800
人渣	0.2400	0.5910
疾走	0.3980	0.6470
坏血病	0.3540	0.4620
天窗	0.5595	0.3615
海岸	0.6630	0.3560
海鲜	0.6560	0.5000
海鸥	0.6350	0.2450
密封	0.4900	0.2180
密封件	0.4120	0.2410
接缝	0.4270	0.2500
无缝	0.4590	0.1400
海港	0.5940	0.3170
烤焦	0.4900	0.5530
搜索	0.5845	0.6185
探照灯	0.6220	0.5100
香煎	0.2290	0.4100
海滨	0.8415	0.4150
晕船	0.1150	0.6830
季节	0.7920	0.4100
时令的	0.5920	0.2730
老练	0.8120	0.5700
调味料	0.6330	0.3880
安全带	0.6560	0.3140
海水	0.7600	0.1970
海草	0.4460	0.2860
秒	0.4900	0.3850
僻	0.3570	0.2650
第二	0.4900	0.2100
第二个表弟	0.6980	0.3600
二手	0.1940	0.3890
秘密	0.4335	0.6035
秘书处	0.5180	0.4590
秘书	0.6120	0.4260
分泌	0.3905	0.5745
偷偷	0.5250	0.4040
教派	0.2650	0.6670
截	0.3715	0.5085
扇形	0.5940	0.1900
世俗	0.4505	0.5365
世俗主义	0.3670	0.4400
证券	0.7500	0.3040
稳重	0.5205	0.2235
镇静	0.5100	0.2700
镇静剂	0.3140	0.2730
久坐不动	0.2920	0.1850
茢	0.4060	0.3960
煽动叛乱	0.3270	0.5570
勾引	0.3360	0.7705
妖媚	0.7710	0.8210
看到	0.6350	0.2690
种子	0.6935	0.2020
幼苗	0.4060	0.3430
导引头	0.6460	0.4640
似乎	0.4805	0.3560
先见者	0.6040	0.4810
跷跷板	0.5700	0.5590
分割	0.3335	0.4410
发作	0.1770	0.7750
可选择的	0.6120	0.3470
硒	0.4690	0.4080
自	0.7040	0.3700
自私	0.1305	0.6615
卖	0.6180	0.6080
卖家	0.6350	0.4710
卖完	0.3980	0.4900
苏打水	0.5145	0.4310
语义	0.6980	0.3940
信号	0.5835	0.3955
精液	0.5000	0.7550
学期	0.5210	0.3270
分号	0.3780	0.2550
精	0.4590	0.4130
研讨会	0.5830	0.3600
修院	0.5940	0.3670
符号学	0.4490	0.4170
参议院	0.4900	0.3490
参议员	0.3910	0.4220
发送	0.7495	0.5305
寄件人	0.5420	0.4490
前辈	0.5610	0.4150
轰动的	0.9380	0.8270
感	0.7810	0.4170
感官	0.7400	0.4610
感性	0.5830	0.4230
理智	0.7860	0.3370
敏感	0.7140	0.4260
灵敏度	0.7500	0.4170
传感器	0.5710	0.3770
感觉的	0.5830	0.4800
声色	0.7300	0.7900
感觉上的	0.8540	0.7980
句子	0.6250	0.2650
有情	0.5830	0.4170
哨兵	0.5005	0.5745
可分离	0.4690	0.3900
乌贼	0.4725	0.3340
脓血症	0.2290	0.4520
九月	0.5210	0.3330
化粪池	0.2810	0.4620
隔膜	0.2760	0.4230
续集	0.6500	0.4800
序列	0.5430	0.3500
序贯	0.5310	0.4230
封存	0.1770	0.8600
小夜曲	0.8750	0.5700
意外发现	0.6770	0.4130
安详	0.8020	0.1320
军士	0.4080	0.6000
串行	0.4690	0.3500
连载	0.5000	0.4550
系列	0.6220	0.4310
衬线	0.5310	0.4170
严肃	0.4955	0.3795
蛇	0.1890	0.7027
蛇纹石	0.5760	0.6460
锯齿形	0.3880	0.4350
血清	0.5200	0.2310
仆人	0.3400	0.4080
服务	0.6530	0.4040
服务器	0.6560	0.3560
维修	0.8340	0.4000
芝麻	0.6730	0.2500
二传手	0.5410	0.4550
安定	0.4700	0.4540
沉降	0.6350	0.4120
定居者	0.5730	0.4530
委托人	0.5310	0.4340
七	0.6720	0.2650
十七	0.5850	0.2960
第七	0.5000	0.2450
七十	0.6250	0.3530
断绝	0.1560	0.6350
可分	0.4060	0.4510
个别	0.7190	0.2980
遣散	0.3960	0.6200
缝	0.4080	0.4390
污水	0.2550	0.3430
下水道	0.2470	0.4085
针线活	0.6250	0.3370
性别歧视	0.2550	0.7980
有性	0.5840	0.9590
性感的	0.8650	0.9450
破旧	0.2350	0.5190
窝棚	0.4103	0.4547
铁链	0.2760	0.5800
阴凉处	0.3880	0.2650
阴影	0.3610	0.3335
神出鬼没	0.1350	0.3730
阴凉	0.3230	0.5090
摇	0.4390	0.6890
动摇	0.3850	0.6435
振动筛	0.5200	0.7280
发抖	0.2373	0.8127
应	0.5100	0.3850
浅	0.3920	0.3525
浅滩	0.3880	0.3680
巫	0.4900	0.5310
不要脸	0.2740	0.7130
洗头	0.6040	0.1800
上海	0.5510	0.4500
刀柄	0.5300	0.3930
形状	0.5920	0.2400
身材匀称	0.7710	0.4410
碎片	0.2620	0.4145
分享	0.7930	0.5050
股东	0.6145	0.6285
鲨鱼	0.2600	0.8450
削尖	0.5775	0.6705
卷笔刀	0.5320	0.4350
锐度	0.7290	0.3850
狙击手	0.2400	0.9290
打碎	0.1080	0.8210
破灭	0.0970	0.8060
惊天动地	0.1350	0.7600
刮胡子	0.5210	0.4100
剃须刀	0.4180	0.4500
披肩	0.7200	0.3650
捆	0.3960	0.3870
剪断	0.2860	0.6470
剪	0.4290	0.5270
鞘	0.4600	0.3140
护套	0.3780	0.4800
羊	0.6040	0.2060
羞怯	0.3260	0.4410
酋长	0.5210	0.5790
贝壳	0.6150	0.4080
贝类	0.5940	0.4120
炮轰	0.3370	0.9170
避风	0.5900	0.3770
候车亭	0.5820	0.3330
搁置	0.3060	0.1660
牧羊人	0.6560	0.3040
果子露	0.5920	0.3630
郡治安官	0.6020	0.5410
雪莉酒	0.5940	0.4770
屏蔽	0.5100	0.3730
移	0.5180	0.5480
发微光	0.7450	0.5620
摆振	0.4780	0.4760
胫	0.4590	0.5000
闪耀	0.8440	0.5390
发光体	0.7400	0.5100
闪亮的	0.8850	0.6730
装船	0.5820	0.4400
井然有序	0.5940	0.4800
沉船	0.2680	0.7680
船厂	0.3980	0.5830
郡	0.4790	0.2570
拉屎	0.0000	0.6780
蠢蛋	0.1200	0.6450
狂妄	0.2710	0.5450
低劣	0.0200	0.6790
发抖的	0.2120	0.7325
滩涂	0.3960	0.4080
休克	0.2860	0.8210
令人震惊	0.2350	0.8040
触目惊心	0.5640	0.8105
令人吃惊	0.5100	0.9240
以次充好	0.0820	0.4630
鞋	0.6230	0.2745
鞋带	0.3960	0.2800
鞋匠	0.3960	0.2690
擦鞋	0.3920	0.3870
震撼	0.1630	0.7590
店	0.7250	0.6320
行窃	0.1520	0.8330
购物者	0.6460	0.6150
购物	0.9150	0.4450
剪毛	0.3960	0.4150
短	0.1840	0.2640
短篇故事	0.6970	0.3210
短缺	0.0940	0.4550
酥	0.6770	0.3590
捷径	0.5940	0.3080
速记	0.4590	0.4500
短小	0.4590	0.2800
游击手	0.4180	0.5290
短波	0.4600	0.2710
肩	0.5620	0.2860
喊	0.2290	0.9250
铲	0.3870	0.5317
演艺圈	0.6610	0.7130
爱现	0.6180	0.6250
橱窗	0.5210	0.2550
摊牌	0.3020	0.9500
淋浴	0.6690	0.3460
歌女	0.6330	0.6940
炫耀	0.3440	0.5980
展厅	0.7400	0.4410
弹片	0.2400	0.7400
撕碎	0.2240	0.7500
泼妇	0.3365	0.5390
神社	0.8020	0.2550
萎缩	0.1750	0.4045
裹尸布	0.4170	0.4570
灌木	0.5105	0.3035
耸	0.2080	0.2960
瘪	0.5000	0.3730
不寒而栗	0.3440	0.7910
沙狐球	0.5310	0.4590
洗牌	0.5210	0.4080
顺	0.4180	0.6040
关掉	0.1730	0.3670
快门	0.1910	0.3800
穿梭	0.5310	0.5910
害羞	0.2960	0.2090
讼棍	0.2920	0.5670
厌恨	0.0510	0.5000
镰刀	0.4270	0.5850
病恹恹	0.1880	0.5500
侧边栏	0.4690	0.3640
两鬓胡须	0.7770	0.3270
车斗	0.5520	0.4490
副业	0.4400	0.3820
杂耍	0.4740	0.5325
人行道	0.4790	0.1920
侧身	0.7880	0.2450
围城	0.2710	0.7500
午休	0.7400	0.0460
筛	0.5005	0.3310
筛选	0.5710	0.4690
叹	0.4690	0.3870
视力	0.6960	0.3485
瞄准	0.5820	0.5600
观光	0.8750	0.5520
西格玛	0.4900	0.4720
标志	0.6200	0.4810
路标	0.5100	0.4000
消音器	0.4170	0.3560
无声	0.3700	0.1800
默默	0.4480	0.1850
硅	0.4595	0.3940
丝	0.7450	0.1900
柔滑	0.8020	0.3970
筒仓	0.4000	0.3650
淤泥	0.5100	0.2690
银器	0.6630	0.3650
银色	0.5430	0.4600
煨	0.6500	0.2930
暗流涌动	0.3820	0.6130
简化	0.5650	0.3470
简单化	0.4900	0.2450
只是	0.5350	0.1480
模拟器	0.6770	0.5590
真诚	0.9180	0.2650
诚意	0.9080	0.3510
唱	0.8580	0.6060
唱歌	0.8850	0.5940
单	0.4220	0.3540
单数	0.6100	0.3020
奇点	0.5820	0.3480
险恶	0.1250	0.8960
沉子	0.3020	0.5570
下沉	0.2275	0.4740
罪人	0.2370	0.6670
窦	0.5310	0.5630
啜	0.3750	0.3800
虹吸管	0.3540	0.3330
呷	0.4690	0.3490
阁下	0.8540	0.4520
警笛	0.5700	0.6270
牛腩	0.5460	0.4180
妹妹	0.9160	0.3240
姐妹	0.8370	0.4150
坐	0.5610	0.2300
情景喜剧	0.5620	0.5370
西斯	0.4390	0.5640
坐在	0.5610	0.1460
位于	0.5260	0.2705
六	0.5000	0.1540
六便士	0.4690	0.4170
十六	0.5830	0.2900
第六	0.5210	0.2750
六十	0.6940	0.2400
可观	0.7270	0.3370
啸	0.4270	0.7040
滑冰	0.7400	0.6530
滑板	0.6770	0.5500
溜冰者	0.6330	0.7740
溜冰	0.7450	0.6730
斯基达德尔	0.4270	0.5960
双向飞碟	0.4690	0.5490
绞	0.4490	0.3720
骨骼	0.3060	0.5580
怀疑论者	0.1350	0.4400
草图	0.7040	0.2760
素描	0.7290	0.3270
略	0.4015	0.3765
偏斜	0.3400	0.4800
串	0.4275	0.3815
滑雪	0.7535	0.7470
刹车	0.3570	0.6400
滑雪者	0.8020	0.7880
艭	0.4790	0.3750
技能	0.8470	0.7010
技能的	0.8860	0.6140
煎锅	0.5100	0.2960
熟练	0.7865	0.5770
撇去	0.4180	0.3280
轻薄	0.3020	0.3490
枯瘦	0.3330	0.3330
船长	0.4400	0.5770
前哨战	0.2900	0.6400
短裙	0.6020	0.4630
踢脚	0.4490	0.5290
裳	0.6220	0.5380
小品	0.4380	0.4340
娇媚	0.1560	0.8150
头骨	0.2760	0.5580
臭鼬	0.2840	0.4910
天空	0.9580	0.2340
天空之光	0.7080	0.3140
天际线	0.5920	0.4120
摩天大楼	0.6220	0.6960
矿渣	0.2660	0.6000
猛撞	0.4590	0.5770
的Slammer	0.4170	0.5650
俚语	0.4790	0.4180
拍击	0.2057	0.7340
斜杠	0.3300	0.3280
石板	0.5310	0.2830
板岩	0.5000	0.2700
屠宰	0.0925	0.9500
屠宰场	0.1460	0.7940
奴隶	0.1710	0.7950
奴隶制度	0.0520	0.7830
低俗	0.2920	0.6740
大锤	0.4490	0.4790
睡觉	0.7190	0.0900
轨枕	0.6400	0.1540
睡眠	0.6480	0.1410
无眠	0.2130	0.4100
彻夜狂欢	0.8150	0.5190
困	0.6040	0.1250
贪睡	0.3270	0.3500
霰	0.4100	0.3550
袖	0.5310	0.2700
无袖	0.6380	0.2900
苗条	0.8120	0.5480
滑动	0.4855	0.5825
滑块	0.5850	0.4910
轻微	0.4480	0.3290
轻微的期待	0.5620	0.4900
轻微的厌恶	0.1560	0.5780
有些惊喜	0.7520	0.7975
轻微的信任	0.3060	0.4000
稍微负面	0.1900	0.4720
稍微积极	0.7920	0.4800
瘦	0.5155	0.2585
泥泞的	0.1770	0.5000
吊绳	0.4170	0.4230
弹弓	0.3230	0.6540
潜步	0.4600	0.5460
紧身	0.4000	0.6370
滑	0.2675	0.7270
裂片	0.3880	0.3470
懒汉	0.2750	0.3650
单桅帆船	0.4800	0.3750
坡	0.3470	0.4380
稀松	0.3030	0.4410
插槽	0.4690	0.3370
伛	0.3650	0.4500
泥沼	0.2650	0.3900
慢	0.3570	0.0730
慢慢地	0.4270	0.1850
缓慢	0.2990	0.3320
污泥	0.3540	0.3960
金属块	0.2760	0.3700
水闸	0.4270	0.5200
贫民窟	0.2920	0.5280
暴跌	0.1940	0.4380
嘟嘟地喝	0.5400	0.5280
烂泥	0.4270	0.2830
懒妇	0.0710	0.8080
最少	0.2810	0.3400
天花	0.1560	0.5830
自作聪明	0.3640	0.5200
变得聪明	0.6020	0.4900
被砸	0.1430	0.6600
一知半解	0.4480	0.4600
涂抹	0.2300	0.4330
闻	0.4840	0.5005
臭	0.0688	0.5560
冶炼	0.3330	0.4410
笑笑	0.9490	0.5300
笑容	0.8920	0.6060
笑脸	0.8650	0.4700
挝	0.3030	0.8460
成碎片	0.2810	0.5610
重拳出击	0.1530	0.7600
罩衫	0.4290	0.2500
烟雾	0.2710	0.4800
抽烟	0.1820	0.5285
抽烟者	0.2080	0.5280
烟熏	0.4940	0.4620
闷烧	0.6350	0.7810
冰沙	0.8060	0.3330
顺利	0.8270	0.1775
扼杀	0.1930	0.8060
弄脏	0.3900	0.3765
踌躇满志	0.1980	0.5520
走私	0.2115	0.7790
走私者	0.0620	0.8670
黑穗病	0.3570	0.3600
小吃	0.7135	0.4435
天翻地覆	0.3750	0.5490
钉子	0.4170	0.2500
碰壁	0.1770	0.7210
蜗牛	0.4800	0.1040
蛇皮	0.2760	0.6960
红鱼	0.4170	0.4290
快照	0.5730	0.5780
圈套	0.2290	0.8500
搞乱	0.4300	0.7870
狺	0.3120	0.7040
抢夺	0.2190	0.8610
绑架者	0.1220	0.8670
运动鞋	0.7940	0.4790
球鞋	0.6040	0.5480
鬼鬼祟祟	0.2915	0.5590
偷偷摸摸	0.2400	0.7400
冷笑	0.1330	0.7550
喷嚏	0.2710	0.4420
打喷嚏	0.4340	0.5700
吸气	0.3960	0.5000
狙击	0.1980	0.9150
狙击兵	0.1670	0.8700
片段	0.6120	0.4100
告密者	0.4665	0.5020
势利	0.2960	0.5200
窥探	0.1340	0.7400
史努比	0.5730	0.5340
打盹	0.2350	0.3570
鼾	0.2450	0.6100
浮潜	0.5100	0.4700
青鼻涕	0.2140	0.3400
雪	0.6670	0.3630
雪球	0.7170	0.4440
单板滑雪	0.6630	0.6800
滑雪板	0.7190	0.7540
下雪天	0.6020	0.5000
降雪	0.6750	0.2800
下雪	0.5860	0.4900
雪人	0.7760	0.2910
雪犁	0.4490	0.4800
似雪	0.6560	0.3040
冷落	0.2470	0.4700
鼻烟	0.3570	0.4700
挨近	0.6700	0.3400
浸水	0.3750	0.3370
肥皂	0.5310	0.1630
肥皂盒	0.5000	0.4150
肥皂水	0.5520	0.3730
翱翔	0.7900	0.7400
冲天	0.7080	0.7040
社交的	0.8540	0.4590
社会	0.7400	0.4170
社会主义	0.5100	0.5000
社会主义的	0.4480	0.4000
名媛	0.6840	0.6680
应酬	0.9070	0.6830
社会学	0.6150	0.4390
反社会	0.1040	0.8630
袜子	0.5000	0.1670
插座	0.5830	0.4690
草皮	0.4790	0.2875
苏打	0.6880	0.3140
钠	0.4900	0.3400
沙发	0.5830	0.1060
柔软的	0.7600	0.1790
垒球	0.7350	0.6300
软化	0.6970	0.2245
柔软剂	0.7450	0.3000
轻轻的	0.5170	0.2060
柔软度	0.8750	0.0860
软件	0.5610	0.2800
很高兴	0.9490	0.6730
社交晚会	0.7290	0.6920
栖止	0.5140	0.2430
慰藉	0.7760	0.2940
太阳能	0.6220	0.4520
日光浴	0.6020	0.3560
焊接	0.4848	0.5192
士兵	0.4250	0.7010
唯一	0.4270	0.1940
庄严	0.7690	0.5490
征求	0.6200	0.4900
征集	0.6120	0.5190
固体	0.6670	0.3040
凝固	0.5565	0.4575
坚固	0.7450	0.4440
纸牌	0.3650	0.2270
独奏	0.4380	0.1900
可溶性	0.5060	0.3600
易溶	0.5420	0.2720
真幸运	0.5730	0.5290
解	0.7900	0.3390
偿付能力	0.6040	0.2960
溶剂	0.6350	0.3160
体	0.4380	0.4060
一些期待	0.4230	0.4820
有些厌恶	0.0940	0.6570
一些信任	0.5940	0.4510
翻筋斗	0.2140	0.7690
有点负面	0.2080	0.4800
有点积极	0.9200	0.5100
儿子	0.7920	0.3650
声纳	0.5410	0.4800
奏鸣曲	0.6430	0.4060
歌曲	0.8540	0.4130
音	0.5725	0.4275
十四行诗	0.7180	0.2940
洪亮	0.6460	0.5800
煤烟	0.3750	0.3280
抚慰的	0.6250	0.1790
诡辩	0.7920	0.4720
二年级	0.6530	0.4150
女高音	0.5520	0.5500
巫师	0.5165	0.5315
巫术	0.2310	0.7595
疮	0.0940	0.6500
粱	0.4690	0.3580
联谊会	0.6350	0.6370
抱歉	0.4060	0.3620
排序	0.4690	0.4000
太慢了	0.3470	0.3120
如此甜蜜	0.7550	0.3540
灵魂	0.7700	0.2200
深情	0.7550	0.3310
没有灵魂	0.1250	0.5910
心心相印	0.8900	0.5000
声音	0.7650	0.6230
听起来	0.6900	0.5000
稳健	0.7800	0.3770
隔音	0.4900	0.3900
声带	0.6300	0.5590
汤	0.6020	0.2450
非常苦恼	0.1880	0.6200
南	0.5620	0.2650
南行	0.5100	0.3700
东南	0.5100	0.2830
南部的	0.5520	0.2690
西南	0.4060	0.3140
纪念品	0.8440	0.3110
苏联	0.3470	0.5800
母猪	0.6670	0.4300
黄豆	0.4795	0.2500
酱油	0.5730	0.3820
温泉	0.6220	0.1510
空间	0.8000	0.3170
宇宙飞船	0.6460	0.6980
太空人	0.6880	0.5770
飞船	0.6430	0.7810
间距	0.6210	0.4250
垃圾邮件	0.1880	0.3540
垃圾邮件发送者	0.3540	0.5000
斯潘德克斯弹性纤维	0.4290	0.5200
獚	0.5610	0.4350
一巴掌	0.1120	0.8820
晶石	0.4170	0.4380
排骨	0.6350	0.4310
保守地	0.5100	0.3530
火花	0.7535	0.7550
对打	0.2920	0.8700
麻雀	0.5830	0.4600
疏	0.2400	0.3670
痉挛	0.1940	0.5940
痉挛性	0.2400	0.5410
空间的	0.6040	0.6250
溅	0.4065	0.5210
抹刀	0.3020	0.1980
卵	0.5420	0.5860
说话	0.7650	0.4720
非法经营	0.6800	0.5360
扬声器	0.6040	0.6600
免提	0.5310	0.5690
请讲	0.7530	0.5900
矛	0.5100	0.6010
特别	0.8455	0.5000
专业	0.7890	0.4745
种类	0.5610	0.3300
标本	0.5310	0.4440
场面	0.8120	0.7450
壮观	0.9470	0.7400
观众	0.6430	0.4590
幽灵	0.2650	0.7230
光谱	0.4040	0.6360
光谱仪	0.5000	0.4520
分光光度计	0.5000	0.4840
投机	0.2760	0.5910
窥器	0.4170	0.4690
说不出话来	0.4590	0.3200
快艇	0.6350	0.8580
赶紧	0.6880	0.7400
超速	0.4380	0.9080
车速表	0.4270	0.5490
拼写	0.3850	0.3800
败兴而归	0.5310	0.6470
拼字	0.5940	0.3570
斯宾塞	0.5100	0.3940
开支	0.3330	0.5560
精子	0.3960	0.7060
括约肌	0.3470	0.6330
狮身人面像	0.6040	0.3240
穗	0.3420	0.4825
香料	0.5940	0.4390
辣	0.4400	0.7330
蜘蛛	0.2445	0.6325
塞子	0.3725	0.3410
高低不平	0.2840	0.6570
洒	0.4080	0.6330
纺	0.5510	0.4220
菠菜	0.5830	0.2000
脊	0.3120	0.4910
纺锤	0.5520	0.4100
脊柱	0.4950	0.4610
骨气	0.3440	0.3870
纺织	0.5940	0.6100
独身主义者	0.3570	0.3680
多刺	0.1670	0.6390
尖塔	0.3540	0.3580
烈性	0.8540	0.5870
灵性	0.8650	0.2810
吐	0.1490	0.5450
尽管	0.0800	0.6000
刻毒	0.0730	0.7100
喷吐火焰者	0.2330	0.6230
痰盂	0.2760	0.4260
图示	0.5100	0.4330
飞溅	0.3120	0.5960
脾	0.4480	0.2550
拼接	0.4480	0.4210
仿样	0.4900	0.3980
挥霍	0.3025	0.6180
溺爱	0.1405	0.7005
扰流板	0.3470	0.5270
分赃	0.3880	0.7600
辐	0.6350	0.4330
发言人	0.6465	0.4665
海绵	0.5510	0.1920
自发性	0.8170	0.6980
自发	0.7800	0.5780
幽灵般的	0.1040	0.8580
卷	0.5003	0.4437
勺	0.4790	0.2360
一匙	0.5820	0.2080
零星的	0.3330	0.3940
孢子	0.4800	0.4080
运动的	0.9170	0.6560
体育	0.8615	0.6325
体育记者	0.7600	0.5510
运动型	0.7350	0.7130
一尘不染	0.7920	0.3270
斑	0.3760	0.5105
去污剂	0.5420	0.4910
参差不齐	0.2810	0.6060
喷口	0.4380	0.3570
扭伤	0.0630	0.5800
蔓生	0.6000	0.5960
喷雾	0.4380	0.4100
吊具	0.5100	0.4800
大礼包	0.5640	0.6630
春天	0.8370	0.4390
撒	0.6350	0.4040
洒水车	0.5100	0.4340
云杉	0.6040	0.2880
开钻	0.4030	0.4230
容易发怒	0.6460	0.8790
骨刺	0.3780	0.5450
队	0.5105	0.6985
飑	0.1910	0.8330
鳞状	0.3440	0.4460
蹲	0.3300	0.5500
棚户区	0.3900	0.3610
斯阔	0.4280	0.4410
吱	0.2710	0.6790
鸣声	0.5410	0.5190
过于拘谨的	0.1760	0.6560
哗啦哗啦地	0.2710	0.5100
眯	0.3850	0.4610
乡绅	0.4790	0.4590
蠕动	0.2350	0.8240
松鼠	0.5920	0.3580
被刺	0.0310	0.8750
稳定性	0.8120	0.2640
稳定	0.7480	0.2723
稳定剂	0.6880	0.3530
断奏	0.3960	0.5000
体育场	0.6350	0.6790
员工	0.7450	0.2740
麈	0.5940	0.2500
阶段	0.5920	0.3060
驿马	0.5160	0.5190
舞台管理	0.4200	0.6840
错开	0.5310	0.6200
踉跄	0.5200	0.6570
滞	0.3000	0.5000
停滞	0.2760	0.3240
不锈	0.5940	0.3290
楼梯	0.4790	0.4125
楼梯间	0.5100	0.2920
放样	0.3440	0.5460
陈旧	0.2350	0.4610
僵持	0.2960	0.3540
茎	0.4360	0.2720
死缠烂打	0.1770	0.9300
摊子	0.3700	0.2450
骘	0.6280	0.5960
摊位	0.5820	0.3780
伟岸	0.8120	0.4300
邮票	0.4380	0.3270
踩踏	0.2350	0.8750
姿态	0.6040	0.3330
站	0.6440	0.3455
标准化	0.6100	0.3240
常设	0.6040	0.3170
对峙	0.3330	0.8400
立场	0.5850	0.3880
停顿	0.4410	0.2030
站起来	0.6330	0.5830
金黄色葡萄球菌	0.3750	0.4800
钉书针	0.5420	0.3060
订书机	0.3700	0.2640
星	0.8330	0.4180
杨桃	0.7010	0.4330
右舷	0.5310	0.3880
淀粉	0.5070	0.3540
明星	0.8153	0.5927
星尘	0.8430	0.4100
盯	0.5410	0.4300
海星	0.6800	0.3200
观星	0.8020	0.4610
与之形成鲜明	0.3300	0.6300
星光	0.9080	0.3680
欧椋鸟	0.5000	0.4900
星光灿烂	0.4380	0.6430
星河	0.7400	0.7190
起动机	0.6670	0.4610
惊吓	0.1640	0.8530
怔	0.2115	0.8835
饿死	0.0730	0.7290
挨饿	0.1630	0.6700
统计	0.5670	0.4110
州	0.5620	0.3200
声明	0.6880	0.6080
客舱	0.6530	0.3800
美国本土	0.6430	0.4800
静态的	0.2970	0.2500
静力学	0.5420	0.2900
静止的	0.4080	0.2400
文具	0.5700	0.1200
统计员	0.5710	0.3600
定子	0.2810	0.4530
雕像	0.5515	0.2170
身材	0.4700	0.3530
状态	0.6580	0.3770
法定的	0.5100	0.3760
坚定	0.6255	0.3980
谱表	0.4170	0.3330
入住	0.6330	0.3630
牛扒	0.6250	0.3590
牛排屋	0.8020	0.3790
偷	0.0210	0.8560
偷窃行为	0.0860	0.9130
偷偷地	0.7630	0.2940
蒸汽	0.4690	0.4130
汽船	0.6090	0.4710
腾腾	0.5920	0.5530
压路机	0.3960	0.5670
轮船	0.4690	0.4900
钢	0.5210	0.4200
陡	0.3120	0.6120
尖顶	0.6250	0.5190
操舵	0.5800	0.4310
恒星	0.7960	0.5800
恶臭	0.1040	0.5700
模版	0.5000	0.3270
速记员	0.5100	0.4080
步	0.5310	0.3210
继女	0.5100	0.5100
后爹	0.3960	0.4910
后妈	0.4270	0.5300
脚步	0.5110	0.3490
继子	0.6140	0.4060
立体声	0.6170	0.5190
立体	0.3630	0.4170
铅板	0.1510	0.4220
陈规	0.3750	0.5100
无菌	0.3020	0.4710
不育症	0.2010	0.5190
英镑	0.5290	0.4810
胸骨	0.5200	0.4220
类固醇	0.3600	0.7060
炖	0.6670	0.3730
空中小姐	0.6250	0.4910
棒	0.3960	0.3640
贴纸	0.5830	0.3060
坚持己见的人	0.3850	0.4710
竖起	0.4530	0.5370
黏	0.3850	0.5690
僵硬	0.1580	0.4590
变硬	0.3600	0.5820
堵	0.2290	0.7310
闷	0.2430	0.7365
柱头	0.3270	0.5000
死胎	0.0920	0.8090
胎死腹中	0.2710	0.5190
高跷	0.4390	0.5770
刺激物	0.6060	0.7865
刺痛	0.2600	0.7300
臭气熏天	0.1630	0.5670
助学金	0.6040	0.5460
搅拌	0.5150	0.7375
股票	0.5940	0.4180
寨	0.3750	0.4020
股票经纪人	0.4170	0.6760
袜	0.5940	0.3240
丝袜	0.4580	0.3650
储存	0.5420	0.3150
栈房	0.5620	0.3120
个股	0.5730	0.5980
坚忍	0.4270	0.4730
偷了	0.1350	0.7600
被盗	0.1560	0.6460
胃	0.3670	0.4020
腹痛	0.0300	0.7450
跺脚	0.3650	0.5650
跺着脚	0.2290	0.6840
石	0.2860	0.3385
砸死	0.1770	0.7960
石墙	0.3370	0.4570
石器	0.4580	0.3000
跟屁虫	0.4380	0.4060
凳子	0.4590	0.3820
哈腰	0.4900	0.4300
中途停留	0.5310	0.3270
堵塞	0.2240	0.4910
跑表	0.4690	0.5210
存储	0.6640	0.3920
商店	0.6460	0.5380
店面	0.5800	0.2170
库	0.5700	0.2500
库房	0.5600	0.2170
暴风雨	0.1955	0.8565
故事	0.6580	0.3530
故事书	0.8540	0.3060
说故事的人	0.7300	0.3570
评书	0.6430	0.3750
肥硕	0.6560	0.6570
火炉	0.4660	0.3910
垫木	0.6150	0.3650
偷渡者	0.2240	0.4810
跨	0.3060	0.5500
直行	0.6670	0.2980
弄直	0.6770	0.5000
直截了当	0.7800	0.1500
应变	0.1900	0.7500
海峡	0.4230	0.3510
紧身衣	0.4035	0.5310
缕	0.4740	0.3970
奇怪	0.6010	0.7265
陌生人	0.3300	0.4490
绞杀	0.0400	0.8860
露肩	0.3140	0.4620
魁梧的	0.5520	0.4130
地层	0.4325	0.3820
战略	0.7450	0.6875
战略家	0.5710	0.5940
平流层	0.6040	0.5830
层云	0.4480	0.5200
稻草	0.4800	0.2900
草莓	0.8330	0.2700
条纹	0.4710	0.4277
挑染	0.4580	0.4260
飘带	0.6150	0.5300
精简	0.6560	0.5730
街	0.5940	0.3240
电车	0.5285	0.5985
费劲	0.1040	0.6600
链球菌	0.3650	0.5940
强调	0.2457	0.7152
应力	0.1150	0.8170
伸展	0.6040	0.5780
担架	0.4380	0.1960
灾区	0.1630	0.7200
迈	0.4900	0.6700
罢工	0.2710	0.8110
三振出局	0.3160	0.5200
字符串	0.4570	0.2920
跳闸	0.3515	0.5470
脱衣舞	0.6160	0.8830
频闪	0.4900	0.6330
童车	0.7860	0.3980
据点	0.7080	0.6360
结构	0.5820	0.4250
结构体	0.5620	0.3560
存根	0.3595	0.4810
残株	0.3330	0.4420
固执	0.1560	0.6730
短而粗硬的	0.4170	0.3700
灰泥	0.4390	0.2920
螺柱	0.5640	0.5310
云集	0.3960	0.4120
学生	0.6340	0.3180
工作室	0.6770	0.2650
东东	0.6220	0.3670
填充玩具动物	0.6840	0.2550
馅	0.4170	0.3240
绊倒	0.1530	0.7160
树墩	0.4490	0.5100
难倒	0.3440	0.6040
击晕	0.3330	0.7100
目瞪口呆	0.3060	0.6630
尤物	0.4180	0.7800
令人惊叹	0.8880	0.6730
特技	0.3870	0.5550
发育不良	0.1940	0.4720
替身演员	0.4900	0.4820
昏昏倒地	0.2000	0.7400
笨	0.1330	0.5100
糊涂事	0.0600	0.4180
粗壮	0.5800	0.6420
鲟	0.4170	0.4730
口吃	0.2500	0.4690
针眼	0.2960	0.5000
样式	0.7450	0.4720
美发师	0.7600	0.4450
倜傥	0.7240	0.2650
子	0.4630	0.4127
亚原子	0.3850	0.5380
小组委员会	0.3960	0.4670
潜意识	0.4705	0.4515
皮下	0.3960	0.4440
细分	0.5650	0.4440
俯冲	0.3500	0.5690
硬膜下	0.3810	0.4910
受	0.2860	0.5200
隶属	0.3540	0.4080
主观	0.5100	0.3500
转租	0.4690	0.5510
升华	0.6470	0.3615
潜艇	0.5720	0.4810
淹没	0.3365	0.5615
湮	0.3370	0.5280
服从的	0.4800	0.2170
下属	0.2760	0.3920
属	0.2700	0.5270
传票	0.4165	0.6190
订阅	0.6215	0.3385
订户	0.5620	0.3980
随后	0.4490	0.3850
后来	0.3800	0.3370
奴颜婢膝	0.2550	0.4020
子集	0.4290	0.3580
塌陷	0.3750	0.3080
资助	0.6040	0.6150
补贴	0.5730	0.4620
生存	0.6280	0.6800
地下	0.4313	0.3337
子空间	0.4700	0.4530
物质	0.6150	0.4220
等外	0.2350	0.3330
大量的	0.5900	0.4900
基本上	0.6460	0.4710
变电站	0.4690	0.4610
取代	0.3075	0.5515
代换	0.4060	0.4800
潜台词	0.6350	0.2760
字幕	0.4450	0.2020
微妙	0.7080	0.1670
明敏	0.6150	0.1760
减去	0.2080	0.3300
减法	0.1630	0.3820
亚型	0.4270	0.2960
市郊	0.3540	0.5660
郊区的	0.4390	0.4500
地铁	0.4180	0.3000
成功	0.9447	0.7863
下一	0.8670	0.7550
演替	0.6980	0.4810
接班人	0.7290	0.5310
肉质	0.8230	0.5380
屈服于	0.2020	0.7870
吮吸	0.3440	0.7060
吸盘	0.2650	0.3930
吸吮	0.2270	0.5280
乳	0.5960	0.5580
吸力	0.4600	0.5930
绒面	0.5420	0.2590
遭受	0.0820	0.9100
自给自足	0.5940	0.4380
足够	0.8330	0.3300
充分地	0.7760	0.3670
后缀	0.4300	0.4200
令人窒息	0.1330	0.7740
糖	0.8960	0.3820
自杀	0.0255	0.8700
手提箱	0.5620	0.2120
套房	0.7900	0.4200
起诉者	0.7080	0.6390
硫酸	0.4270	0.3520
硫	0.2165	0.4900
玷污	0.2910	0.4955
苏丹	0.5290	0.4230
闷热	0.7350	0.6960
和	0.7920	0.3400
概略地	0.4690	0.4310
总结	0.5900	0.3230
合计	0.7660	0.3370
夏季	0.8120	0.3730
夏令	0.8370	0.5000
首脑	0.6250	0.6180
召唤	0.5210	0.5600
相扑	0.4800	0.3940
油底壳	0.3650	0.4510
太阳	0.8770	0.4000
晒斑	0.0610	0.7550
圣代	0.7430	0.4140
星期日	0.7760	0.1960
晷	0.6430	0.2250
日落	0.8435	0.2535
各种各样的	0.5430	0.3690
向日葵	0.8780	0.2310
太阳镜	0.6840	0.2640
墨镜	0.8440	0.4430
沉没	0.1460	0.5310
凹陷	0.1030	0.4760
阴暗的	0.2450	0.2800
晴朗	0.7400	0.3480
日出	0.7915	0.3255
防晒	0.6560	0.3870
晒黑	0.6200	0.5100
多余	0.3300	0.3815
超级英雄	0.9100	0.8200
超人	0.8775	0.7695
叠加	0.4850	0.5495
所长	0.5920	0.5700
优越	0.8010	0.6970
最高级	0.7140	0.5660
超级市场	0.6900	0.5470
名模	0.8800	0.6630
上清	0.5000	0.5000
超新星	0.7290	0.6730
超级大国	0.8060	0.7840
取而代之	0.4790	0.5100
超级明星	0.8850	0.8600
迷信	0.1770	0.6400
迷信的	0.2810	0.5450
超市	0.7190	0.6000
监督	0.5785	0.5665
晚饭	0.7920	0.3880
柔	0.8120	0.5280
祷	0.4690	0.5700
供应商	0.5780	0.5015
耗材	0.6980	0.3900
供应	0.7080	0.5190
支持的	0.8530	0.4080
支持者	0.7420	0.5245
假如	0.4490	0.4510
压制	0.2810	0.5590
千钧	0.8330	0.7250
附加费	0.3750	0.5280
当然	0.7240	0.2700
冲浪	0.8470	0.6500
表面	0.4480	0.3750
冲浪板	0.7290	0.7300
冲浪者	0.7040	0.7010
浪涌	0.4490	0.6840
外科医生	0.5000	0.5980
外科	0.3270	0.6960
阴沉的	0.2210	0.4690
姓	0.6700	0.2500
剩余	0.6020	0.6800
惊	0.8750	0.8750
诧异	0.7840	0.8550
惊喜	0.8750	0.7690
出奇	0.8470	0.7930
超现实主义	0.5500	0.5290
代孕	0.4060	0.5900
测量学	0.4880	0.4550
测量员	0.5450	0.3370
幸存	0.6460	0.8360
幸存者	0.6770	0.7500
感受性	0.4580	0.6270
易感	0.4380	0.4490
寿司	0.6980	0.3430
疑似	0.1330	0.7500
嫌疑	0.1730	0.7550
吊带	0.3910	0.3330
悬念	0.2860	0.7750
悬挂	0.2880	0.5300
猜疑	0.2080	0.7450
缝合	0.2400	0.5100
昂首阔步	0.3330	0.7310
斯瓦米	0.5100	0.5470
沼泽的	0.3060	0.3900
天鹅	0.7810	0.2250
自吹	0.4900	0.5000
蜂拥	0.3750	0.6000
卍	0.3160	0.4720
扑打	0.3800	0.6940
摇摆	0.5800	0.5320
发誓	0.5805	0.5435
宣誓就职	0.3330	0.5590
毛线衣	0.7040	0.2450
出汗	0.2865	0.6035
运动衫	0.5100	0.3680
血汗工厂	0.3850	0.7970
扫	0.4480	0.3850
清扫车	0.4700	0.5490
笼统的	0.3440	0.4310
甜	0.6680	0.4180
加甜	0.9080	0.4550
加糖	0.9400	0.4610
糖精	0.6700	0.3330
甜蜜	0.9590	0.5000
爱人	0.9590	0.4230
甜食	0.9100	0.4220
肿胀	0.3230	0.6080
闷热的	0.2040	0.6440
转弯	0.2760	0.6120
如飞	0.6600	0.8850
痛饮	0.6040	0.4810
游泳	0.6880	0.4610
游泳者	0.6570	0.6980
游泳的	0.7600	0.5590
泳装	0.7400	0.3730
赶时髦的人	0.4590	0.7780
摆荡	0.6560	0.5100
刷卡	0.5730	0.4500
漩涡	0.4900	0.7260
开关	0.5000	0.5380
弹簧刀	0.3570	0.5960
总机	0.5710	0.5190
肿	0.2360	0.5100
昏厥	0.2685	0.5240
剑	0.4380	0.6530
旗鱼	0.5640	0.5200
剑术	0.6160	0.7500
剑客	0.3950	0.8570
枫树	0.5000	0.4010
音节	0.4480	0.2500
教学大纲	0.7360	0.3700
共生	0.8320	0.4250
对称	0.6303	0.2497
有同情心	0.7960	0.4340
交响	0.7750	0.5450
交响乐	0.7650	0.4900
座谈会	0.5730	0.3940
症状	0.3735	0.4815
会堂	0.5310	0.3000
突触	0.6165	0.5120
同步	0.7277	0.4463
辛迪加	0.4390	0.4910
综合征	0.2290	0.5100
协同	0.5710	0.5500
协同效应	0.6670	0.5100
代名词	0.5475	0.2665
概要的	0.5610	0.5100
句法	0.5310	0.3460
合成	0.5520	0.3625
合成的	0.3960	0.3500
梅毒	0.0710	0.6060
注射器	0.2500	0.6800
糖浆	0.6200	0.2230
系统	0.6525	0.3680
系统的	0.6170	0.4440
T恤衫	0.8150	0.2860
塔巴斯科	0.3750	0.5460
虎斑猫	0.5100	0.4260
表	0.5510	0.1700
桌布	0.4800	0.1650
汤匙	0.4900	0.3530
片剂	0.5620	0.3300
餐具	0.6770	0.2500
小报	0.4380	0.3650
忌讳	0.1980	0.7940
表格式的	0.4380	0.3300
制表	0.4380	0.3745
转速表	0.3980	0.3940
默	0.4590	0.3400
滑车	0.3650	0.6860
抢断	0.4800	0.6940
俗气的	0.2450	0.4900
塔科	0.5610	0.3530
分寸感	0.5500	0.4170
识相	0.7040	0.2920
战术	0.5625	0.4575
触	0.5730	0.4100
蝌蚪	0.3500	0.4340
塔夫绸	0.6040	0.2790
太妃糖	0.4480	0.4310
尾巴	0.4800	0.2720
尾门	0.3230	0.3400
尾矿	0.4390	0.3110
尾灯	0.4790	0.3670
排气管	0.4600	0.4290
污点	0.1410	0.4250
脱掉	0.7550	0.8840
取出	0.7360	0.3920
接管	0.6630	0.5310
滑石粉	0.5000	0.1960
护符	0.7040	0.5420
谈论	0.8330	0.3460
贫嘴	0.5620	0.6730
健谈	0.5000	0.6040
相符	0.5420	0.4200
手鼓	0.6220	0.5480
驯	0.3850	0.7830
驯服	0.5690	0.5140
篡改	0.1840	0.8020
棉塞	0.3960	0.3940
串联	0.5520	0.4060
唐	0.5940	0.3830
切线	0.5730	0.3730
有形	0.6460	0.3500
紊	0.2600	0.5390
探戈舞	0.6220	0.5600
坦克	0.4310	0.4540
罐顶	0.6100	0.3710
油船	0.5200	0.6470
鞣	0.6150	0.5500
无异	0.6330	0.2880
发脾气	0.2190	0.8170
道教	0.4900	0.2500
胶带	0.5310	0.2770
尖细	0.3440	0.3800
挂毯	0.5200	0.1760
绦虫	0.3570	0.3340
木薯	0.5940	0.2970
水龙头	0.4480	0.3780
柏油	0.4380	0.4400
狼蛛	0.2600	0.7180
迟迟	0.2040	0.5920
关税	0.4590	0.4020
停机坪	0.3570	0.3020
塔罗牌	0.4790	0.4220
耽搁	0.3920	0.4130
鞑靼	0.2140	0.3510
品味	0.9180	0.4580
无味	0.1460	0.1960
达	0.4290	0.3800
话多的人	0.4170	0.5300
黥	0.4900	0.6020
教	0.8270	0.4955
灰褐色	0.4060	0.3400
拉紧的	0.4320	0.7040
俗丽的东西	0.3750	0.5100
征税	0.2550	0.4560
纳税人	0.5920	0.5280
茶	0.6980	0.1630
老师	0.7600	0.4040
茶碗	0.6330	0.1350
茶馆	0.8020	0.3140
水鸭	0.5400	0.2930
球队	0.7080	0.4610
队友	0.8650	0.4490
团队合作	0.9180	0.4900
茶壶	0.4790	0.1100
眼泪	0.4040	0.6200
内牛满面	0.2080	0.5000
流泪	0.1670	0.4730
逗	0.3170	0.7900
传情	0.5100	0.5580
戏弄	0.2350	0.7250
茶匙	0.5210	0.3300
下午茶时间	0.8470	0.1590
高科技	0.6840	0.4910
技术	0.6820	0.4647
技术性	0.6560	0.4615
技术员	0.5920	0.5100
摊晒	0.7120	0.4530
泰迪熊	0.8900	0.1700
乏味	0.1640	0.3685
开球	0.4590	0.3730
蝇头	0.4270	0.4180
牙	0.5200	0.3880
出牙	0.3960	0.4710
聚四氟乙烯	0.3540	0.2450
电报	0.5775	0.4825
隔传动	0.5820	0.6460
遥测	0.4600	0.3820
心灵感应	0.6020	0.4900
伸缩式	0.4900	0.2900
募捐活动	0.6430	0.6410
电传	0.5320	0.3920
电视	0.6267	0.4300
告诉	0.6350	0.3955
揭秘	0.2400	0.6630
温度	0.5055	0.4995
脾气	0.6330	0.6230
彩画	0.4580	0.3180
个性倔强的	0.3160	0.7740
禁酒	0.5000	0.2940
适度的	0.4690	0.3940
回火	0.5830	0.4370
模板	0.4790	0.3110
寺庙	0.6120	0.2690
颞	0.5000	0.4130
风月	0.4270	0.7870
顽强	0.7240	0.6580
租赁	0.5000	0.4580
趋向	0.6040	0.3980
趋势	0.6863	0.4767
压痛	0.9490	0.2760
抚育	0.6220	0.5560
肌腱	0.3410	0.2710
十倍	0.4690	0.4180
网球	0.6220	0.5190
男高音	0.5870	0.4510
拉伸	0.4580	0.5100
张力	0.3040	0.8100
帐篷	0.5050	0.3060
触手	0.3700	0.5590
第十	0.5100	0.3490
十分之一	0.4060	0.2940
纤细	0.3980	0.2630
保有	0.6150	0.4720
不温不火	0.3370	0.3270
龙舌兰酒	0.6120	0.7100
红烧	0.6460	0.4490
术语	0.5310	0.2695
终奌站	0.3160	0.4340
终止	0.2575	0.4410
终结者	0.3700	0.6630
总站	0.2810	0.3820
白蚁	0.2650	0.4800
燕鸥	0.5730	0.3650
三元	0.5500	0.4060
地形	0.5128	0.3463
陆生	0.5420	0.4130
梗	0.5620	0.5400
了不起	0.8590	0.6500
领土的	0.4050	0.6000
领土	0.6250	0.4690
恐怖主义	0.0600	0.9710
恐怖分子	0.0405	0.9485
第三	0.5255	0.2685
测试	0.4490	0.5000
睾丸	0.4230	0.6655
作证	0.5210	0.6500
告别赛	0.5410	0.5380
见证	0.5885	0.5735
睾酮	0.5730	0.8400
破伤风	0.1330	0.5770
系链	0.3230	0.6200
栓	0.2600	0.4720
四面体	0.5950	0.4680
文本	0.6040	0.1570
教科书	0.6220	0.2350
纺织品	0.6040	0.2350
纹理	0.6600	0.2960
质地	0.6150	0.2150
谢谢	0.8127	0.4167
感谢上帝	0.8230	0.4510
表达感谢	0.9170	0.5380
费力不讨好	0.1460	0.5000
感恩	0.9270	0.4490
苫	0.3370	0.2450
奇术	0.5100	0.5460
解冻	0.4480	0.3090
剧院	0.7600	0.6350
最好的	0.7600	0.5960
盗窃	0.1350	0.8670
有神论	0.4285	0.3980
人生	0.6880	0.5660
政教合一	0.4350	0.4535
神学家	0.5210	0.3040
神学	0.4640	0.3465
定理	0.5000	0.2960
理论	0.5990	0.2920
治疗	0.5927	0.3380
疗法	0.5520	0.3430
治疗师	0.4680	0.4300
点左右	0.4270	0.3650
其	0.5420	0.2650
于是	0.4620	0.3170
热电偶	0.4060	0.4060
热力学	0.5100	0.5940
温度计	0.4000	0.3270
热水瓶	0.5820	0.2550
恒温器	0.4390	0.4800
厚	0.4490	0.4330
加粗	0.4060	0.3980
增厚	0.4480	0.3550
灌木丛	0.3850	0.3730
厚度	0.5520	0.3700
贼	0.0880	0.8880
大腿	0.4690	0.4330
顶针	0.4900	0.1920
事情	0.4490	0.2220
事	0.5190	0.2500
思想家	0.7060	0.3860
思维	0.7200	0.3080
三分之二	0.4020	0.3270
口渴	0.2980	0.5190
渴	0.2810	0.6600
十三	0.4590	0.3850
第十三	0.4080	0.3300
三十	0.5620	0.3490
蓟	0.4270	0.4230
到那里	0.5000	0.2700
丁字裤	0.4670	0.5960
多刺的	0.1770	0.6900
彻底	0.4670	0.3500
纯种	0.6690	0.7400
体贴	0.8670	0.2690
思念	0.7450	0.3820
千	0.6630	0.3550
受威胁	0.0520	0.9280
三	0.6530	0.2250
三倍	0.5530	0.3925
三人组	0.4900	0.6760
脱粒	0.4900	0.4170
阈	0.5310	0.5190
三次	0.4690	0.4420
节约	0.7600	0.2170
惊悚片	0.4900	0.7960
兴旺	0.9480	0.5290
搏动	0.5000	0.6730
悸动	0.6450	0.8080
阵痛	0.1460	0.7600
王座	0.7240	0.6060
风门	0.5620	0.8040
扔	0.3440	0.7700
返祖	0.2800	0.4540
抛出	0.5000	0.5500
画眉	0.3060	0.4900
推力	0.5100	0.6470
推进器	0.6980	0.8120
轰的一声	0.2550	0.6860
暴徒	0.2400	0.8820
拇指	0.6730	0.2710
桑普	0.3540	0.6230
怦	0.2140	0.7550
雷	0.2960	0.9160
霹雳	0.4040	0.7760
雷鸣的	0.3370	0.7780
雷雨	0.1350	0.8600
百里香	0.5610	0.2550
甲状腺	0.2340	0.4550
胫骨	0.4500	0.3020
蜱	0.5210	0.3860
勾选	0.4690	0.3860
断续器	0.4790	0.4710
票	0.6840	0.3870
痒痒	0.7600	0.7270
胳肢	0.7550	0.7070
怕痒的	0.8230	0.8140
潮汐	0.4160	0.7165
珍闻	0.5520	0.3820
浪潮	0.5410	0.5560
音信	0.6100	0.5100
一线	0.5200	0.2450
虎	0.4790	0.7650
拉紧的绳索	0.3540	0.6530
波浪号	0.5200	0.3140
瓦	0.4290	0.2450
平铺	0.6000	0.3300
分蘖	0.4480	0.4100
木材	0.3320	0.2020
林地	0.6607	0.3537
音色	0.4600	0.4800
时间	0.6040	0.2880
合时	0.7600	0.4040
及时	0.8650	0.3870
时间到	0.3440	0.4330
计时器	0.4690	0.4330
时	0.4900	0.2790
胆怯	0.3330	0.3580
定时	0.5210	0.3110
药酒	0.4400	0.3600
锡纸	0.4480	0.2840
耳鸣	0.4220	0.5480
修补匠	0.3960	0.5280
修修补补	0.5310	0.4900
玲	0.6120	0.5300
箔	0.6630	0.5210
小费	0.7080	0.2210
自卸车	0.4270	0.5710
喝醉的	0.3435	0.5385
脚尖	0.5100	0.4900
长篇大论	0.3780	0.5870
不知疲倦的	0.6570	0.7500
烦人的	0.2400	0.5420
累人	0.1530	0.5100
山雀	0.4020	0.5390
泰坦	0.5980	0.6530
泰坦尼克号	0.4270	0.7860
钛	0.5200	0.4700
仂	0.5070	0.2760
奶	0.5610	0.5480
蟾蜍	0.3020	0.4520
烤面包	0.7190	0.4215
烤面包机	0.5420	0.3370
烟草	0.3270	0.5460
托比	0.4270	0.3750
狐	0.4690	0.3300
今天	0.8060	0.3060
脚趾	0.4060	0.2210
趾甲	0.5300	0.3800
奶糖	0.6580	0.5100
豆腐	0.5210	0.3300
一起	0.8740	0.3920
劳碌	0.4800	0.7100
代币	0.5100	0.4180
可容忍	0.7500	0.3500
公差	0.8750	0.2060
容忍	0.7500	0.4360
钺	0.5100	0.6420
番茄	0.5825	0.2115
墓	0.1120	0.5000
墓碑	0.2040	0.4410
tomcat的	0.5200	0.4120
对我来说	0.4290	0.3160
碳粉	0.4480	0.3000
舌	0.5420	0.4320
补品	0.5410	0.3600
吨位	0.3230	0.3820
扁桃体	0.3470	0.3730
工具	0.4900	0.3500
工具箱	0.5310	0.3160
工装	0.5100	0.4060
齿	0.4390	0.2500
牙疼	0.1880	0.8530
牙刷	0.5170	0.3300
齿形	0.4490	0.3940
无牙	0.3120	0.5410
牙膏	0.5100	0.2900
牙签	0.5610	0.2160
茨	0.5520	0.4800
黄玉	0.6430	0.3250
话题	0.5200	0.2760
局部的	0.5610	0.3400
赤裸上身	0.6250	0.7650
倾覆	0.1980	0.8200
顶面	0.7080	0.4660
火炬	0.5310	0.6300
龙卷风	0.2600	0.8960
鱼雷	0.2190	0.7940
扭矩	0.4660	0.3750
激流	0.5410	0.7450
热带	0.6252	0.4995
扭力	0.3120	0.6510
躯干	0.4080	0.3940
侵权	0.2705	0.6795
曲折	0.2960	0.6685
拷打	0.1150	0.8780
总	0.7710	0.2860
完全	0.7265	0.4310
图腾	0.6390	0.3500
触摸	0.6460	0.4770
感动	0.5920	0.3800
接触	0.7600	0.4390
锻炼	0.6630	0.7550
假发	0.5225	0.2745
旅游	0.8230	0.5310
游客	0.7427	0.5103
电气石	0.4480	0.5130
止血带	0.3350	0.5210
拖	0.5310	0.5000
毛巾	0.6300	0.2080
塔	0.6060	0.3800
参天	0.5000	0.6900
联排别墅	0.6220	0.4000
乡	0.5310	0.2920
市民	0.6770	0.4660
有毒的	0.0080	0.8850
毒性	0.1040	0.8650
毒理学	0.3020	0.7360
毒素	0.1150	0.6540
玩具制造商	0.7550	0.5100
跟踪	0.5105	0.3895
溯源	0.6020	0.3700
曳光弹	0.5730	0.3270
痕迹	0.5220	0.4590
气管	0.3645	0.4345
追踪	0.4180	0.5910
跟踪器	0.3980	0.7440
听话的	0.6350	0.5000
牵引	0.4290	0.5850
拖拉机	0.4490	0.5800
贸易	0.5980	0.5730
传统	0.7535	0.3255
交通	0.3230	0.5590
红绿灯	0.4900	0.4690
贩卖	0.2500	0.7100
悲剧	0.0760	0.8765
预告片	0.5410	0.4900
培养	0.6660	0.7050
动车组	0.6040	0.5980
训练者	0.6980	0.7190
训练	0.7140	0.7760
叛徒	0.1120	0.7960
卖国	0.0730	0.7450
弹道	0.6530	0.5580
践踏	0.2350	0.7640
蹦床	0.6040	0.6900
有轨电车	0.6150	0.5380
镇定药	0.5100	0.2360
办理	0.5210	0.6250
大西洋	0.7240	0.5960
收发器	0.5100	0.4900
录制	0.5000	0.3940
抄录	0.4900	0.4200
抄本	0.6390	0.3980
转录	0.5920	0.4550
转让	0.7020	0.4900
移情	0.5920	0.2940
转入	0.4800	0.4500
呆若木鸡	0.4270	0.6600
转型	0.7960	0.6180
变压器	0.5820	0.5820
输	0.4170	0.7300
愆	0.1580	0.8900
晶体管	0.4800	0.4800
过境	0.4390	0.5900
过渡	0.5890	0.5165
及物	0.4790	0.3770
翻译者	0.7600	0.4120
易位	0.3670	0.6120
半透明	0.6000	0.5000
传输	0.6880	0.4900
发射机	0.5200	0.5110
蜕变	0.4380	0.7400
横梁	0.3750	0.3850
透明	0.5420	0.3300
移植	0.4880	0.7500
转运	0.6150	0.6250
颠倒	0.4400	0.5850
换位	0.3120	0.4510
换性者	0.2640	0.8150
易装癖	0.2700	0.6750
暗门	0.0940	0.6700
飞人	0.5420	0.6250
捕兽	0.2960	0.6540
诱捕	0.3330	0.6210
没用	0.0710	0.3800
外伤	0.1120	0.7920
创伤	0.0620	0.8850
旅行	0.9155	0.7195
横过	0.5710	0.5900
拖网	0.2550	0.5900
拖网渔船	0.3160	0.4300
奸诈	0.1120	0.8150
背信弃义	0.1040	0.8520
踏	0.5100	0.5200
跑步机	0.4590	0.6360
叛逆	0.0940	0.8060
宝藏	0.9270	0.5920
珍品	0.8670	0.7710
对待	0.5730	0.5710
可治疗	0.7800	0.3020
条约	0.6460	0.3820
三重	0.4900	0.4905
树	0.6700	0.1180
树木	0.6235	0.2030
跋涉	0.4690	0.5300
网格	0.2990	0.5000
震	0.1040	0.8330
新潮	0.7130	0.5200
三角形	0.5620	0.2690
三角形的	0.4300	0.3200
三角	0.4020	0.3900
铁人三项	0.5210	0.8530
部落的	0.4170	0.4040
支流	0.6150	0.4630
贡	0.6840	0.5730
潺	0.5000	0.1960
三轮车	0.6330	0.4020
三叉戟	0.4030	0.6060
琐事	0.4805	0.3930
触发	0.2710	0.8040
兆	0.5920	0.4200
三部曲	0.6150	0.5200
三个月	0.7830	0.3360
三合	0.3960	0.3650
三位一体	0.6350	0.3460
饰品	0.5210	0.3520
三人	0.5210	0.6130
三方	0.5000	0.4800
肚	0.3120	0.3610
一式三份	0.6840	0.5450
鼎	0.4060	0.3880
平凡的	0.4580	0.4180
氚	0.4120	0.4710
胜利	0.9540	0.7483
凯	0.9490	0.8370
不重要的	0.4060	0.3870
拖钓	0.3780	0.6270
手推车	0.5620	0.5580
部队	0.3750	0.6960
小跑	0.5310	0.6640
麻烦	0.1563	0.8530
麻烦制造者	0.2600	0.9000
剧团	0.6250	0.4060
长裤	0.6250	0.3140
鳟鱼	0.5160	0.3870
镘	0.4700	0.4180
休战	0.6880	0.4410
卡车	0.5310	0.3680
卡车司机	0.4940	0.6090
整车	0.4800	0.4500
忮	0.2100	0.7310
真爱	0.8600	0.6000
松露	0.6770	0.3230
王牌	0.6400	0.7160
喇叭手	0.6730	0.6000
截短	0.3230	0.6000
树干	0.2710	0.1670
桁架	0.5210	0.4820
受托人	0.5310	0.4420
信任的	0.5795	0.5085
真相	0.9710	0.4000
真实性	0.9200	0.5490
试用	0.4590	0.5390
选拔赛	0.4900	0.6020
海啸	0.0420	0.9440
大号	0.5420	0.4020
短粗的	0.4270	0.4230
管状的	0.4580	0.3610
小管	0.5000	0.3300
掖	0.3670	0.4730
塔克	0.4750	0.5580
星期二	0.4690	0.1840
簇绒	0.5000	0.5100
拖船	0.2955	0.5570
学费	0.5310	0.3720
郁金香	0.7300	0.1890
滚草	0.3120	0.4710
趴着	0.4270	0.3650
瘤	0.0970	0.6455
汹	0.2080	0.6220
金枪鱼	0.5310	0.3860
可调	0.5100	0.3640
调	0.7080	0.4790
中山装	0.5310	0.2480
调音	0.7190	0.3900
隧道	0.3120	0.4900
浊	0.1840	0.6070
涡轮	0.5515	0.6390
动乱	0.0620	0.9220
汹涌	0.3020	0.7920
粪	0.2400	0.5190
火鸡	0.6340	0.2450
姜黄	0.5420	0.3160
转身	0.6300	0.5380
车削	0.5100	0.6840
芜菁	0.5610	0.1830
结果发现	0.6410	0.6920
周转	0.4900	0.3920
收费公路	0.4590	0.4340
转盘	0.5310	0.4550
松节油	0.3200	0.5390
绿松石	0.7860	0.2260
炮塔	0.4940	0.5000
龟	0.2910	0.1020
高领毛衣	0.5830	0.3980
家教	0.6630	0.4020
蓬蓬裙	0.5830	0.2760
晚礼服	0.6125	0.3595
娘们	0.2920	0.4590
斜纹软呢	0.5100	0.4400
第十二	0.5210	0.2920
十二	0.4900	0.2980
第二十	0.4690	0.2970
二十	0.5200	0.2920
枝条	0.3780	0.2880
暮	0.6220	0.3410
斜纹	0.4490	0.4150
双胞胎	0.7240	0.4180
缠绕	0.5210	0.3800
剧痛	0.3160	0.7200
眨眼	0.7035	0.6405
捻	0.4635	0.5580
捻线机	0.3300	0.6800
二	0.5200	0.2000
两步	0.5830	0.3140
双重	0.5730	0.3330
两人一组	0.5830	0.5440
泰克	0.5000	0.3880
打字机	0.5420	0.3730
伤寒症	0.2650	0.4580
台风	0.3230	0.7960
典型	0.6350	0.2060
打字员	0.5510	0.5590
错字	0.2240	0.4150
活版印刷	0.4800	0.3340
强横	0.1670	0.8600
暴政	0.1120	0.7920
无处不在	0.5780	0.4900
丑陋	0.1305	0.5185
四弦琴	0.5130	0.3580
别有用心	0.3750	0.5090
最后通牒	0.2190	0.8550
超声	0.5730	0.5940
紫外线	0.6040	0.4480
脐带	0.3980	0.4060
本影	0.4080	0.4000
雨伞	0.5830	0.2460
许许多多	0.5100	0.4600
不减	0.5320	0.4200
不可接受	0.1330	0.4790
举目无亲	0.2920	0.3760
莫名其妙	0.1800	0.6000
下落不明	0.3655	0.5060
未确认	0.2400	0.2690
纯正	0.5700	0.4200
未受影响	0.5420	0.2650
不害怕	0.5000	0.5200
独立的	0.2410	0.4245
暗访	0.2400	0.5880
悬而未决	0.2760	0.3610
意外	0.3620	0.6485
赏识	0.1430	0.4310
未经批准	0.1840	0.4710
徒手	0.4270	0.4200
独力的	0.3020	0.3200
高不可攀	0.2200	0.6350
无人值守	0.2550	0.4000
没有吸引力	0.1770	0.3070
擅自	0.2600	0.4480
不可用	0.3230	0.2810
不免	0.3500	0.5800
不知道	0.2080	0.3550
不平衡	0.3020	0.5960
不堪忍受	0.1250	0.7980
不败	0.8435	0.7560
不雅观	0.1230	0.4710
不信	0.2650	0.5820
难以置信的	0.7710	0.7900
不偏不倚	0.6250	0.3780
腹中	0.3120	0.3000
未绑定	0.3540	0.4020
无界	0.6460	0.6000
牢不可破	0.6530	0.5730
恣意	0.4765	0.7390
绵绵	0.5500	0.2240
神秘的	0.4690	0.4610
不确定	0.1900	0.5247
不成问题	0.5520	0.3940
不可改变的	0.3750	0.4420
未知	0.2725	0.4280
无人认领	0.3160	0.3460
叔叔	0.6530	0.2550
不明	0.2345	0.4140
罕有	0.6260	0.4900
坚定的	0.3200	0.5310
无条件的	0.7600	0.4930
未经证实	0.2813	0.3710
悬空	0.1880	0.2650
无意识	0.2400	0.3560
神志不清	0.1770	0.4400
违宪	0.2300	0.5880
不受约束	0.6110	0.6450
无可争议	0.5780	0.5295
不可控	0.2650	0.7900
不受控制	0.1880	0.8910
非传统的	0.1770	0.5090
不服气	0.4090	0.4580
不能令人信服	0.1900	0.5320
生	0.3120	0.3210
不合作	0.2500	0.4220
不相关	0.3330	0.3270
揭露	0.7710	0.5520
不加批判	0.4800	0.3670
完整无缺	0.4480	0.4220
亡灵	0.3670	0.6350
未定	0.2860	0.4330
未定义	0.2600	0.4180
不可否认	0.5520	0.4730
软肋	0.4060	0.4230
暗流	0.3570	0.5820
弱旅	0.2500	0.4100
低估	0.4130	0.4640
经历	0.3980	0.5540
大学本科	0.5830	0.5000
人手不足	0.1680	0.4295
底衬	0.5210	0.3650
背后	0.3230	0.3780
底层	0.4800	0.4450
少缴	0.1460	0.4130
弱势	0.1825	0.4695
被低估	0.2080	0.5200
下划线	0.3750	0.2750
海底	0.5450	0.4900
副国务卿	0.4590	0.3770
矮小	0.3160	0.4250
可理解	0.7760	0.3630
轻描淡写	0.3470	0.4800
了解	0.7800	0.4410
替补	0.3780	0.4020
殡仪馆	0.3630	0.6960
暗潮	0.3270	0.6390
内衣	0.6100	0.5460
木头下	0.5100	0.4530
包销	0.4160	0.5200
承销商	0.5710	0.3270
不可取	0.1770	0.6440
不需要	0.1700	0.4540
检测不到	0.4380	0.5390
未被发现	0.3310	0.3255
未确定	0.2650	0.2560
未开发	0.3465	0.4850
不体面	0.1220	0.6270
无方向	0.3300	0.4170
未公开	0.4790	0.3610
不受干扰	0.7250	0.2870
一心一意	0.5100	0.3800
无疑的	0.5920	0.4610
脱衣服	0.4380	0.9000
脱了衣服	0.3750	0.7550
不劳而获	0.1770	0.3400
局促	0.1900	0.7980
没有受过教育	0.1770	0.3500
失业的	0.0940	0.4810
失业	0.0940	0.4000
无止境	0.3850	0.5190
不等	0.1180	0.4330
不道德的	0.1040	0.4330
不均匀的	0.1250	0.4570
平安	0.5100	0.3430
无法解释的	0.2600	0.4480
原因不明	0.2710	0.5310
经久不衰	0.6250	0.6350
陌生	0.2190	0.5580
不利	0.1330	0.4500
未完成	0.1880	0.3680
不适当	0.2500	0.3680
坚定不移	0.6670	0.6060
展开	0.6120	0.5100
取消关注	0.2810	0.3370
不可饶恕	0.2760	0.7430
不幸的	0.0730	0.4410
杞人忧天	0.2710	0.5200
不友好	0.1730	0.6700
未了	0.1840	0.4260
空屋	0.3160	0.3330
脱胶	0.3780	0.4460
恶人	0.2960	0.4230
忘恩负义	0.2190	0.4610
无人防守的	0.1560	0.5780
不快乐	0.1120	0.5000
安然无恙	0.7400	0.3780
不良	0.1185	0.5520
闻所未闻	0.3440	0.5390
无益	0.1040	0.3200
入无人之境	0.7290	0.4410
独角兽	0.7760	0.5100
未确认的	0.3850	0.3610
统一	0.7513	0.3573
穿制服	0.4690	0.5190
均匀性	0.7450	0.3530
均匀	0.6250	0.3330
不重要	0.2810	0.2400
不为所动	0.1980	0.3020
未改良	0.1630	0.3770
未感染	0.6880	0.3040
不知情	0.2080	0.4480
无人	0.2680	0.3355
不知所云	0.2080	0.4720
无意	0.3330	0.5380
无意中	0.4600	0.4900
无心恋战	0.3650	0.2400
枯燥	0.1530	0.2350
不速之	0.0900	0.3850
男女皆宜的	0.4920	0.4170
齐奏	0.5100	0.4390
单元	0.5620	0.2350
酉	0.5310	0.2390
联合的	0.7810	0.4310
普遍	0.8020	0.4170
普遍性	0.7960	0.4100
不公	0.1150	0.6250
无理	0.1150	0.5960
不合理	0.2015	0.6215
刻薄	0.1350	0.4090
无牌	0.3060	0.5740
不像	0.4390	0.4390
不会	0.2710	0.2930
非上市	0.3650	0.2650
卸下	0.6560	0.6390
开锁	0.5820	0.4420
不可收拾	0.1770	0.6660
无人盯防	0.4160	0.2940
拆穿	0.3230	0.6900
独一无二	0.7760	0.5360
明白的	0.6020	0.5710
十足	0.6490	0.4270
不动摇	0.1840	0.3550
不自然	0.1530	0.5870
被忽视	0.3020	0.4400
门牌	0.4060	0.2550
未观测到	0.3980	0.2550
通畅	0.5830	0.4400
没人住	0.2580	0.2450
非官方	0.2600	0.3020
未开封	0.5420	0.3400
不反对	0.6150	0.3750
无序	0.2240	0.4820
无组织的	0.2550	0.5785
非正统的	0.3400	0.4800
解压	0.5310	0.5280
未付	0.3000	0.4130
空前的	0.7080	0.3060
拔	0.2390	0.4410
不插电	0.3670	0.3750
不得人心	0.0730	0.4410
史无前例	0.5000	0.4910
不可预料的	0.4290	0.7690
措手不及	0.2040	0.4500
非生产性	0.1000	0.3240
不专业	0.0420	0.3700
无利可图	0.1630	0.3760
无保护	0.1500	0.5820
无缘无故	0.5650	0.3270
未公布	0.4060	0.4800
逍遥法外	0.2920	0.5940
不容置疑	0.5155	0.4795
毫无疑问	0.5000	0.6300
引文结束	0.3880	0.3630
绎	0.3780	0.5980
无法访问	0.2080	0.6790
未读	0.4580	0.2400
虚幻	0.1730	0.4310
未记录	0.2410	0.3510
未注册	0.2550	0.3370
不受管制	0.3440	0.4540
无关	0.3020	0.2700
靠不住	0.1025	0.4645
不起眼	0.2710	0.1550
死不悔改	0.2400	0.4450
不求回报	0.1430	0.4410
未解决	0.1350	0.4410
反应迟钝	0.1080	0.2820
无限制	0.6980	0.4580
不羁	0.2400	0.7450
不卫生	0.0630	0.5920
难吃的	0.0710	0.6370
毫发无损	0.6250	0.3080
不定期	0.3120	0.4360
不科学	0.3960	0.3170
拔螺丝	0.3330	0.4620
不择手段	0.0940	0.7270
拉下马	0.2290	0.5000
看不见	0.4270	0.3510
憧	0.2080	0.6470
难看	0.2260	0.5590
不请自来	0.0940	0.3390
未解	0.1460	0.3900
淳朴	0.3270	0.4910
不健全	0.1460	0.2220
势不可挡	0.6250	0.8870
不成功	0.1400	0.3180
无监督	0.4780	0.4810
不支持	0.2600	0.4500
卓绝	0.6940	0.5690
不可持续的	0.2550	0.6500
不加糖	0.3960	0.2630
绝情	0.1630	0.6200
骜	0.4290	0.7780
未经测试	0.3020	0.2960
不可思议的	0.3650	0.4800
襶	0.1060	0.6100
过早的	0.2450	0.6760
无标题	0.2130	0.2400
数不清	0.2400	0.3670
碰不得	0.4900	0.6020
未经训练的	0.1490	0.5290
忧	0.4220	0.4460
不确实	0.0310	0.5000
千方百计	0.3120	0.2550
没用过	0.3440	0.2310
难言	0.4060	0.5920
揭开	0.4390	0.4420
揭幕	0.5690	0.5700
没洗过	0.3650	0.4270
毫不动摇	0.7400	0.6300
不受欢迎	0.1150	0.4800
不甘	0.3020	0.3160
不愿意	0.2040	0.3110
失策	0.1410	0.6100
不知不觉	0.3120	0.5100
不值得	0.1940	0.4330
摅	0.6040	0.4910
不成文	0.3670	0.3840
不屈	0.3670	0.8060
拉开拉链	0.3780	0.5200
教养	0.6770	0.4900
上坡	0.3960	0.7230
室内装潢	0.5920	0.2700
抬起	0.6560	0.7790
上行	0.5440	0.5100
上载	0.6380	0.6830
上	0.7400	0.5290
勾拳	0.4100	0.6000
不知天高地厚	0.4650	0.5460
高档	0.6980	0.5260
烦乱	0.0710	0.6800
楼上	0.6630	0.4080
正直	0.8510	0.3900
暴发户	0.4490	0.5000
向上	0.7580	0.4600
铀	0.3750	0.5800
城市的	0.5610	0.5280
顽童	0.4170	0.5100
敦促	0.4180	0.6800
便池	0.2140	0.5100
尿液分析	0.3440	0.5320
排尿	0.3155	0.4705
尿	0.3750	0.3610
瓮	0.1940	0.5200
可用	0.8120	0.4550
用法	0.6460	0.3600
使用	0.4380	0.3580
用过的	0.3540	0.3060
有用	0.8330	0.4110
用处	0.8060	0.5190
用户	0.6290	0.3470
篡	0.1250	0.8180
篡夺	0.2920	0.7800
高利贷	0.3440	0.6790
子宫	0.4630	0.4025
功利	0.4270	0.3630
乌托邦	0.5420	0.3270
发声	0.5420	0.6400
空缺	0.6430	0.3110
空的	0.5780	0.2200
空出	0.3570	0.4900
疫苗接种	0.5300	0.5780
疫苗	0.5000	0.5200
空泡	0.4390	0.3700
液泡	0.4900	0.4060
空虚的	0.3540	0.2670
真空	0.3270	0.1960
阴道	0.5000	0.8175
徒劳的	0.3650	0.2830
帷幔	0.4240	0.2860
谷	0.6605	0.2910
告别演说者	0.5000	0.4900
情人节	0.8880	0.6150
代客	0.6350	0.4060
有价值	0.8990	0.5470
贵重物品	0.7900	0.6250
计价	0.6150	0.4800
值	0.8750	0.5820
阀	0.3230	0.3630
鞋面	0.3100	0.7940
吸血鬼	0.2710	0.8020
轹	0.1350	0.7920
人为破坏	0.0830	0.9040
叶片	0.5610	0.2800
香草	0.7060	0.2160
虚荣	0.2600	0.5400
华帝	0.7400	0.6320
汽	0.5100	0.3580
变量	0.6200	0.4070
方差	0.5400	0.4050
变化	0.4895	0.4605
静脉曲张	0.2350	0.4620
各个	0.5000	0.2960
无赖	0.4170	0.5000
队打	0.7100	0.5940
血管	0.5160	0.4510
花瓶	0.6380	0.2250
输精管结扎术	0.2080	0.6630
附庸	0.4170	0.5250
广大	0.5200	0.5350
增值税	0.3330	0.4910
拱形圆顶	0.5100	0.3230
小牛肉	0.4380	0.3370
向量	0.5380	0.3080
德维尔	0.4690	0.4300
维加	0.5100	0.3330
素食主义者	0.5460	0.2355
蔬菜	0.5510	0.1200
素	0.5620	0.2550
素食主义	0.5100	0.2690
植被	0.7400	0.1770
车辆	0.6410	0.5650
面纱	0.5000	0.2350
含蓄	0.3700	0.3170
脉	0.4870	0.4590
涡卷形	0.5000	0.3490
丝绒	0.6665	0.2590
天鹅绒般的	0.6770	0.3430
腔	0.5000	0.3150
仇杀	0.1980	0.7840
自动售货机	0.4170	0.5650
单板	0.4900	0.2650
性病	0.3020	0.6540
威尼斯	0.6330	0.3730
鹿肉	0.5100	0.4220
毒液	0.1250	0.7700
发泄	0.4270	0.5705
换气扇	0.4710	0.3530
心室	0.4800	0.4680
口技	0.5520	0.6000
会场	0.7270	0.3160
动词	0.5820	0.3120
口头	0.5200	0.2910
逐字	0.5620	0.2550
罗嗦	0.4290	0.5600
赘言	0.3000	0.4910
葱茏	0.6000	0.2600
判决书	0.3250	0.6890
校验	0.7610	0.4810
忠实地	0.7130	0.3510
名副其实	0.7940	0.3300
害虫	0.1670	0.7120
白话	0.4790	0.4530
青春的	0.6900	0.4410
维罗尼卡	0.5940	0.3990
多才多艺	0.9060	0.6250
多功能性	0.8780	0.5850
与	0.3100	0.5000
椎骨	0.4270	0.3300
脊椎	0.3080	0.4340
眩晕	0.2920	0.6550
气魄	0.7240	0.8400
囊	0.3590	0.5090
水泡	0.2140	0.4400
船只	0.4900	0.3980
背心	0.6670	0.3800
既得利益	0.6630	0.4150
兽医	0.5897	0.4227
老将	0.5600	0.4310
高架桥	0.4200	0.4400
小瓶	0.5940	0.3460
盛传	0.7100	0.4800
气氛	0.6350	0.6880
充满活力	0.7710	0.8240
振动	0.5625	0.6735
振子	0.4790	0.7980
督抚	0.5410	0.4810
附近	0.7000	0.3530
受害	0.1150	0.6440
胜利者	0.8020	0.5870
维多利亚	0.8960	0.8110
获胜	0.8840	0.8860
视频	0.6460	0.5770
电子游戏	0.7070	0.7650
录影带	0.6650	0.3430
视图	0.8960	0.2920
观看	0.6900	0.3940
观点	0.6730	0.3060
守夜	0.5210	0.4800
警惕	0.4895	0.4930
小插图	0.7170	0.2830
活力	0.8915	0.6600
蓬勃	0.8570	0.7700
别墅	0.6980	0.2900
村	0.6840	0.3670
村民	0.7100	0.3870
油醋汁	0.4900	0.2860
表白	0.5935	0.6140
平反	0.6150	0.4800
斗气	0.0920	0.8300
藤蔓	0.5310	0.2920
尖酸刻薄	0.2760	0.3700
葡萄园	0.8060	0.3820
酿酒	0.6800	0.3900
乙烯基	0.4900	0.2410
中提琴	0.5210	0.4610
暴力	0.0865	0.9255
猛烈	0.1200	0.9700
毒蛇	0.1730	0.8460
病毒	0.2585	0.6760
处女	0.6475	0.5050
童贞	0.6910	0.6760
性能力	0.6840	0.6700
病毒学	0.4180	0.5690
美德	0.8960	0.4430
演奏家	0.9290	0.5910
贤	0.8900	0.5300
毒力	0.0940	0.5330
签证	0.7350	0.3670
粘性	0.4170	0.5210
能见度	0.7500	0.4440
可见	0.7500	0.3420
明显地	0.7240	0.3730
空想家	0.8230	0.5650
探视	0.7290	0.3460
帽舌	0.3960	0.4900
远景	0.6980	0.3900
视觉	0.8130	0.4620
维他命	0.8270	0.3300
欢呼声	0.8400	0.5670
生动	0.6980	0.6270
词汇	0.5300	0.2470
声音的	0.5830	0.3520
伏特加	0.5100	0.6320
语音邮件	0.4580	0.4530
挥发物	0.3230	0.7860
挥发性	0.2810	0.7550
火山	0.2920	0.8770
意志	0.6515	0.6815
齐射	0.5290	0.4600
排球	0.6400	0.7000
电压	0.3820	0.8550
电压表	0.5990	0.5960
长篇	0.5610	0.4500
自行	0.8470	0.4600
自主性	0.7710	0.4600
志愿者	0.8540	0.4350
志愿服务	0.8440	0.6140
巫毒教	0.1880	0.6000
投票	0.5820	0.5000
表决	0.6150	0.6020
许愿	0.4790	0.4600
担保	0.6250	0.4170
凭证	0.6220	0.4160
元音	0.4900	0.2830
航程	0.8160	0.7140
偷窥	0.4790	0.6150
俗气	0.1040	0.8700
秃鹫	0.3160	0.6040
瓦德尔	0.4900	0.4530
晶圆	0.6770	0.3600
胡扯	0.7080	0.3940
车皮	0.4900	0.4610
哀号	0.4180	0.7240
腰部	0.5420	0.4480
马甲	0.5420	0.3200
腰围	0.5600	0.4170
等候	0.2390	0.3390
步行	0.6755	0.4460
助步车	0.5510	0.4910
走出去	0.2920	0.8530
壁	0.4170	0.2500
冲击力	0.3200	0.7900
泥坑	0.2860	0.8780
墙纸	0.6730	0.1730
核桃	0.6880	0.3020
海象	0.5210	0.3270
华尔兹舞	0.7690	0.4100
棍棒	0.5420	0.3220
飘零	0.3230	0.4710
没落	0.1880	0.4020
崇拜者	0.6020	0.5470
想	0.6710	0.6420
战争	0.0220	0.8920
莺	0.4800	0.3490
病房	0.4690	0.2550
看守	0.6150	0.6270
衣柜	0.6120	0.5100
战	0.0620	0.8850
弹头	0.2190	0.7560
好战	0.3670	0.8470
术士	0.3120	0.5580
军阀	0.1670	0.7960
暖	0.7600	0.3120
变暖	0.5940	0.6085
坚持强硬立场	0.2800	0.6760
认股权证	0.5620	0.4310
养兔场	0.4170	0.5700
战士	0.4580	0.8630
军舰	0.2920	0.8900
疣	0.0820	0.3140
战时	0.1000	0.9120
洗涤	0.6430	0.3960
黄蜂	0.3900	0.6200
浪费	0.1132	0.5537
废纸篓	0.2710	0.2300
看家狗	0.5310	0.8110
守望者	0.5620	0.4010
注意的	0.3860	0.4900
岗楼	0.5000	0.4150
水球	0.6880	0.6700
水床	0.7240	0.3810
河道	0.6770	0.3570
浇水	0.6150	0.2900
瀑布	0.6520	0.4600
滨水	0.7160	0.2740
喷壶	0.6020	0.2980
西瓜	0.7140	0.2300
防水	0.7790	0.4230
自来水厂	0.5100	0.4900
含水	0.3670	0.4610
波	0.6220	0.4910
波长	0.6040	0.4420
摇摆不定	0.2915	0.5945
波浪	0.6430	0.4700
波浪状的	0.5200	0.2840
蜡	0.4360	0.2450
上蜡	0.5310	0.3880
糯	0.4080	0.2450
办法	0.4800	0.2750
弱	0.2250	0.2480
减弱	0.3730	0.3040
弱点	0.0880	0.3700
穿	0.3120	0.3700
佩戴者	0.4710	0.3470
穿着	0.6460	0.5200
黄鼠狼	0.4080	0.3170
天气	0.7550	0.4040
天气预报	0.6600	0.4130
风雨	0.5410	0.3450
卷筒纸	0.5830	0.4110
网站	0.6150	0.4420
星期三	0.6040	0.5490
楔	0.4900	0.2900
交杯酒	0.7470	0.6540
凌晨	0.6630	0.4520
野草	0.4590	0.2940
除草	0.4580	0.5280
杂草	0.3200	0.5510
薉	0.2930	0.3660
平日	0.4900	0.4690
周末	0.8440	0.6250
每周	0.6220	0.2880
威尼	0.4060	0.4510
哭泣	0.0530	0.6210
泣	0.0820	0.6880
垂柳	0.3440	0.4410
眼泪汪汪	0.0680	0.6150
称重	0.3910	0.4185
重量	0.4500	0.3800
失重	0.4600	0.4260
权重	0.4580	0.5000
堰	0.3750	0.3850
怪事	0.3160	0.4910
焊机	0.4480	0.6790
井口	0.4690	0.4600
威尔士语	0.4900	0.3850
丫头	0.4690	0.5190
狼人	0.2350	0.8110
西	0.5675	0.4185
西行	0.6460	0.3630
回潮	0.2710	0.4020
重打	0.3440	0.6530
鲸	0.5820	0.3980
捕鲸	0.2810	0.7170
祸不单行	0.4610	0.4910
如果	0.5230	0.5280
诸如此类	0.3750	0.4930
任何	0.4000	0.3140
小麦	0.5310	0.1850
轮	0.6150	0.3100
轮椅	0.2400	0.3370
车轮	0.6670	0.4710
哮	0.2290	0.4620
仔	0.3440	0.4580
下落	0.4390	0.3820
因此	0.5610	0.3570
何法	0.4910	0.4200
途穷	0.3880	0.3660
喷气	0.4590	0.4000
怪念头	0.5535	0.6595
呜咽	0.2710	0.5450
怪诞的	0.4490	0.6370
爱发牢骚	0.2080	0.5480
鞭子	0.2080	0.8990
挥鞭	0.2570	0.7600
旋风	0.4170	0.9150
拂	0.5000	0.5370
晶须	0.4800	0.2920
威士忌酒	0.6260	0.6605
耳语	0.4900	0.2250
低声道	0.5480	0.3580
哨	0.6530	0.5510
白衣	0.5620	0.3930
白色	0.7290	0.1730
白鱼	0.4920	0.3270
白度	0.6880	0.2350
撇清	0.4290	0.4020
发白的	0.5830	0.2790
劘	0.3470	0.4510
呼啸	0.8960	0.6270
批发	0.7600	0.5510
喔	0.5310	0.5780
叫喊	0.3995	0.6395
弥天大谎	0.4480	0.5980
高达	0.5410	0.7400
灯芯	0.3370	0.4810
柳条	0.4270	0.3390
便门	0.5000	0.5000
宽	0.5710	0.3120
寡妇	0.2500	0.4500
寡	0.2050	0.4390
鳏夫	0.1840	0.4060
挥	0.3470	0.6600
维纳	0.5940	0.4340
妻子	0.8860	0.6300
怀特	0.5420	0.4040
维基	0.5300	0.3900
野生	0.3120	0.9220
野猫	0.4580	0.6320
角马	0.4380	0.4800
荒野	0.2810	0.3330
磷火	0.1400	0.9290
野生动物	0.6560	0.5300
将	0.5955	0.4100
威利斯	0.4800	0.4900
愿意	0.8095	0.5305
甘心	0.8330	0.3160
柳	0.6040	0.2450
枯萎	0.2070	0.3830
诡计多端的	0.4590	0.6700
窝囊废	0.1840	0.4900
懦弱	0.1880	0.2920
赢得	0.9270	0.6940
绞盘	0.3850	0.4340
风	0.5310	0.4040
空谈者	0.4380	0.5100
洋财	0.7500	0.8640
风车	0.7730	0.4120
窗口	0.5420	0.2760
挡风玻璃	0.6150	0.3750
有风	0.3300	0.5410
红酒	0.7920	0.4170
酒柜	0.7290	0.4040
翅膀	0.5620	0.2550
翅	0.6460	0.4690
边锋	0.5310	0.7940
僚机	0.5730	0.5780
优胜者	0.9600	0.8100
冬季	0.7115	0.4355
冬日	0.3880	0.5120
寒冬	0.4480	0.4340
擦拭	0.6630	0.4270
雨刮器	0.5000	0.3800
有线	0.3980	0.4200
无线	0.6350	0.4440
接线	0.4900	0.3670
智慧	0.9300	0.3020
叉臂	0.4940	0.5310
如意	0.8850	0.7120
祝我好运	0.7290	0.5820
怅惘	0.3230	0.4510
风趣	0.8440	0.4840
巫婆	0.2920	0.7100
清秀	0.3450	0.2640
收回	0.2600	0.4250
取款	0.4270	0.4040
干枯	0.1880	0.2920
萎凋	0.2710	0.6500
扣压	0.3200	0.4510
预提	0.1650	0.4900
经受	0.3700	0.5480
糊涂的	0.1980	0.3330
斗智斗勇	0.7600	0.5960
机智	0.8570	0.7070
摇晃	0.3750	0.6200
荣辱与共	0.3400	0.6060
悲伤的	0.1350	0.5550
炒锅	0.5830	0.3750
狼	0.4480	0.7120
狼獾	0.4700	0.6730
女大十八变	0.8120	0.6560
姝姝	0.9090	0.6150
精彩	0.9710	0.7760
木	0.4970	0.1890
木刻	0.6330	0.3540
木棚	0.5510	0.3730
木制品	0.4900	0.4810
木本	0.4690	0.2600
纬	0.3540	0.5090
哇噢	0.6580	0.6700
求婚	0.7400	0.7300
长毛	0.5310	0.3980
活泉	0.6020	0.4900
痛击	0.4170	0.4520
字	0.5520	0.2550
话	0.7100	0.2160
罗唆	0.6430	0.4780
工作狂	0.3440	0.6570
工作簿	0.6730	0.3430
工人	0.7240	0.6080
加工	0.7400	0.5850
运作	0.7040	0.5600
工作量	0.2310	0.7920
做工	0.6940	0.4410
职场	0.5920	0.4310
作品	0.7760	0.4340
作坊	0.5310	0.4260
后处理	0.5820	0.7130
世界	0.6220	0.3940
全世界	0.7900	0.4620
虫	0.1300	0.4180
虫洞	0.3370	0.3800
蒿	0.4580	0.4060
磨损的	0.3500	0.4820
令人担忧	0.0470	0.7500
更差	0.0620	0.7040
价值	0.8720	0.5100
合算	0.9080	0.3850
伤口	0.1260	0.7260
负伤	0.1150	0.7700
年代久远	0.2440	0.6070
牧马者	0.4170	0.5740
扯皮	0.1460	0.8650
包装纸	0.6250	0.3580
包皮	0.4600	0.3680
愤怒的	0.1020	0.7300
花圈	0.7450	0.4400
残骸	0.0820	0.3530
失事	0.0780	0.6180
清障车	0.2290	0.7160
扳手	0.3960	0.2020
夺取	0.4270	0.7500
搏斗	0.3880	0.8900
摔跤手	0.5200	0.8630
摔角	0.4490	0.8680
不幸的人	0.0400	0.6670
蠢动	0.4690	0.6270
赖特	0.5400	0.5280
绞汁	0.3650	0.5190
手表	0.7710	0.3380
令状	0.5620	0.2200
写	0.6120	0.3870
作家	0.8060	0.3300
写作	0.6940	0.4750
书面	0.6000	0.2310
坏事	0.1120	0.7450
错	0.0540	0.5500
锻	0.3220	0.5590
扭歪	0.2190	0.5480
阿普唑仑	0.4270	0.4020
排外主义	0.1560	0.7710
复印	0.3850	0.3490
圣诞节	0.9060	0.7170
游艇	0.7235	0.6525
雅虎	0.6430	0.5830
牦	0.4690	0.4220
芋头	0.5000	0.2060
猛拉	0.2710	0.6300
偏航	0.5860	0.5920
打哈欠	0.3540	0.1680
好极了	0.6940	0.5750
是啊	0.7510	0.4120
年	0.5420	0.2840
年鉴	0.5620	0.2310
一岁	0.5100	0.3480
每年	0.5920	0.2950
向往	0.5920	0.4910
怀念	0.7090	0.5100
年份	0.6530	0.3300
酵母	0.5000	0.3500
黄狗	0.4360	0.5000
大呼小叫	0.3230	0.9390
黄色	0.6710	0.2750
黄	0.5700	0.3060
日元	0.5100	0.4350
自耕农	0.5300	0.4590
昨天	0.5000	0.2860
去年	0.4690	0.2590
红豆杉	0.3120	0.2070
约德尔	0.5100	0.4540
瑜伽	0.7500	0.1150
修道者	0.6530	0.3470
酸奶	0.6600	0.2690
轭	0.2810	0.6200
蛋黄	0.4900	0.3060
那边	0.6150	0.3300
年轻	0.8120	0.5200
更年轻	0.7810	0.4570
你好烂	0.2250	0.6140
青年	0.9380	0.6080
圣诞季节	0.4380	0.4300
好吃	0.8780	0.5500
雅皮士	0.6770	0.6100
狂热者	0.4800	0.7930
禅	0.4920	0.2100
和风	0.4790	0.4080
泽塔	0.3850	0.2900
小人物	0.4090	0.4510
锌	0.3570	0.3140
拉链	0.3900	0.3150
比比	0.5610	0.5230
生肖	0.5940	0.4290
僵尸	0.2140	0.6480
区划	0.4170	0.4000
动物学	0.6175	0.4025
夏南瓜	0.5100	0.3210
嚇了一跳	0.3850	0.4070
算盤	0.5100	0.2760
鮑魚	0.5000	0.4800
放棄	0.3185	0.5428
棄	0.0460	0.4810
殺	0.1080	0.8590
減排	0.3880	0.3380
簡略	0.5310	0.3750
縮寫	0.4690	0.3060
綁架	0.0580	0.9290
異常	0.3647	0.5983
暫時保留	0.3300	0.5100
深惡痛絕	0.1670	0.6840
可惡	0.1638	0.7520
熾盛	0.3230	0.7460
能夠	0.7240	0.4300
廢除	0.3097	0.5083
鄙棄	0.1980	0.7880
厭惡	0.1228	0.6928
流產	0.0620	0.7755
盛產	0.7040	0.4900
胡言亂語	0.4223	0.6387
磨損	0.3050	0.5142
並肩	0.5465	0.3565
國外	0.6250	0.6385
膿腫	0.1540	0.4510
曠工	0.4040	0.2730
絕對	0.5650	0.3800
開脫	0.6380	0.4745
棄權	0.2710	0.2640
節制	0.3550	0.3940
荒誕	0.1880	0.6560
荒謬	0.1470	0.6497
豐富	0.7841	0.6529
濫用	0.0583	0.7690
濫用的	0.1250	0.9030
鄰接	0.5070	0.3293
深淵	0.3530	0.7250
學術的	0.7810	0.4200
學院	0.6730	0.4507
促進劑	0.6430	0.8440
促進	0.7411	0.6691
驗收	0.8330	0.2870
承兌匯票	0.8470	0.4130
訪問	0.6967	0.5312
無障礙	0.7960	0.4100
歡呼	0.7852	0.7605
榮譽	0.8363	0.5883
容納	0.8440	0.3750
隨同	0.7870	0.4600
手風琴	0.6040	0.4900
帳戶	0.5310	0.3470
問責	0.7320	0.4095
會計	0.5523	0.4010
賬戶	0.5920	0.3400
認可	0.7720	0.4685
積	0.4480	0.5190
累積	0.5200	0.4810
積累	0.4640	0.5407
準確性	0.6695	0.6025
準確	0.7430	0.3600
詛咒	0.1344	0.6976
賓格	0.1980	0.7550
指責	0.1560	0.7450
慣常的	0.5345	0.2865
實現	0.7558	0.5090
確認	0.7810	0.4576
承認	0.6744	0.5051
頂點	0.4353	0.4440
聲	0.5420	0.4620
聲學	0.6110	0.3300
認識	0.6803	0.3833
默認	0.5005	0.4115
獲得	0.7770	0.4764
收購	0.7540	0.5850
開釋	0.6715	0.5340
英畝	0.5830	0.3870
面積	0.7410	0.4500
畝	0.5100	0.3630
雜技演員	0.7080	0.8280
丙烯酸樹脂	0.5820	0.2790
演戲	0.6980	0.6430
行動	0.7600	0.8980
行動圖	0.6150	0.7740
訴	0.6730	0.7020
啟用	0.7080	0.5307
活動家	0.5615	0.6755
活動	0.4350	0.4373
演員	0.6090	0.5490
實際	0.7145	0.4600
現實	0.6580	0.4227
精算師	0.5100	0.4040
敏銳	0.6460	0.5485
頭腦	0.6100	0.5270
針刺	0.5310	0.3240
廣告	0.6000	0.5663
諺語	0.6047	0.3683
堅決	0.6097	0.4973
適應	0.7015	0.3600
適應性強	0.7350	0.4230
附錄	0.3785	0.3785
癮君子	0.2793	0.6003
上癮	0.2290	0.6975
癮	0.3450	0.7805
額外	0.6645	0.5065
添加劑	0.5610	0.6330
附著	0.6965	0.3230
追隨者	0.5610	0.3850
粘著	0.5210	0.4450
膠粘劑	0.6040	0.3500
再見	0.3518	0.4210
鄰	0.6450	0.2760
形容詞	0.5700	0.3160
休會	0.4115	0.4830
裁決	0.3640	0.5140
調整	0.5448	0.4818
輔助	0.5100	0.5000
管理員	0.5380	0.4800
令人欽佩	0.9290	0.6000
上將	0.8440	0.4900
金鐘	0.5940	0.5470
欽佩	0.9690	0.5830
欣賞	0.8730	0.5640
愛慕者	0.7960	0.7200
入場	0.8020	0.4150
忙亂	0.5200	0.4230
土磚	0.5000	0.3190
採用	0.6525	0.5320
養	0.5310	0.4690
可愛的	0.9690	0.5190
裝飾	0.7861	0.3974
腎上腺素	0.8150	0.9425
摻假	0.1880	0.8650
姦夫	0.2290	0.8140
通姦	0.2580	0.9275
高級	0.8440	0.6230
進步	0.7655	0.6280
前進	0.8760	0.5360
優點	0.9170	0.5480
來臨	0.6650	0.5600
冒險	0.6835	0.8287
冒險家	0.7810	0.8390
愛冒險的	0.9690	0.8980
對手	0.2387	0.6845
勸告	0.5690	0.5265
建議	0.7385	0.3885
顧問	0.7714	0.3496
諮詢	0.6560	0.4290
擁護	0.6313	0.5223
主張	0.5890	0.6400
庇護	0.5970	0.3340
通風	0.5480	0.4463
天線	0.5680	0.3940
有氧運動	0.7080	0.7710
機場	0.5710	0.6950
空氣動力學的	0.5610	0.7240
空氣動力學	0.5900	0.6630
航空學	0.5510	0.6330
飛機	0.6865	0.6485
審美	0.7080	0.4420
美學	0.8470	0.3270
遠	0.3960	0.3730
和藹可親的	0.7040	0.3800
事務	0.5200	0.4590
影響	0.5000	0.5810
親熱	0.9490	0.4220
宣誓書	0.4690	0.5840
附屬	0.6730	0.5190
聯繫	0.6670	0.5090
親和力	0.8000	0.5000
詞綴	0.4380	0.3350
給予	0.5560	0.4875
實惠	0.8400	0.3980
遠處	0.4795	0.3630
著火	0.3670	0.9040
浮著	0.6020	0.4270
來世	0.5710	0.5670
後果	0.2760	0.5850
事後	0.3417	0.4363
純愛	0.6120	0.5290
瑪瑙	0.5400	0.3770
年齡	0.5610	0.2260
機構	0.5200	0.3035
議程	0.5310	0.2960
加劇	0.2735	0.7730
惱人的	0.1695	0.8235
積極	0.6095	0.7855
駭然	0.1330	0.8650
激盪	0.3000	0.7960
激動	0.6700	0.7830
攪動	0.2780	0.7110
發紅的	0.7800	0.5100
折騰	0.2505	0.7625
廣場恐怖症	0.1270	0.7120
合適的	0.9060	0.5000
協議	0.4600	0.4613
農業的	0.6860	0.3210
農業	0.6100	0.3855
擱淺	0.3125	0.3995
幫助	0.6495	0.5260
目標	0.6657	0.4970
漫無目的	0.1500	0.2670
空氣	0.7080	0.1630
安全氣囊	0.5100	0.4020
航空母艦	0.4900	0.7400
空降場	0.2710	0.4810
空運	0.5730	0.6220
客機	0.6670	0.7770
氣閘	0.3980	0.5200
空軍	0.5870	0.7160
飛機場	0.7290	0.6840
擺架子	0.5830	0.1960
飛艇	0.5613	0.4773
簡易機場	0.5500	0.6900
密閉	0.4790	0.3810
空中航線	0.6380	0.5850
類似的	0.6390	0.3430
報警	0.2410	0.8820
鬧鐘	0.5420	0.7270
驚慌	0.1880	0.8220
驚人	0.6288	0.7860
專輯	0.6350	0.3490
煉金術	0.5410	0.5830
壁龕	0.4745	0.3765
市議員	0.5500	0.4590
警報	0.4080	0.8120
警覺	0.4325	0.7450
代數	0.4855	0.3760
別號	0.5410	0.3530
託辭	0.3960	0.5280
外僑	0.4100	0.6150
離間	0.2470	0.5000
疏遠	0.2830	0.4025
異化	0.3780	0.5300
對齊	0.6195	0.3195
對準	0.6430	0.4120
一樣	0.6390	0.2185
贍養費	0.6120	0.4770
強鹼	0.4900	0.3500
生物鹼	0.4330	0.5620
緩和	0.6756	0.2960
斷言	0.6360	0.5304
所謂的	0.3650	0.5220
忠誠	0.8667	0.3960
過敏的	0.2187	0.6150
過敏	0.2960	0.6060
聯盟	0.6718	0.4346
聯盟的	0.7140	0.2450
鱷魚	0.3608	0.5960
允許	0.7212	0.4152
津貼	0.6730	0.3820
引誘	0.4765	0.5225
誘人	0.6810	0.7665
沖積	0.3230	0.4900
歷書	0.6640	0.2850
在高處	0.7710	0.3730
阿羅哈	0.6980	0.4400
單獨	0.3330	0.1670
高聲	0.4995	0.7340
壇	0.7240	0.3870
祭壇男孩	0.4340	0.2060
改變	0.3863	0.6760
爭吵	0.2233	0.7842
備用	0.5657	0.4237
鋁	0.4490	0.2800
合併	0.5611	0.4901
阿瑪麗托	0.5430	0.5510
攢	0.5520	0.4650
業餘	0.4690	0.5000
驚奇	0.7017	0.7323
吃驚	0.5440	0.7760
驚愕	0.6315	0.7193
令人驚訝	0.9180	0.7650
環境	0.6252	0.3652
周圍	0.5723	0.3567
歧義	0.1640	0.4600
曖昧	0.2960	0.4720
範圍	0.5650	0.4295
救護車	0.5000	0.7500
伏擊	0.2810	0.8300
阿門	0.7810	0.1820
適合	0.5998	0.3762
修訂	0.5310	0.4590
賠償	0.4255	0.5723
禮儀	0.6615	0.3327
可親	0.8470	0.2900
際	0.5100	0.3400
煙雨	0.4800	0.3300
彈藥	0.3305	0.7000
戀愛的	0.8440	0.6700
折舊	0.3675	0.5310
符號	0.5860	0.4053
兩棲動物	0.4270	0.3570
水陸兩用	0.4790	0.3460
圓形劇場	0.6530	0.4800
切斷術	0.1980	0.6765
瘋狂地	0.3850	0.6020
護身符	0.7810	0.2600
遊玩	0.8120	0.6840
樂	0.9420	0.8470
娛樂	0.7840	0.6868
麻藥	0.3995	0.2660
字謎	0.5520	0.3270
肛門	0.3400	0.7210
鎮痛藥	0.4170	0.3210
類似	0.5717	0.2895
類似物	0.5700	0.3200
分析儀	0.6250	0.5560
無政府主義	0.1250	0.8040
無政府主義者	0.2040	0.7000
無政府狀態	0.1460	0.7550
解剖學	0.5620	0.3900
錨	0.5200	0.2840
錨地	0.5000	0.3250
輔助的	0.4490	0.4420
軼事	0.5830	0.5290
貧血	0.1880	0.3270
貧血的	0.1670	0.2790
麻醉師	0.4190	0.2240
動脈瘤	0.1150	0.6900
憤怒	0.1912	0.7580
心絞痛	0.2300	0.6300
釣魚	0.6510	0.3455
焦慮	0.1827	0.8557
苦澀	0.1235	0.6100
無水	0.4560	0.3650
動物	0.5210	0.5100
活躍	0.8270	0.7453
動畫	0.8555	0.7130
敵意	0.2420	0.7350
腳鐲	0.4100	0.2760
殲滅	0.0780	0.8590
全軍覆沒	0.0800	0.7600
週年	0.8800	0.7700
註釋	0.5250	0.4705
註解	0.6040	0.4700
播音員	0.6020	0.5700
攪擾	0.0940	0.7650
煩惱	0.1903	0.6600
懊惱	0.1067	0.7440
惹惱	0.1460	0.7780
廢止	0.2560	0.5302
環形的	0.3100	0.3850
環	0.5675	0.4035
異常的	0.2810	0.4800
不規則	0.2240	0.5745
厭食症	0.1600	0.6180
螞蟻	0.4480	0.2160
對抗	0.1840	0.7290
對抗性的	0.2960	0.6040
聖歌	0.7575	0.3175
選集	0.3380	0.4060
人類學	0.4285	0.3785
人類學家	0.5510	0.3850
敵基督	0.0820	0.8370
預料	0.6025	0.4605
預期	0.7017	0.4837
預料的	0.6530	0.5510
滑稽動作	0.4480	0.7400
解藥	0.5410	0.4900
銻	0.3780	0.3980
陳舊的	0.4200	0.3920
防腐劑	0.4845	0.3995
反社會的	0.1460	0.6860
對立	0.3385	0.4650
對立的	0.2710	0.5090
任何時候	0.6250	0.4610
大動脈	0.4480	0.5100
主動脈	0.4360	0.5400
暮氣	0.1840	0.2120
頂尖	0.5700	0.4330
春藥	0.7500	0.8460
一塊	0.4390	0.2590
沉著	0.5000	0.5090
啟示	0.6238	0.6428
辯護士	0.4060	0.4290
變節者	0.3420	0.5000
撇號	0.4690	0.3680
藥劑師	0.4643	0.4237
懾	0.1940	0.7920
駭人聽聞的	0.1600	0.8270
儀器	0.4685	0.4450
服飾	0.5464	0.4178
明顯的	0.4507	0.4677
顯然地	0.5310	0.4100
上訴	0.6630	0.5980
出現	0.6890	0.5430
安撫	0.7225	0.2805
上訴人	0.3270	0.5880
闌尾切除術	0.1770	0.6700
闌尾炎	0.0310	0.6400
食慾	0.7040	0.6370
開胃菜	0.7550	0.5600
開胃的	0.8060	0.6570
掌聲	0.9530	0.8570
蘋果	0.8110	0.3000
蘋果汁	0.7650	0.2040
蘋果白蘭地	0.6040	0.4310
蘋果醬	0.7500	0.1670
家電	0.5940	0.3940
適用性	0.6770	0.4900
適用	0.4690	0.4300
申請人	0.6120	0.5580
應用	0.6290	0.3830
約定	0.6880	0.5940
約會	0.7450	0.6770
分攤	0.6145	0.4855
評價	0.5470	0.5785
讚賞	0.8375	0.4670
欣賞的	0.8570	0.3800
顧慮	0.3850	0.7200
憂慮	0.4060	0.5920
學徒	0.7135	0.4475
途徑	0.6120	0.3920
讚許	0.8515	0.5145
適當	0.8125	0.3330
撥款	0.5100	0.6320
贊同	0.7135	0.5300
滿意的	0.9220	0.5860
約	0.6220	0.3960
附屬物	0.5730	0.4120
圍裙	0.5820	0.2080
易於	0.4985	0.4260
能力傾向	0.7500	0.4710
藍晶	0.7290	0.3060
水族館	0.6630	0.3270
隨意	0.2810	0.7020
喬木	0.5830	0.4900
考古學的	0.7400	0.4410
考古學家	0.5520	0.4510
考古學	0.5960	0.3580
教區	0.5320	0.3115
群島	0.7450	0.3700
建築師	0.7760	0.4420
建築的	0.7290	0.3900
建築	0.8200	0.3900
檔案	0.4380	0.2940
北極	0.6150	0.3520
熱心	0.4640	0.7743
熱情	0.7226	0.7214
艱鉅	0.4690	0.7155
區	0.4863	0.3273
競技場	0.5100	0.2350
乳暈	0.4170	0.3960
爭論	0.2010	0.8190
論據	0.5100	0.4640
論證	0.6070	0.5100
爭論的	0.3605	0.6945
參數	0.5410	0.6020
乾旱	0.2280	0.3430
貴族	0.6975	0.3987
貴族的	0.4490	0.5190
算術	0.4530	0.4600
艦隊	0.4775	0.5850
軍備	0.1920	0.8390
銜鐵	0.5100	0.5580
武裝	0.1880	0.7500
裝甲	0.4690	0.5090
軍械庫	0.4480	0.6630
腋窩	0.2830	0.4390
軍隊	0.4510	0.7210
香氣	0.8230	0.2350
芳香療法	0.8470	0.2200
覺醒	0.7910	0.9430
提審	0.4060	0.8370
到達	0.7575	0.4580
箭頭	0.4390	0.3900
兵工廠	0.3650	0.7410
縱火	0.1330	0.9040
縱火犯	0.3480	0.8400
藝術	0.8120	0.3600
動脈	0.3960	0.5450
關節炎	0.1100	0.5180
節肢動物	0.3440	0.4640
朝鮮薊	0.5830	0.2180
說出	0.6040	0.4420
關節	0.3750	0.4705
砲兵	0.3500	0.9120
藝術家	0.7990	0.5545
藝術的	0.8020	0.6460
藝術性	0.8230	0.3460
藝術品	0.8960	0.3680
附庸風雅	0.4900	0.4220
盡快	0.5710	0.5000
優勢	0.6260	0.6737
確定	0.6140	0.4693
灰燼	0.3270	0.2790
煙灰缸	0.4060	0.3820
問	0.5310	0.4400
睡著	0.6040	0.1000
蘆筍	0.4690	0.3170
白楊	0.4790	0.2800
瀝青	0.4583	0.3100
心願	0.7040	0.7240
攻擊	0.3320	0.7290
攻擊者	0.1845	0.9150
暗殺	0.0670	0.9550
突擊	0.1670	0.8480
化驗	0.6330	0.5590
裝配	0.4290	0.4520
組裝	0.6630	0.4500
眾議員	0.4340	0.5045
斷言的	0.7190	0.4120
評估	0.6805	0.5700
評定	0.7500	0.6230
估稅員	0.5510	0.5380
財富	0.8270	0.7010
資產	0.6670	0.6130
關聯	0.7487	0.4963
協會	0.7450	0.5000
品種	0.6327	0.4243
承擔	0.7470	0.5515
假設	0.5540	0.4338
保證	0.7573	0.4041
無疑	0.7860	0.3960
星號	0.5410	0.2880
震驚	0.7860	0.8450
驚訝	0.5100	0.7750
星體	0.6040	0.4170
走錯	0.0980	0.6760
澀	0.3160	0.5000
占星術	0.6350	0.3400
宇航員	0.7920	0.6010
天文學家	0.7500	0.5090
天文學	0.6130	0.4740
避難所	0.6367	0.2647
非對稱	0.5800	0.3430
不對稱	0.4760	0.3730
漸近	0.4790	0.4510
畫室	0.4900	0.3300
無神論	0.3245	0.4705
無神論者	0.2250	0.4470
動脈粥樣硬化	0.2500	0.4800
運動員	0.6687	0.7143
競技	0.8440	0.7445
運動能力	0.7500	0.8630
輿圖	0.5310	0.3060
大氣層	0.6040	0.3000
大氣的	0.5310	0.4200
環礁	0.4800	0.4080
贖罪	0.4840	0.6375
內心安寧	0.7240	0.2980
窮凶極惡	0.0730	0.8110
連接	0.6245	0.4615
進攻	0.2055	0.8595
達到	0.7625	0.5675
可實現	0.7600	0.5000
素養	0.8300	0.5200
嘗試	0.6077	0.5407
服務員	0.5195	0.3325
細心	0.8120	0.5200
衰減	0.3130	0.3917
減毒	0.4490	0.2800
認證	0.6430	0.5070
閣樓	0.5155	0.3185
服裝	0.6428	0.3935
態度	0.7600	0.6440
律師	0.5475	0.5530
歸屬	0.7040	0.4300
屬性	0.7605	0.3300
歸因	0.6460	0.4670
奧本	0.5100	0.2400
拍賣	0.5943	0.6787
膽大	0.6150	0.5730
大膽	0.7197	0.8040
聽得見	0.6730	0.3700
聽眾	0.6980	0.6100
音頻	0.7090	0.4250
審計	0.3750	0.5620
面試	0.7500	0.6850
試鏡	0.7400	0.7650
核數師	0.5820	0.5710
禮堂	0.5290	0.4900
聽覺	0.5310	0.4810
增強	0.7955	0.5515
姑媽	0.6670	0.2910
光環	0.6250	0.3515
極光	0.8170	0.3060
簡樸的	0.5000	0.3900
簡樸	0.4380	0.4060
真實	0.7707	0.4957
真偽	0.6700	0.5480
權威性	0.6360	0.5200
權威	0.5920	0.5920
授權	0.6623	0.6473
自閉症	0.3010	0.4185
汽車	0.6890	0.5635
自傳	0.8220	0.3730
自動更正	0.5510	0.4390
專制	0.3415	0.7005
簽名	0.6525	0.4935
親筆簽名	0.7810	0.6200
自動化	0.5780	0.4020
自動	0.5620	0.4330
自動駕駛儀	0.5940	0.4620
屍檢	0.2520	0.6500
輔	0.6220	0.4710
貪婪	0.1615	0.6930
頭像	0.6330	0.4100
報仇	0.0730	0.8670
復仇者	0.3040	0.7765
復仇的	0.1430	0.8800
嫌棄	0.5820	0.4420
規避	0.3667	0.5940
鳥舍	0.5000	0.3600
飛行員	0.6515	0.6900
狂熱	0.3763	0.6707
鱷梨	0.6805	0.2860
甦醒	0.6670	0.4690
喚醒	0.6553	0.4867
獎	0.8750	0.7540
獎項	0.9580	0.7360
意識	0.7547	0.4127
懾於	0.3640	0.7740
肅然起敬	0.6150	0.7670
尷尬	0.2353	0.6730
重倉股	0.1670	0.4540
斧頭	0.3145	0.6490
軸向	0.4580	0.2780
軸	0.4057	0.2730
贊成	0.5620	0.4200
天藍	0.6200	0.2560
胡說	0.3484	0.4900
孩兒	0.8600	0.5360
寶寶	0.8370	0.3650
學士學位	0.7290	0.5100
百家樂	0.5830	0.4970
單身漢	0.6670	0.4060
籃板	0.4800	0.2590
骨幹	0.5380	0.4640
後門	0.3440	0.4100
反鏟	0.3980	0.5540
幕後	0.3510	0.4150
後座	0.3880	0.3300
落後	0.3422	0.3910
向後	0.3020	0.3720
邊遠地區	0.5410	0.3500
後院	0.5520	0.2800
細菌	0.1750	0.5225
壞	0.1250	0.6250
壞蛋	0.2120	0.7405
慘	0.0675	0.4850
惡	0.1645	0.8645
麵包圈	0.5310	0.3630
鬆鬆垮垮	0.5210	0.2780
推銷員	0.5745	0.5295
風笛	0.5410	0.5560
保釋	0.3730	0.5200
餌	0.3575	0.4460
麵包店	0.8020	0.5000
餅	0.5490	0.4550
陽台	0.6400	0.3347
禿	0.3060	0.1840
禿頭	0.3020	0.3630
禿子	0.3980	0.3850
民謠	0.7920	0.2840
壓載	0.3540	0.4230
芭蕾舞演員	0.8020	0.6600
球賽	0.7810	0.7900
彈道的	0.2600	0.8060
彈道學	0.2710	0.7870
氣球	0.7290	0.2450
選票	0.5210	0.3610
球場	0.7240	0.6940
球壇	0.7190	0.7640
圓珠筆	0.5960	0.3370
舞廳	0.8470	0.6350
膽量	0.5203	0.5907
哄騙	0.3230	0.5470
帶	0.5945	0.4370
繃帶	0.2200	0.3270
音樂台	0.7350	0.5360
花車	0.6250	0.6510
帶寬	0.7140	0.3370
誅戮	0.1990	0.8070
香腸	0.4767	0.4863
欄杆	0.4730	0.3547
銀行	0.5620	0.3270
銀行家	0.5860	0.5880
銀行業	0.5100	0.3270
資金	0.6103	0.4600
破產者	0.1630	0.6730
破產	0.1665	0.5635
旗幟	0.5210	0.4080
宴會	0.7650	0.5710
洗禮	0.7383	0.3697
倒鉤	0.4480	0.3650
野蠻人	0.2635	0.9135
野蠻	0.1948	0.8065
燒烤	0.7920	0.6430
帶刺	0.1770	0.5940
理髮師	0.6255	0.4840
理髮店	0.5970	0.4410
詩人	0.6485	0.3800
無鞍	0.5000	0.3560
赤腳	0.4450	0.3730
僅僅	0.4480	0.1830
討價還價	0.5665	0.5670
議價	0.6220	0.6400
駁船	0.4690	0.3880
鋇	0.4060	0.3530
酒吧老闆	0.4800	0.5000
樹皮	0.4270	0.6940
大麥	0.6140	0.2120
招待員	0.5210	0.4560
穀倉	0.4945	0.4560
藤壺	0.4080	0.3370
營房	0.3780	0.5000
梭魚	0.3330	0.7130
彈幕	0.3880	0.8710
荒蕪	0.1730	0.3730
酒吧間	0.6860	0.6190
獨輪車	0.4790	0.3645
物物交換	0.4650	0.5590
基礎	0.6270	0.3295
護壁板	0.3960	0.1980
毫無根據	0.2920	0.3820
底線	0.4830	0.3670
三壘手	0.6040	0.4490
慶典	0.6620	0.6850
羅勒	0.5340	0.2740
曬	0.7600	0.3300
籃	0.4580	0.2270
籃球	0.8140	0.7640
巴鬆管	0.5000	0.4330
堡壘	0.6208	0.5040
指揮棒	0.2720	0.2350
營	0.4775	0.7175
麵糊	0.5610	0.2450
毆打	0.1465	0.8220
電池	0.4800	0.4250
戰鬥	0.3725	0.8822
作戰	0.2920	0.7940
戰場	0.1445	0.9380
主力艦	0.4790	0.7500
瘋狂	0.1945	0.8283
淫穢	0.1840	0.8230
灣	0.7190	0.3650
市場	0.6197	0.4073
海灘	0.8750	0.5145
釘珠	0.5420	0.3200
小獵犬	0.6490	0.4700
燒杯	0.4200	0.4100
懶人沙發	0.4500	0.3800
鬍子	0.4800	0.2485
大鬍子	0.4390	0.3370
來人	0.5710	0.5470
軸承	0.4945	0.4285
獸	0.2067	0.8050
擊敗	0.2790	0.6470
打漿機	0.4380	0.5450
跳動	0.1530	0.8330
美麗	0.8750	0.6140
成為	0.6410	0.5830
寢具	0.7040	0.2760
臥室	0.7440	0.2960
床頭	0.6040	0.1670
就寢時間	0.6730	0.3140
蜂窩	0.5410	0.5585
蜂蠟	0.5830	0.4020
甲蟲	0.3230	0.3560
降臨	0.5200	0.6630
合適	0.7080	0.3330
幫扶	0.9300	0.6240
乞討	0.2920	0.4610
開始	0.7230	0.5299
初學者	0.4595	0.4130
羨慕	0.1757	0.7297
表現	0.6534	0.6002
行為	0.5990	0.4665
行為的	0.6120	0.4400
河馬	0.5380	0.5523
遺志	0.6020	0.3500
旁觀者	0.5923	0.4357
遲來的	0.2400	0.4000
扎繩	0.5000	0.4720
貶低	0.1657	0.5273
輕視	0.1847	0.5000
鐘	0.5917	0.4433
服務生	0.5420	0.3630
交戰的	0.3440	0.6800
貝爾曼	0.5400	0.2500
風箱	0.4580	0.5150
肚臍	0.5310	0.2830
滿腹	0.3470	0.8060
屬於	0.6430	0.4050
財物	0.5920	0.3800
心愛	0.9690	0.6130
白鯨	0.5100	0.3330
長凳	0.5710	0.2890
彎曲	0.4223	0.5263
彎管機	0.4900	0.5100
感謝的	0.6770	0.4380
遺贈	0.7020	0.4490
失去親人	0.1040	0.4790
喪親之痛	0.2650	0.6770
喪失	0.1560	0.5625
貝雷帽	0.5420	0.2400
發狂的	0.3287	0.6678
鈹	0.4170	0.4120
懇求	0.4158	0.5355
困擾	0.2692	0.7695
死黨	0.8880	0.5090
賜給	0.6560	0.5600
暢銷書	0.7710	0.6430
賭注	0.4233	0.7073
公測	0.7100	0.3700
辜負	0.1165	0.6760
許配	0.8330	0.6300
貝蒂	0.5420	0.3580
飲料	0.6820	0.5730
謹防	0.1510	0.5960
偏壓	0.4000	0.3700
圍兜	0.3850	0.3960
聖經	0.6625	0.2622
參考書目	0.6220	0.2040
碳酸氫鈉	0.4790	0.3370
肱二頭肌	0.5920	0.5880
鬥嘴	0.3370	0.5290
雙色	0.5800	0.3270
自行車	0.7080	0.5095
出價	0.7600	0.5300
投標人	0.4650	0.4740
投標	0.6080	0.5820
兩年一次	0.5310	0.3090
大號角	0.4800	0.5470
獨斷論者	0.4790	0.7450
偏執	0.2080	0.8320
騎自行車的人	0.6040	0.7100
比基尼泳裝	0.7300	0.6390
雙邊	0.6330	0.3430
雙層	0.4380	0.3980
膽汁	0.1570	0.4610
艙底	0.3160	0.3920
雙語	0.7350	0.4900
廣告牌	0.5940	0.3170
鋼坯	0.4790	0.5830
計費	0.4060	0.4810
十億	0.7190	0.5640
億萬富翁	0.8060	0.6670
賓博	0.3960	0.3700
二進制	0.4900	0.3560
捆綁	0.4180	0.4435
粘合劑	0.4380	0.2500
構	0.5480	0.3880
狂歡	0.5477	0.7619
答對了	0.7350	0.6670
雙眼	0.5310	0.3440
望遠鏡	0.5105	0.3245
二項式	0.6000	0.4060
生物化學家	0.4710	0.4490
生物化學	0.5520	0.5310
傳記	0.7290	0.3345
傳	0.6980	0.2290
生物學家	0.6250	0.4530
生物學	0.4790	0.2740
活檢	0.3230	0.6570
雙極	0.2080	0.6850
樺木	0.5620	0.3460
鳥	0.7290	0.3570
鳥籠	0.4800	0.3980
小鳥	0.5940	0.3940
鳥人	0.4900	0.5670
胎記	0.6300	0.4610
長子繼承權	0.6840	0.4170
餅乾	0.7717	0.3513
雙性戀	0.4380	0.7650
濃湯	0.6930	0.4430
小酒館	0.5940	0.4720
淫蕩	0.5160	0.7700
苦樂參半	0.4690	0.5690
雙週	0.5810	0.3370
奇異的	0.3790	0.6200
廢話	0.2595	0.5282
長舌	0.3910	0.5940
黑鳥	0.5200	0.3400
黷	0.2080	0.5000
二十一點	0.4190	0.6790
黑名單	0.1330	0.7500
敲詐者	0.0920	0.7800
燈火管制	0.1260	0.5300
鐵匠	0.4800	0.5310
無可指責	0.7215	0.3730
嗚嗚	0.4390	0.5610
褻瀆神明	0.2100	0.7550
褻瀆的話	0.1460	0.7940
衝擊波	0.4590	0.5380
發射	0.5597	0.7080
西裝外套	0.6350	0.3850
熾烈	0.5940	0.8960
蒼涼	0.1385	0.4540
洩放	0.2600	0.8520
嗶	0.4790	0.6670
攪拌機	0.6020	0.5340
混紡	0.5600	0.4180
布魯	0.4600	0.3540
曇花一現	0.5290	0.4610
閃電戰	0.4170	0.7220
暴風雪	0.2895	0.7795
膨脹	0.2670	0.6315
脹	0.2635	0.6360
塊	0.4032	0.3264
封鎖	0.3800	0.5190
重磅炸彈	0.5285	0.7720
金發	0.6440	0.5175
血絲	0.1880	0.8100
盛開	0.8160	0.4530
燈籠褲	0.5210	0.5870
開花	0.8490	0.4510
斑點	0.4107	0.2707
大斑點	0.1330	0.5620
記事簿	0.3600	0.2980
襯衫	0.6390	0.1880
打擊	0.3160	0.7500
送風機	0.5640	0.5500
噴燈	0.5200	0.7300
大聲哭	0.3880	0.2600
藍色	0.6460	0.1370
藍色雲杉	0.5590	0.3350
藍莓	0.6560	0.1850
知更鳥	0.5460	0.3500
蘭草	0.5730	0.4410
藍松鴉	0.6350	0.5200
藍圖	0.4900	0.1730
藍調	0.4690	0.2200
虛張聲勢	0.4485	0.3980
偏藍	0.6040	0.2450
錯誤	0.1112	0.5920
鈍	0.4160	0.5700
脫口而出	0.4080	0.4390
臉紅	0.6040	0.6995
公豬	0.4060	0.5000
棋盤遊戲	0.7110	0.4900
登機	0.5310	0.4020
會議室	0.5550	0.5660
木棧道	0.6430	0.4810
誇	0.5200	0.5860
自誇	0.4900	0.8060
擁有	0.4017	0.6990
線軸	0.4290	0.4720
山貓	0.5620	0.4900
預兆	0.4080	0.4840
緊身胸衣	0.4400	0.4955
身體	0.6440	0.4710
保鏢	0.5000	0.6815
沼澤	0.3108	0.3944
可怕之處	0.3880	0.7080
虛假	0.2190	0.3530
波西米亞風格	0.6220	0.5000
鍋爐	0.5610	0.5900
樣板	0.3980	0.5190
沸騰	0.3070	0.7555
加強	0.7107	0.6380
炸彈	0.1670	0.9120
轟擊	0.1510	0.9600
投彈手	0.2400	0.8630
轟炸	0.1090	0.9070
轟炸機	0.1490	0.8785
富礦帶	0.8750	0.4100
鍵	0.6410	0.3970
束縛	0.2210	0.5800
結合	0.6263	0.4180
債券	0.5785	0.4860
擔保人	0.4690	0.4970
檮	0.3370	0.5210
波納	0.3440	0.6120
骨頭	0.2810	0.3430
瘋狂的	0.2498	0.7458
獎金	0.9030	0.7245
噓	0.3120	0.4535
癡子	0.3960	0.4230
惡巫	0.2920	0.5590
書	0.8020	0.2100
書櫃	0.5530	0.2210
賭本	0.3440	0.6330
預訂	0.7080	0.5030
書卷氣	0.6040	0.2360
簿記	0.5200	0.2140
小冊子	0.5200	0.2600
賭博業者	0.5830	0.8040
書籤	0.5430	0.4410
圖書	0.7290	0.1150
書商	0.5830	0.3170
書店	0.7295	0.2355
書呆子	0.4223	0.3577
繁榮	0.8385	0.6070
嬰兒潮一代	0.4800	0.5390
盜版	0.3570	0.5190
贓物	0.6595	0.6315
豪飲	0.2650	0.7450
國際收支平衡表	0.4290	0.4900
邊境	0.4220	0.4660
邊緣	0.4345	0.4646
寒帶	0.5820	0.3480
無聊	0.2300	0.2460
鎮	0.4900	0.3210
懷	0.6120	0.5880
老闆	0.3100	0.6270
波士頓	0.6430	0.3800
植物學家	0.6510	0.2400
植物學	0.6040	0.2010
煩	0.2080	0.7800
瓶頸	0.2840	0.4710
裝瓶	0.3650	0.3330
萬丈	0.3100	0.4700
漂礫	0.4610	0.3090
彈跳	0.3750	0.6330
有彈性	0.5620	0.5650
邊界	0.5610	0.4270
賞金	0.7600	0.7550
資產階級	0.3980	0.5050
腸	0.3245	0.4863
腸子	0.1940	0.4480
保齡球	0.6560	0.4310
棚車	0.4200	0.4690
拳擊手	0.4325	0.8450
拳擊	0.4270	0.8540
少年時代	0.7290	0.7450
孩子氣	0.6980	0.5620
支撐	0.5773	0.3897
手鐲	0.7760	0.3400
背帶	0.4400	0.3770
括號	0.5315	0.3040
有鹽味的	0.4690	0.3680
編織	0.5155	0.2435
腦	0.6670	0.4410
大腦	0.6630	0.5570
頭腦風暴	0.7940	0.7840
洗腦	0.1980	0.6470
聰明	0.8470	0.4972
制動	0.3120	0.4810
麩	0.6880	0.4330
白蘭地	0.6000	0.5900
黃銅	0.5000	0.3200
黃銅轉向節	0.4060	0.4490
膽	0.8980	0.7450
厚顏無恥	0.2970	0.6220
麵包	0.7075	0.2820
寬度	0.6250	0.3850
擺脫	0.3365	0.6050
斷路器	0.4620	0.5583
破門而入	0.4180	0.7290
爆炸新聞	0.5000	0.5520
驚險	0.9330	0.8095
馬褲	0.3650	0.4570
飼養員	0.6450	0.4810
配種	0.6670	0.4810
微風	0.8370	0.2840
活潑的	0.5310	0.4720
簡短	0.4590	0.4340
釀造	0.7400	0.5655
釀酒廠	0.7100	0.6220
荊棘	0.4930	0.3750
賄賂	0.1120	0.6900
受賄	0.1350	0.7750
磚	0.2170	0.4180
橋	0.6250	0.3240
轡	0.4535	0.4075
簡要	0.4690	0.3000
簡報	0.6120	0.3330
簡要地	0.6860	0.3140
禁閉室	0.5730	0.5390
變亮	0.7600	0.5470
輝	0.9585	0.6425
輝煌	0.9490	0.6240
邊	0.4690	0.3330
充滿	0.6920	0.5297
鹽水	0.3633	0.3837
帶來	0.6350	0.4600
輕快	0.7190	0.7450
廣闊	0.6880	0.5147
廣播	0.5785	0.6435
擴大	0.6980	0.5262
寬邊	0.4590	0.3160
錦緞	0.5000	0.3270
西蘭花	0.4690	0.2000
小冊	0.5520	0.2260
經紀人	0.5820	0.4620
野馬	0.5675	0.5760
青銅	0.6220	0.3330
胸針	0.5310	0.2600
窩	0.4440	0.5350
憂鬱	0.2757	0.4387
掃帚	0.3975	0.2095
肉湯	0.5000	0.2450
手足情誼	0.9900	0.4710
眉頭	0.5620	0.3110
瀏覽	0.6350	0.7500
挫傷	0.1903	0.5423
黑髮	0.8020	0.5280
首當其衝	0.2040	0.7500
殘酷	0.1200	0.8193
香檳酒	0.7290	0.6040
腹股溝腺炎的	0.2800	0.5300
降壓	0.6770	0.5770
沉著應戰	0.4270	0.3580
蕎	0.4900	0.4710
夥伴	0.7785	0.4435
讓步	0.6535	0.5890
預算	0.6430	0.3960
淺黃色	0.5610	0.4250
緩衝	0.4995	0.4710
竊聽器	0.2860	0.5000
嚇人的東西	0.4390	0.4910
竊聽	0.4125	0.5427
開溜	0.3120	0.6270
越野車	0.5000	0.5090
號角	0.4895	0.5155
司號員	0.5420	0.5400
建設者	0.6600	0.6420
燈泡	0.5675	0.2315
貪食症	0.0920	0.5700
艙壁	0.3120	0.4250
牛頭犬	0.4940	0.6500
推土機	0.4590	0.5490
子彈	0.4080	0.7940
防彈	0.7500	0.7210
鬥牛士	0.3360	0.8370
公牛當家	0.2290	0.7400
金條	0.6930	0.5580
欺負	0.2570	0.7550
鬱悶	0.1600	0.4375
長號	0.3625	0.5000
保險槓	0.3850	0.5730
顛簸	0.2550	0.7697
蹦極	0.6370	0.5450
掩體	0.3750	0.6730
浮標	0.5620	0.2800
輕飄	0.6250	0.4410
負擔	0.3670	0.5830
背負	0.4290	0.5190
官僚主義	0.2800	0.6300
漢堡包	0.7485	0.5595
竊賊	0.0500	0.7690
竊案	0.1460	0.9180
葬禮	0.1380	0.4785
隱藏	0.2943	0.4920
滑稽戲	0.3405	0.6295
結實	0.5620	0.6500
燒傷	0.2190	0.7830
燒	0.1630	0.6030
刻錄機	0.2960	0.8160
燃燒	0.4370	0.7793
燒完	0.2190	0.4450
飽嗝兒	0.2190	0.5940
捲餅	0.6880	0.2940
金庫	0.7705	0.5015
總線	0.4070	0.4110
襯套	0.4130	0.2200
濃密的	0.5620	0.3210
商業	0.6670	0.5345
總線負載	0.5610	0.4810
胸圍	0.5200	0.5000
破獲	0.2040	0.6760
剋星	0.4690	0.4910
繁華	0.4900	0.8500
黃油狀的	0.6250	0.3180
按鍵	0.5200	0.2200
豐滿	0.4823	0.5723
購買	0.7010	0.7353
買方	0.6130	0.5190
蜂鳴器	0.4410	0.7010
鷲	0.3500	0.5000
餘音繞樑	0.4300	0.5880
過去的	0.2290	0.3100
條例	0.5420	0.4125
字節	0.4900	0.3800
出租車	0.4863	0.4273
陰謀	0.3125	0.5965
捲心菜	0.3980	0.2250
出租車司機	0.5210	0.4170
艙	0.6430	0.2920
內閣	0.5520	0.3060
電纜	0.5830	0.2450
守車	0.4400	0.4530
敞篷車	0.6670	0.5250
高速緩存	0.5520	0.3480
雜音	0.4080	0.5620
屍體	0.0620	0.6735
韻律	0.5990	0.6160
學員	0.5040	0.3930
自助餐館	0.7570	0.4000
籠	0.3505	0.3930
謹慎小心的	0.5420	0.3630
凱恩	0.2600	0.4350
魷魚	0.5210	0.3120
災難性的	0.1450	0.8095
災害	0.1393	0.7757
鈣質	0.4900	0.3680
鈣	0.6000	0.3460
計算	0.5837	0.4279
計算器	0.5130	0.2830
結石	0.3600	0.3600
日曆	0.4800	0.2120
口徑	0.4290	0.5510
校準	0.5520	0.4600
游標卡尺	0.4800	0.5100
柔軟體操	0.5620	0.6630
回電話	0.5240	0.5290
書法	0.6485	0.2500
調用	0.5530	0.6500
電話	0.6770	0.4317
冷靜	0.6693	0.1407
平靜	0.8850	0.1050
熱	0.4577	0.5487
量熱儀	0.4060	0.5600
凸輪	0.4480	0.3630
攝錄一體機	0.5560	0.4220
駱駝	0.5150	0.4360
寶石	0.7450	0.4685
相機	0.6400	0.2880
攝影師	0.6280	0.4665
婦女貼身背心	0.4970	0.2500
偽裝	0.4778	0.6242
運動	0.6420	0.6570
競選	0.5310	0.6630
露營	0.6130	0.5290
營火	0.6770	0.5090
營地	0.6800	0.4900
校園	0.6440	0.4585
開罐器	0.4440	0.4910
運河	0.6730	0.2590
金絲雀	0.5820	0.2760
候選人	0.5430	0.5735
蠟燭	0.6085	0.2135
燭火	0.7890	0.2940
潰瘍	0.2740	0.5325
聽裝	0.3980	0.3570
自相殘殺	0.0940	0.8900
罐頭製造	0.4900	0.3920
大砲	0.4570	0.6320
砲彈	0.3440	0.8400
獨木舟	0.5160	0.3350
教規	0.3850	0.5190
典範	0.5420	0.4100
華蓋	0.6085	0.2740
懸臂	0.3570	0.6180
酒館	0.5847	0.6087
廣州	0.5420	0.4720
峽谷	0.4165	0.6875
跳躍	0.4840	0.5870
毛細管	0.4690	0.3650
資本主義	0.4480	0.6860
資本家	0.3520	0.5770
人頭	0.4790	0.5290
國會大廈	0.5350	0.3750
熱奶咖啡	0.7920	0.2790
大寫鎖定	0.3300	0.3940
膠囊	0.5830	0.2900
隊長	0.5520	0.6530
標題	0.6760	0.2842
著迷	0.6980	0.6040
俘虜	0.2350	0.5580
捕獲	0.3570	0.6500
大篷車	0.6350	0.4835
胴體	0.1150	0.5290
紙板	0.5000	0.1730
心臟的	0.3440	0.7650
樞機主教	0.5830	0.3580
心髒病	0.3037	0.6417
關心	0.4237	0.6007
事業	0.7400	0.7120
暢快	0.7550	0.2200
撫摸	0.8225	0.4400
插入符號	0.6560	0.4020
貨物	0.4095	0.4860
馴鹿	0.5770	0.3940
漫畫	0.6470	0.4645
齲齒	0.1150	0.5690
愛心	0.7915	0.5405
汽車千斤頂	0.4380	0.6820
大屠殺	0.2340	0.7590
肉體	0.4170	0.6790
頌歌	0.7600	0.4160
圓盤傳送帶	0.7040	0.5000
鯉魚	0.5310	0.3240
停車場	0.6250	0.5090
運輸	0.6206	0.5232
攜帶的	0.4900	0.3820
胡蘿蔔	0.5000	0.2350
攜帶	0.6455	0.4685
暈車	0.2240	0.5740
大車	0.5200	0.3440
卡特爾	0.4380	0.3940
軟骨	0.4380	0.3700
製圖	0.5050	0.3240
紙板箱	0.2860	0.1860
動畫片	0.8670	0.4710
盒式磁帶	0.4580	0.5000
級聯	0.6075	0.5510
現金	0.8670	0.5520
出納員	0.6030	0.4213
開司米	0.6530	0.4520
賭場	0.5420	0.6840
沙鍋	0.5700	0.3600
拋棄	0.2080	0.6460
種姓	0.5100	0.3330
鑄工	0.6040	0.6700
閹割	0.1875	0.6100
隨便	0.6430	0.2240
胡亂	0.6580	0.2900
貓	0.4593	0.4728
分解代謝	0.2650	0.5730
目錄	0.5490	0.3203
催化劑	0.6040	0.5090
雙體船	0.5710	0.5660
彈射	0.4800	0.8300
白內障	0.4060	0.5450
災難	0.1460	0.9520
緊張	0.2560	0.6228
口號	0.6240	0.3195
教義問答	0.6560	0.2360
明確的	0.5468	0.4852
類別	0.5710	0.2640
餐飲服務商	0.5500	0.5570
毛蟲	0.4610	0.2860
凱茨	0.3700	0.3940
鯰魚	0.4580	0.3370
瀉藥	0.3605	0.5300
導管	0.4030	0.3965
黃牛	0.6220	0.3400
貓步	0.6980	0.4360
預備會議	0.4180	0.3110
填縫	0.3670	0.5000
因果關係	0.5310	0.4290
謹慎	0.6168	0.3417
騎士	0.7167	0.5100
騎兵	0.6670	0.7270
海綿狀	0.4115	0.4360
魚子醬	0.9060	0.3940
不斷	0.5080	0.5253
禮	0.8440	0.4645
慶祝	0.9003	0.7900
慶祝活動	0.9580	0.7940
獨身	0.4207	0.4193
細胞	0.5410	0.3750
電池塊	0.1860	0.5700
獄友	0.1670	0.6840
玻璃紙	0.6480	0.2820
細胞的	0.6430	0.3980
賽璐珞	0.4690	0.4400
審查	0.3543	0.5423
譴責	0.1605	0.7230
人口調查	0.4490	0.2890
一分錢	0.5270	0.3345
百週年紀念	0.5830	0.3940
插頁	0.5710	0.4070
集權	0.5210	0.4400
離心	0.3060	0.6510
離心分離機	0.4950	0.6220
百夫長	0.5900	0.4470
世紀	0.4070	0.3470
穀類	0.6120	0.2060
穀物	0.5180	0.3075
顱內	0.3445	0.5555
儀式	0.5442	0.5145
認證的	0.7140	0.4270
證書	0.7470	0.3750
證明	0.6213	0.4452
頸椎	0.3750	0.4130
宮頸	0.4290	0.3600
戒菸	0.4140	0.3850
鏈	0.3780	0.5000
電鋸	0.3670	0.8040
貴妃	0.4060	0.3490
粉筆	0.3850	0.1850
挑戰	0.4690	0.9220
挑戰者	0.4170	0.7550
女服務員	0.5940	0.3750
變色龍	0.4900	0.5800
冠軍	0.8720	0.8170
錦標賽	0.8330	0.8000
機會	0.8855	0.6480
校長	0.5938	0.4595
吊燈	0.6150	0.5420
錢德勒	0.5100	0.4520
多變	0.5470	0.5905
變	0.5940	0.3750
換	0.5260	0.4750
唄	0.7710	0.6980
混亂的	0.1625	0.7805
伴侶	0.7167	0.4785
牧師	0.5747	0.3306
章節	0.5800	0.3080
燒焦	0.3840	0.5250
表徵	0.7290	0.4710
霞多麗	0.6770	0.5670
收費	0.4523	0.5350
充電器	0.5310	0.4180
輅	0.6840	0.5500
慈善機構	0.9200	0.2840
庸醫	0.2000	0.6400
魔術師	0.7393	0.5710
圖表	0.4690	0.3170
憲章	0.6770	0.3820
包車	0.5690	0.4600
驅逐艦	0.2290	0.8300
機殼	0.4060	0.3420
貞	0.4080	0.2480
學乖了	0.1560	0.5800
懲罰	0.1110	0.8583
貞潔	0.4690	0.3920
抖動	0.3420	0.7905
健談的	0.5940	0.5480
司機	0.5383	0.5180
沙文主義	0.3100	0.5390
小氣鬼	0.2680	0.4510
騙子	0.2073	0.7460
檢查	0.4602	0.5608
清單	0.4995	0.3970
將死	0.6670	0.7080
檢查站	0.5710	0.3230
臉頰	0.6890	0.3190
厚臉皮	0.4340	0.6790
快樂	0.9872	0.7492
拉拉隊長	0.9230	0.7460
啦啦隊	0.6980	0.7690
乾杯	0.9480	0.7700
乳酪漢堡	0.8020	0.5290
獵豹	0.4690	0.7700
廚師	0.8505	0.4555
化學	0.4810	0.5400
化學家	0.4080	0.5750
化療	0.1885	0.6875
珍視	0.8960	0.4910
櫻桃	0.6880	0.1860
雪佛龍	0.4690	0.4690
勁道	0.6250	0.4180
別緻	0.8700	0.6240
強辯	0.3570	0.4600
小雞	0.7710	0.6020
雞	0.5520	0.3470
頭目	0.4315	0.5395
薄紗	0.4060	0.2300
兒童	0.9120	0.4600
無子女	0.3100	0.4000
嵌合體	0.2920	0.5820
編鐘	0.6250	0.4900
煙囪	0.5830	0.2860
中國	0.5610	0.4430
削片機	0.4180	0.5880
按摩師	0.5453	0.3957
嘰嘰喳喳	0.4690	0.6020
鳴叫	0.5795	0.4765
鑿	0.4690	0.4040
保單	0.4900	0.3520
閒聊	0.6730	0.4550
騎士氣概	0.8570	0.3800
選擇	0.6661	0.4653
唱詩班	0.7040	0.2980
嗆	0.1670	0.7880
霍亂	0.0200	0.8670
膽固醇	0.1980	0.5830
挑三揀四	0.2800	0.7600
斬波	0.5600	0.6250
合唱隊的	0.8520	0.2900
編舞	0.7290	0.6945
雜燴	0.5100	0.3240
聖誕	0.9590	0.5200
聖誕系列	0.8750	0.6980
聖誕節的時候	0.8370	0.5880
色譜	0.4800	0.5370
鉻	0.5200	0.3885
染色體	0.5000	0.2960
編年史	0.4270	0.5710
計時碼表	0.5000	0.3920
實足	0.5940	0.4450
豐滿的	0.5310	0.4270
夾頭	0.5420	0.5090
合得來的	0.7600	0.4200
教會	0.6905	0.2340
酸辣醬	0.4590	0.3700
蘋果酒	0.5300	0.3460
香煙	0.2190	0.5280
胡荽葉	0.4690	0.2600
肚帶	0.4500	0.4900
電影	0.7400	0.5010
放映技師	0.7920	0.4550
攝影	0.7240	0.4770
暗號	0.4900	0.4140
盤旋	0.5100	0.6540
電路	0.5910	0.5380
圓	0.5770	0.3665
循環	0.5803	0.4670
循環系統	0.5920	0.5750
割禮	0.3270	0.6570
圓周	0.4580	0.2550
週	0.5305	0.3265
情況	0.5465	0.4570
旁證	0.5000	0.5380
馬戲團	0.6120	0.6405
觸鬚	0.4700	0.4510
國籍	0.7140	0.4020
國內	0.6217	0.3360
禮貌	0.8445	0.3075
包層的	0.5830	0.3730
索賠	0.2710	0.6900
病態的	0.2323	0.5173
叫囂	0.4380	0.6430
鉗	0.5340	0.3937
隱秘	0.4075	0.4635
鐺	0.4590	0.5200
鈴舌	0.5000	0.2290
單簧管	0.5920	0.4530
衝突	0.2683	0.8627
鉤	0.4330	0.4095
類	0.7870	0.2770
經典	0.6900	0.2600
經典搖滾	0.7290	0.5710
經	0.5470	0.3750
分類	0.5686	0.4186
同學	0.7810	0.4000
課堂	0.5390	0.2920
優雅	0.9000	0.4353
噠	0.4180	0.8200
條款	0.4730	0.4000
幽閉恐懼症	0.1085	0.7975
鎖骨	0.4090	0.4135
清潔	0.8270	0.1700
清潔器	0.6040	0.5560
清潔的	0.5950	0.3960
清潔度	0.8160	0.3630
乾淨	0.8230	0.3520
潔淨	0.6250	0.3100
淨化	0.7760	0.3010
明確	0.6537	0.4913
淨空	0.5420	0.4590
夾板	0.3325	0.3300
劈開	0.2960	0.5450
譜號	0.6150	0.3600
寬大	0.5555	0.4265
咬緊	0.4380	0.6180
書記	0.5000	0.5790
見習	0.5820	0.3800
點擊	0.5360	0.3650
客戶	0.6040	0.5135
懸崖	0.2795	0.7020
氣候	0.5830	0.3035
緊貼	0.2240	0.4600
診所	0.4690	0.4390
臨床	0.3370	0.4120
夾	0.4553	0.3187
剪貼板	0.5940	0.2550
陰蒂	0.6250	0.8440
披風	0.4895	0.2285
隱形	0.4930	0.4420
衣帽間	0.6900	0.2540
時鐘	0.6770	0.1730
發條裝置	0.4900	0.3730
土塊	0.3750	0.4040
關	0.2920	0.2600
關閉	0.2360	0.2958
親近	0.7960	0.2370
壁櫥	0.5310	0.2040
凝塊	0.2150	0.4575
晾衣繩	0.5820	0.3240
雲	0.7375	0.1640
烏雲密布	0.2400	0.2130
雲量	0.4690	0.2500
多雲的	0.2810	0.2800
影響力	0.5840	0.6360
俱樂部	0.6700	0.5945
會所	0.7230	0.5300
線索	0.6530	0.3800
無知	0.2515	0.3750
叢	0.4420	0.4425
悶響	0.4635	0.4010
離合器	0.4625	0.4365
雜波	0.1350	0.5980
教練	0.6330	0.8230
趕車	0.4790	0.3940
凝結	0.3810	0.5580
濱	0.7190	0.3960
杯墊	0.6120	0.7880
海岸線	0.7110	0.2890
塗層	0.6485	0.3480
鈷	0.4080	0.3250
鵝卵石	0.4480	0.3850
眼鏡蛇	0.3120	0.7120
公雞	0.4385	0.4735
繁瑣	0.4500	0.5000
座艙	0.5200	0.4240
雞尾酒	0.7400	0.4800
繭	0.4700	0.2800
鱈魚	0.5100	0.3210
碼	0.5255	0.2420
鱈	0.4900	0.2450
法典編纂	0.4480	0.4000
編成法典	0.4480	0.4100
編碼	0.4660	0.4220
係數	0.6495	0.3595
脅迫	0.2810	0.6550
強迫	0.3385	0.7895
強制	0.4793	0.6483
咖啡壺	0.7600	0.3330
切實	0.8060	0.4845
科涅克白蘭地	0.6150	0.5100
認知	0.5130	0.4010
隊列	0.4340	0.4580
盤	0.4480	0.3430
盤繞	0.3780	0.5180
硬幣	0.6770	0.5740
造幣	0.5000	0.4000
可樂	0.4365	0.3930
涼拌捲心菜	0.7070	0.3120
絞痛	0.1350	0.7360
體育館	0.6120	0.6630
大學	0.7075	0.4475
膠原	0.5410	0.2450
領	0.6560	0.4420
蒐集	0.6290	0.5563
採集	0.6175	0.3680
集體	0.5830	0.4580
統	0.8170	0.5730
集電極	0.5520	0.4810
合議	0.5920	0.4610
口語	0.6040	0.3630
共謀	0.3650	0.5100
結腸	0.3910	0.4070
陸軍上校	0.4590	0.5920
結腸鏡檢查	0.2080	0.5240
版權頁	0.5000	0.4080
顏色	0.8305	0.3145
著色	0.5615	0.4060
華美	0.8500	0.5200
無色	0.3540	0.3400
龐大	0.6980	0.6920
小馬	0.6865	0.5000
鴿的	0.5200	0.5210
柱狀	0.4480	0.3400
專欄作家	0.6460	0.3650
好鬥	0.3810	0.6900
組合	0.6345	0.4580
來	0.5945	0.3890
回來	0.5800	0.4090
喜劇演員	0.8120	0.7350
喜劇	0.9180	0.5550
舒適	0.8885	0.2562
未來	0.7705	0.5305
逗號	0.3440	0.2690
徵用	0.3565	0.6475
指揮官	0.5310	0.6150
誡命	0.6560	0.4900
別動隊	0.3230	0.7100
紀念	0.7476	0.4488
紀念活動	0.7190	0.6150
值得稱道	0.7860	0.5700
相稱	0.6100	0.3040
評論	0.6453	0.4090
評論員	0.4920	0.5100
小賣部	0.3850	0.5000
專員	0.6020	0.4490
承諾	0.6162	0.5998
委員會	0.5920	0.3920
準將	0.4270	0.5300
聯邦	0.5977	0.4063
騷動	0.3257	0.7370
傳染性	0.5020	0.5605
通訊	0.7295	0.3925
交際	0.8470	0.5600
傳播者	0.5730	0.5090
共產主義	0.2640	0.5700
共產	0.2650	0.7020
社區	0.7500	0.3500
可交換	0.6670	0.4420
補償	0.6695	0.4715
緊湊	0.5200	0.3845
壓實	0.5310	0.4710
友誼	0.8955	0.3905
比較	0.5420	0.3573
對照	0.5830	0.4560
羅盤	0.5410	0.3070
富於同情心的	0.8570	0.4040
賠償金	0.7750	0.4690
競爭	0.5765	0.7675
權限	0.6150	0.8020
勝任	0.8650	0.5600
競爭的	0.4470	0.7180
競爭者	0.5460	0.8745
彙編	0.5300	0.5120
編	0.6000	0.4130
自滿	0.6145	0.4775
補充	0.6772	0.3492
複雜	0.3220	0.6362
複合	0.4735	0.4810
膚色	0.5210	0.5200
合規	0.7500	0.4620
並發症	0.3650	0.7260
同謀	0.2970	0.7350
免費	0.8230	0.4130
執行	0.4690	0.6332
撰寫	0.6390	0.4320
綜合	0.5937	0.4117
組成	0.7940	0.3970
壓縮	0.4050	0.4102
可壓縮	0.6220	0.3920
壓縮機	0.4180	0.4810
妥協	0.6770	0.5200
審計長	0.4020	0.4810
義務	0.3165	0.6190
可計算	0.5700	0.4020
電腦	0.8020	0.3560
計算機化	0.6770	0.4500
隱蔽	0.4010	0.5700
自負	0.2347	0.6530
可以想像	0.7300	0.3500
構想	0.7080	0.5380
濃度	0.7350	0.5000
音樂會	0.9380	0.8670
協奏曲	0.6130	0.7590
優惠	0.7550	0.4870
門房	0.4800	0.3430
調解	0.6960	0.3777
簡潔	0.5450	0.3680
秘密會議	0.5730	0.4400
得出結論	0.5300	0.2670
結論	0.5730	0.3795
確鑿	0.4980	0.4880
藥汁	0.4480	0.4590
伴隨	0.4270	0.4820
和諧	0.8373	0.3263
中央大廳	0.7400	0.6570
具體	0.6445	0.4040
同時	0.6075	0.4790
震動	0.0720	0.7080
非難	0.1330	0.7250
縮合	0.5100	0.3160
居高臨下	0.5830	0.3630
調味品	0.5200	0.3330
條件	0.4814	0.4314
有條件的	0.4585	0.3810
調節器	0.5833	0.4693
空調	0.4400	0.4680
慰問	0.2290	0.4615
縱容	0.5710	0.4410
禿鷹	0.5730	0.3880
有利於	0.7750	0.4790
進行	0.4530	0.5100
傳導	0.5300	0.5570
電導率	0.5830	0.5750
導體	0.6770	0.6630
錐體	0.4790	0.3090
邦聯	0.5900	0.5410
幫兇	0.5510	0.5460
會議	0.6485	0.5607
自白書	0.4690	0.6420
五彩紙屑	0.7810	0.5730
機密	0.6430	0.4710
組態	0.5400	0.4430
驗證	0.7204	0.4068
沒收	0.1967	0.6210
衝突的	0.1730	0.7380
面對	0.4853	0.4463
撲朔迷離	0.2290	0.6900
混亂	0.2667	0.7167
擁塞	0.2710	0.6540
集團	0.5000	0.5000
祝賀	0.9487	0.6983
國會	0.5005	0.4675
錐	0.5000	0.3950
推測	0.4120	0.5208
共軛	0.5310	0.4245
連詞	0.5200	0.4720
結膜	0.4870	0.4440
變戲法	0.5373	0.7533
戲法	0.3930	0.7635
連	0.7240	0.2990
連接的	0.8160	0.5500
結締組織	0.7190	0.4910
徵兵	0.3960	0.7750
奉獻	0.7648	0.4597
連續	0.6500	0.4470
兩廂情願	0.6630	0.4170
共識	0.6270	0.3580
結果	0.6906	0.4728
保護	0.8500	0.5162
保守主義	0.4060	0.3690
溫室	0.6770	0.3390
養護	0.6900	0.3470
考慮	0.6330	0.3740
收貨人	0.6350	0.3850
一貫	0.7160	0.5490
鞏固	0.8800	0.4400
輔音	0.5000	0.3470
顯著	0.6195	0.4850
合謀	0.2060	0.7400
恆常	0.7860	0.4430
不變	0.5830	0.2612
經常	0.5863	0.4307
選民	0.5377	0.4795
組分	0.5730	0.5000
構成	0.7225	0.3835
憲法	0.5900	0.3800
壓抑	0.2180	0.5242
約束	0.3230	0.5500
構造	0.7500	0.6480
建設性	0.8600	0.5700
詮釋	0.6020	0.5190
領事	0.5730	0.3540
領事館	0.5610	0.4530
請教	0.7550	0.3700
會診	0.6600	0.4630
消費者	0.5070	0.5510
消費	0.4815	0.5360
傳染性的	0.1840	0.7250
現代的	0.7200	0.3650
鄙視	0.2060	0.6350
百家爭鳴	0.4900	0.6980
內容	0.7100	0.3355
滿足	0.7890	0.5760
爭奪	0.4220	0.6270
爭議	0.2970	0.7140
滿意	0.9280	0.5763
比賽	0.6533	0.6703
選手	0.7600	0.5300
鄰近的	0.3750	0.4500
大陸	0.5723	0.3767
隊伍	0.4700	0.5310
持續	0.5745	0.3815
繼續	0.5989	0.5024
延續	0.5060	0.5290
連續性	0.7810	0.4390
輪廓	0.6200	0.3227
簽約	0.3440	0.5570
收縮	0.3857	0.5980
頂撞	0.1600	0.5980
玩意兒	0.4480	0.5900
對比	0.5005	0.4720
違反	0.2112	0.7768
有助於	0.8060	0.3500
貢獻	0.8605	0.4615
貢獻者	0.8440	0.5100
難題	0.4455	0.4975
恢復期	0.4580	0.4800
對流	0.5210	0.4940
召開	0.5830	0.6760
便利設備	0.8020	0.4120
慣例	0.6220	0.6220
常規	0.5247	0.3497
匯集	0.6350	0.4710
收斂	0.5510	0.4910
會聚的	0.7810	0.4900
諳練	0.7240	0.3600
會話	0.7500	0.5100
對話的	0.6045	0.4655
健談者	0.7190	0.4670
交談	0.6745	0.4075
轉變	0.6075	0.6360
兌換	0.5510	0.5380
轉換	0.6630	0.4180
可兌換	0.5420	0.5290
傳達	0.7190	0.6330
輸送	0.6150	0.5200
樓宇買賣	0.3750	0.4790
說服	0.6640	0.5785
令人費解	0.3095	0.6290
卷積	0.4170	0.5590
護航	0.5000	0.6710
鴣鴣聲	0.4900	0.4390
食譜	0.6500	0.3085
烹調術	0.6330	0.3680
曲奇餅	0.7920	0.3060
烹飪	0.6873	0.4393
涼	0.8850	0.5400
冷卻液	0.7200	0.4120
冷卻器	0.6640	0.3750
冷卻	0.4690	0.3240
涼意	0.4900	0.3070
雞舍	0.5560	0.5110
坐標	0.6980	0.4290
協調	0.7135	0.4820
應付	0.4885	0.5635
複印機	0.4590	0.3450
副駕駛	0.6400	0.5380
應對	0.5310	0.6730
銅	0.5800	0.2600
直升機	0.6425	0.7550
複製	0.5170	0.5348
版權	0.4580	0.4020
繩	0.3865	0.3290
親切	0.8705	0.4730
無繩	0.6670	0.4410
警戒線	0.4690	0.3170
燈心絨	0.5700	0.3240
軟木	0.3470	0.2500
玉米麵包	0.6430	0.3040
信號旗	0.5070	0.5200
麥田	0.7190	0.3100
簷口	0.4580	0.4410
玉米澱粉	0.6430	0.2990
老生常談	0.4845	0.3960
推論	0.4580	0.4690
電暈	0.8180	0.4390
冠狀動脈	0.5670	0.6130
驗屍官	0.3230	0.5580
企業	0.6760	0.4230
肉體的	0.5200	0.3500
兵團	0.5510	0.4530
醫護兵	0.4390	0.4690
科拉爾	0.6060	0.6620
正確	0.8265	0.3090
懲教	0.2920	0.7130
糾正的	0.4480	0.5280
正確性	0.7960	0.4500
相關	0.5970	0.4213
關聯的	0.5100	0.4020
對應	0.6865	0.4375
相應	0.7295	0.5155
證實	0.6010	0.5100
佐證	0.6250	0.4310
腐蝕	0.1560	0.6100
腐蝕性的	0.1400	0.6180
腐敗	0.0622	0.8235
皮質	0.4870	0.4310
克爾維特	0.5510	0.5200
化妝品	0.6950	0.3840
宇宙學	0.6510	0.4380
大都會	0.8230	0.5100
昂貴	0.3195	0.5950
嬰兒床	0.6390	0.2350
長椅	0.5940	0.0820
美洲獅	0.5265	0.6460
評議會	0.8750	0.2790
議員	0.5310	0.3670
法律顧問	0.5940	0.5190
輔導服務	0.6670	0.4800
計數	0.4685	0.3810
倒數	0.5575	0.6060
計數器	0.4390	0.4780
反擊	0.2810	0.9510
反訴	0.3980	0.7600
偽造	0.1060	0.6753
對位	0.4380	0.5090
無數	0.5997	0.5233
國家	0.6460	0.4185
農村人	0.6730	0.4410
農村	0.7320	0.2880
縣	0.4790	0.3680
政變	0.2750	0.8150
轎跑車	0.4790	0.4600
一對	0.8060	0.6050
優惠券	0.7040	0.3000
勇氣	0.8300	0.7280
培訓班	0.7350	0.4120
竊喜	0.5420	0.4720
有禮貌	0.9320	0.3870
求愛	0.6565	0.6095
場邊	0.5920	0.3910
大聚會	0.4580	0.5780
盟約	0.5940	0.4620
蓋	0.4275	0.2145
覆蓋	0.5263	0.4746
貪圖	0.3020	0.7790
膽小	0.2145	0.3305
裂紋	0.3145	0.6340
開裂	0.3270	0.5570
瘋子	0.2280	0.7277
搖籃	0.7760	0.1940
手藝	0.7915	0.3470
工藝	0.6670	0.3800
填滿	0.3540	0.7300
臨時抱佛腳	0.4060	0.7400
狹窄	0.2500	0.4675
起重機	0.3960	0.4170
顱	0.3540	0.5100
顱骨	0.4390	0.4910
胡思亂想的	0.1940	0.7760
裂縫	0.3546	0.4472
擲骰子	0.2290	0.5320
蹩腳的	0.0390	0.5820
緊急	0.2605	0.9120
愚鈍的	0.2230	0.4900
彈坑	0.4500	0.6470
蝦	0.5250	0.3900
蠟筆	0.6440	0.3130
發狂	0.3438	0.7835
瘋	0.1090	0.7565
吱吱作響	0.3020	0.7430
皺	0.3555	0.3440
創建	0.8037	0.5223
創作的	0.9170	0.5180
創造力	0.8230	0.6370
創造者	0.8650	0.5920
憑據	0.7350	0.3370
記	0.7810	0.3900
抵補	0.6730	0.5500
債權人	0.4790	0.5940
信條	0.6200	0.2890
克里奧爾	0.6670	0.3570
縐	0.5620	0.2240
漸強	0.7600	0.5750
垂頭喪氣	0.1695	0.5000
船員	0.6030	0.5890
波紋	0.3800	0.5050
赤紅	0.6670	0.3850
癱瘓	0.1720	0.4825
危機	0.2080	0.8110
標準	0.5345	0.2765
評論家	0.4130	0.4740
批評	0.1427	0.6427
小動物	0.5420	0.5390
發牢騷	0.3010	0.4130
克羅夫特	0.5310	0.4290
新月形麵包	0.7450	0.3300
門球	0.5510	0.5190
越過	0.4310	0.4900
人行橫道	0.5570	0.4410
填字遊戲	0.6110	0.4230
襠	0.5210	0.6370
賭場上的總管人	0.5310	0.5190
烏鴉	0.2240	0.4390
擠	0.4813	0.4940
關鍵	0.5410	0.6570
受難	0.1350	0.8570
釘死	0.1460	0.8780
殘忍	0.1220	0.8660
遊輪	0.8780	0.6500
巡洋艦	0.7370	0.4900
崩潰	0.3727	0.5810
搖搖欲墜	0.2135	0.7150
緊縮	0.3400	0.5585
十字軍	0.4390	0.5880
破碎機	0.2710	0.7090
癥結	0.4775	0.4915
哭泣的嬰兒	0.3750	0.7020
隱窩	0.1560	0.4310
結晶	0.6000	0.4490
幼獸	0.6460	0.3820
立方體	0.4635	0.2660
櫃	0.4790	0.3430
烏龜	0.4415	0.3255
布穀鳥	0.4200	0.4590
黃瓜	0.4900	0.2350
擁抱	0.9178	0.4717
球桿	0.5210	0.4330
撲殺	0.3650	0.7020
罪魁禍首	0.0620	0.6760
禮拜	0.4480	0.5350
養殖	0.6250	0.3240
培養的	0.6350	0.4290
積雲	0.5700	0.4330
櫥櫃	0.5715	0.2295
杯形餅	0.6560	0.3330
策劃	0.7260	0.4180
館長	0.6880	0.3890
捲曲	0.4840	0.5220
貨幣	0.5830	0.4560
當前	0.6250	0.3120
課程	0.7080	0.3060
咖哩	0.6330	0.3450
咒罵	0.1120	0.8600
走馬	0.4230	0.4510
縮短	0.2980	0.3847
削減	0.2450	0.5390
窗簾	0.6565	0.2005
屈膝禮	0.6350	0.4120
曲線	0.4800	0.4750
坐墊	0.6530	0.2210
輕鬆的	0.8230	0.2830
風口浪尖	0.6670	0.7100
壞話	0.3540	0.5380
倔強	0.1565	0.6635
卡仕達醬	0.6180	0.2600
習慣	0.5885	0.3040
習慣性	0.7000	0.2530
顧客	0.5725	0.4405
皮膚	0.4670	0.3600
可愛	0.8558	0.4617
短劍	0.2845	0.5390
隔斷	0.4320	0.5100
切割機	0.3120	0.6920
殺手	0.0755	0.8765
插條	0.4790	0.3920
英擔	0.5000	0.4100
網絡空間	0.6770	0.5940
週期	0.6350	0.4000
週期性	0.5130	0.3870
騎車人	0.6840	0.5820
氣旋	0.4160	0.7960
圓筒	0.4590	0.3240
圓柱形	0.4580	0.2940
鈸	0.5420	0.3630
憤世嫉俗的	0.1560	0.7600
囊腫	0.1730	0.5780
巨細胞病毒	0.1860	0.6570
細胞質	0.3780	0.4420
獨裁者	0.2765	0.5540
輕拍	0.5100	0.3370
守護進程	0.3330	0.4900
纖巧	0.6040	0.2840
代基裡酒	0.6700	0.5190
乳製品	0.6330	0.2550
雛菊	0.5620	0.3670
戴爾	0.5400	0.3250
壩	0.2500	0.5530
損傷	0.2860	0.6600
破損	0.1040	0.6350
貴婦人	0.6940	0.4800
該死的	0.1565	0.6420
該死	0.1125	0.7600
潮濕	0.4195	0.4085
閨女	0.7190	0.4750
頭皮	0.3725	0.3220
危險	0.0814	0.8904
吊著	0.3620	0.4690
膽大妄為	0.4290	0.7140
敢說	0.5400	0.4510
變暗	0.2500	0.4710
寵兒	0.8850	0.3700
鏢	0.4170	0.6080
儀表板	0.5100	0.3710
虛線	0.2760	0.3930
瀟灑	0.6235	0.6810
數據	0.5000	0.2500
數據庫	0.6040	0.2860
女兒	0.9080	0.4150
破曉	0.6940	0.4710
拂曉	0.8020	0.3580
夢話	0.7500	0.3370
白日夢	0.7760	0.3600
陽光	0.8462	0.3910
發呆	0.2963	0.6227
令人眼花繚亂	0.8540	0.8800
執事	0.5310	0.4300
飯桶	0.2290	0.4530
最後期限	0.4060	0.7690
聾	0.1555	0.3685
震耳欲聾	0.2810	0.8350
經銷商	0.6215	0.4385
院長	0.6120	0.4690
親	0.7863	0.4207
親愛的	0.9020	0.4270
臨終	0.0510	0.6520
貶值	0.2363	0.5715
辯論	0.4080	0.6910
放蕩	0.2553	0.8000
聽取匯報	0.2470	0.3430
述職	0.4270	0.5800
廢墟	0.1953	0.5425
債務	0.2040	0.5980
債務人	0.2605	0.5730
登場	0.8060	0.6060
見過世面	0.7710	0.6270
頹廢	0.2470	0.4195
無咖啡因	0.4800	0.3240
田徑十項全能運動	0.5730	0.7530
衰變	0.1430	0.3120
謊言	0.0900	0.7033
狡詐	0.0710	0.7880
欺騙	0.2167	0.6913
被騙	0.0590	0.6730
風化	0.5860	0.3630
正經	0.8230	0.2960
騙局	0.0900	0.7450
騙人的	0.0885	0.6895
決定	0.6510	0.5250
果斷地	0.7500	0.4800
落葉	0.3850	0.3530
十進制	0.5070	0.2590
解碼	0.4840	0.5700
決定性	0.7400	0.5090
下傾	0.2500	0.5490
解碼器	0.5620	0.3400
解壓縮	0.4380	0.4300
減壓	0.2080	0.5200
裝潢	0.8630	0.5480
減少	0.2361	0.3334
減量	0.2550	0.4270
誹謗	0.2044	0.7043
推斷	0.4695	0.5000
契據	0.5200	0.3200
節目播音員	0.5510	0.6300
認為	0.6900	0.4685
誹謗的	0.1000	0.7440
打敗	0.2653	0.6100
失敗主義	0.1630	0.5670
保衛	0.6980	0.7220
辯護	0.6630	0.4510
辯護人	0.6390	0.7080
衛冕	0.6040	0.8710
防禦	0.6520	0.6980
手無寸鐵	0.1430	0.3570
可防禦	0.7400	0.5090
防禦性	0.5420	0.6400
延緩	0.3035	0.4465
推遲	0.3295	0.4540
蔑視	0.1402	0.6112
目中無人	0.2500	0.7920
除顫器	0.3980	0.6630
匱乏	0.2400	0.4640
定義	0.6215	0.2945
放氣	0.2175	0.4700
偏轉	0.1880	0.5000
變形	0.2527	0.5193
騙取	0.2420	0.6470
停業	0.1120	0.4910
違抗	0.3530	0.8840
簡	0.1430	0.7200
降級	0.1250	0.4665
脫水	0.2490	0.5785
延遲	0.1960	0.5000
代表團	0.5620	0.4310
刪除	0.2920	0.2980
審議	0.4765	0.6150
勾畫	0.4480	0.4300
劃定	0.5210	0.4020
譫妄	0.2330	0.6940
交貨	0.7040	0.4610
騙	0.1430	0.6270
豪華	0.8422	0.6198
鑽研	0.4690	0.5290
嚴格	0.4314	0.7264
風度	0.6330	0.4330
癡呆	0.0920	0.7790
讓位	0.1040	0.5960
民主黨人	0.5820	0.4000
惡魔	0.1515	0.7810
惡魔的	0.1460	0.8750
示範	0.6845	0.5295
士氣低落	0.0820	0.5900
拘謹	0.6900	0.3150
推諉	0.2300	0.5090
否認	0.1540	0.5270
聲討	0.0830	0.7800
牙齒	0.5730	0.4040
牙醫	0.4215	0.6100
解約	0.1460	0.8300
拒絕	0.1279	0.6132
除臭劑	0.4800	0.2650
離開	0.3772	0.4592
部門	0.6120	0.4220
依賴的	0.3555	0.4295
依賴	0.5077	0.4157
描繪	0.5765	0.5475
驅逐出境	0.1670	0.6670
免職	0.2860	0.4200
沉積	0.3960	0.3875
倉庫	0.6780	0.3100
墮落	0.0310	0.8370
蕭條	0.0310	0.5200
抑鬱	0.1430	0.4340
剝奪	0.2730	0.5690
出軌	0.1080	0.8020
發瘋	0.3760	0.8680
被遺棄	0.2080	0.4700
求導	0.5210	0.5190
皮膚的	0.3850	0.4060
皮膚科醫生	0.5310	0.3580
皮膚科	0.4220	0.5000
減損	0.2760	0.4490
貶	0.1220	0.5800
後裔	0.6840	0.4200
虛度	0.2550	0.8060
褻瀆	0.1200	0.8115
廢棄的	0.1560	0.4800
開小差	0.1220	0.6300
應得	0.7810	0.5820
設計	0.7210	0.4047
設計師	0.8750	0.5190
慾望	0.8960	0.6920
斷念	0.2200	0.3580
荒涼	0.1845	0.4255
絕望	0.1292	0.6173
惡棍	0.2472	0.7103
討厭	0.1188	0.7446
沮喪	0.1590	0.5226
獨裁	0.2550	0.6960
甜點	0.7550	0.4910
命運	0.7253	0.5327
貧困	0.1370	0.4143
破壞	0.2245	0.6918
銷毀	0.0360	0.7620
毀壞	0.0877	0.9003
分離	0.2825	0.6165
超脫	0.2800	0.3960
詳情	0.5140	0.4060
詳細	0.4767	0.4763
細節	0.5033	0.3240
檢測	0.5050	0.5295
發現	0.7862	0.5804
偵探	0.4800	0.6985
探測器	0.4590	0.6300
洗滌劑	0.4580	0.3040
惡化	0.1382	0.5810
確定的	0.6300	0.3140
決心	0.7680	0.6265
威懾	0.1665	0.6840
厭惡的人	0.1770	0.6370
損害	0.2810	0.5380
兩點	0.4790	0.3380
德國馬克	0.4390	0.4310
蹂躪	0.1175	0.7755
滿目瘡痍	0.1200	0.5440
破壞性的	0.1040	0.8560
發展	0.8006	0.6074
開發人員	0.8440	0.6530
偏離	0.3007	0.6177
設備	0.6535	0.4495
纏著	0.3470	0.5590
沒有	0.2190	0.4360
相傳	0.3450	0.4340
擁護者	0.8160	0.4610
虔誠的	0.6200	0.3570
靈巧	0.7555	0.5300
診斷	0.4765	0.4858
對角線	0.5000	0.3430
圖	0.5675	0.3735
撥號	0.6200	0.4270
辯證法	0.5100	0.5400
對話	0.5990	0.4410
直徑	0.4270	0.2980
鑽石	0.9185	0.6450
腹瀉	0.0650	0.6880
日記	0.6980	0.2920
冒險的	0.2900	0.8330
聽寫	0.3675	0.4005
獨裁的	0.2040	0.7700
專政	0.0820	0.8060
辭	0.4390	0.3730
教導的	0.6450	0.4800
柴油機	0.4900	0.3270
飲食	0.4290	0.2350
區別	0.3785	0.5520
難	0.2350	0.7000
困難	0.0805	0.7620
擴散	0.3930	0.5230
數字	0.5622	0.3047
尊嚴	0.8075	0.3605
離題	0.2710	0.6250
殘破	0.2290	0.6180
擴張	0.5027	0.5607
假陽具	0.5360	0.5870
勤奮	0.7600	0.4260
蒔蘿	0.4270	0.3600
沖淡	0.4170	0.3440
稀釋	0.4450	0.3370
十分錢	0.6530	0.3170
縮減	0.3160	0.2960
愛稱	0.3230	0.2000
餐車	0.6430	0.3020
極小	0.3570	0.4510
晚餐時間	0.7960	0.4060
恐龍	0.4480	0.6300
西洋鏡	0.5920	0.4410
文憑	0.7500	0.4620
昏頭昏腦的	0.4300	0.4020
試紙	0.3650	0.3120
針對	0.5417	0.4823
導向器	0.6880	0.5800
臟	0.1295	0.4945
殘	0.3080	0.4430
壞處	0.1500	0.3770
異議	0.2503	0.6217
不允許	0.1597	0.4943
不贊成	0.1485	0.5800
弄亂	0.1980	0.6570
慘重	0.1085	0.6905
懷疑	0.1850	0.5185
圓盤	0.6220	0.4100
丟棄	0.2363	0.4223
辨別	0.4590	0.5660
可識別的	0.4270	0.4410
卸貨	0.4270	0.5380
紀律	0.6450	0.5215
學科	0.6085	0.4075
洩露	0.5155	0.6665
變色	0.2240	0.3730
脫色的	0.2040	0.3400
斷開	0.2870	0.3107
斷開的	0.2920	0.2760
牢騷	0.2910	0.5615
中斷	0.2092	0.5523
間斷	0.2570	0.4840
不鼓勵	0.1840	0.4430
令人沮喪	0.0885	0.4110
演講	0.5353	0.4947
掃地	0.1120	0.4910
差異	0.3445	0.6290
離散的	0.5850	0.2310
鑑別	0.1600	0.7830
鐵餅	0.5420	0.4230
討論	0.3645	0.8055
脫離現實	0.1670	0.6200
解開	0.4334	0.5134
解脫	0.4345	0.4415
毀容	0.1530	0.6130
恥辱	0.0605	0.6005
灰頭土臉	0.0710	0.6610
可恥	0.0610	0.6910
不滿	0.1120	0.6330
厭惡的	0.0510	0.7730
不誠實	0.1425	0.5415
不名譽的	0.1120	0.6410
洗碗機	0.4800	0.2960
幻滅	0.0510	0.5190
不願	0.1250	0.4910
幾個不願意	0.4580	0.4540
懶得	0.3850	0.4420
消毒劑	0.5310	0.4290
造謠	0.2300	0.5770
不誠實的	0.1940	0.5090
解體	0.0940	0.5510
無私	0.5113	0.2907
脫節	0.3230	0.5180
磁盤	0.5730	0.4230
軟盤	0.5400	0.2775
不喜歡的	0.0620	0.5100
不喜歡	0.1630	0.6370
脫臼	0.1250	0.6250
錯位	0.2103	0.5087
不忠實	0.1870	0.7160
慘淡	0.1940	0.4500
解僱	0.2350	0.5337
不屑一顧	0.1880	0.5410
下馬	0.3610	0.4230
不服從	0.0510	0.8680
違	0.1430	0.5560
紊亂	0.1150	0.8160
亂	0.2240	0.6915
雜亂無章	0.0520	0.5070
認	0.1530	0.6370
貶損	0.0920	0.6630
調度	0.3170	0.4170
調度員	0.3650	0.7040
藥房	0.4060	0.3800
發放	0.6400	0.4500
飲水機	0.5830	0.3920
頂替	0.4240	0.5410
流離失所	0.2810	0.4720
顯示	0.6750	0.5480
處置	0.4115	0.5245
一無所有	0.3540	0.5770
駁斥	0.2645	0.5720
取消資格	0.0975	0.5705
資格	0.4920	0.5855
漠視	0.1770	0.6470
忽視	0.2030	0.3440
不名譽	0.1040	0.6880
謾	0.0620	0.6370
破壞性	0.2550	0.7550
不滿意	0.1198	0.5728
傳播	0.5046	0.6126
糾紛	0.3020	0.5815
論文	0.4997	0.5213
幫倒忙	0.2500	0.7940
持不同政見	0.3500	0.5820
相異	0.2760	0.4610
離解	0.1350	0.5550
分離性	0.2810	0.6150
不和諧	0.1915	0.5720
勸阻	0.4820	0.5000
遠端	0.4100	0.4010
距離	0.2330	0.3170
遙遠	0.2760	0.4170
餾分	0.5000	0.3470
蒸餾	0.4115	0.5045
分別	0.4470	0.4680
獨特	0.8540	0.4335
區分	0.5105	0.4645
傑出的	0.8230	0.5930
轉移	0.3102	0.6218
苦難	0.2223	0.6100
苦惱	0.1550	0.6990
分發	0.6430	0.5960
打擾	0.1750	0.7600
騷亂	0.1510	0.9280
煩擾的	0.1460	0.7920
廢棄	0.2395	0.2655
溝	0.3930	0.5620
短詩	0.4700	0.4330
晝夜	0.7140	0.2960
潛水	0.4945	0.4950
潛水員	0.5885	0.5500
發散	0.4330	0.6365
多種	0.5310	0.4900
多樣化	0.6560	0.5880
導流	0.7400	0.8210
聲東擊西	0.5510	0.5870
多樣	0.8060	0.4720
剝離	0.3177	0.5370
撤資	0.3020	0.5090
劃分	0.4740	0.4945
分為	0.2710	0.6230
神聖	0.8303	0.4820
師	0.3700	0.4810
除數	0.3440	0.5170
離婚	0.0975	0.6550
頭暈	0.2887	0.6613
溫順	0.5675	0.2045
碼頭	0.5360	0.3520
對接	0.3540	0.5960
醫生	0.7000	0.5310
博士學位	0.7760	0.4790
教義	0.5050	0.3835
記錄	0.5823	0.3903
躲閃	0.3330	0.7600
躲著	0.3960	0.6540
躲閃的	0.2810	0.5100
渡渡鳥	0.4380	0.3060
實干家	0.7240	0.5500
狗臉	0.2190	0.4700
狗窩	0.4340	0.4485
教條	0.5300	0.4600
武斷的	0.4480	0.5200
道場	0.5000	0.4350
拱頂	0.5550	0.3880
馴化	0.5940	0.3900
主導	0.5470	0.6445
統治	0.6555	0.6765
主權	0.6305	0.6165
驢	0.2970	0.5295
捐贈者	0.7140	0.4900
塗鴉	0.5930	0.5175
厄運	0.2050	0.6660
門	0.5295	0.2120
門鈴	0.5640	0.5000
門把手	0.4060	0.5530
看門人	0.5400	0.4305
門墊	0.4580	0.2690
門釘	0.4590	0.3700
門階	0.5310	0.2740
門口	0.5730	0.3040
塗料	0.4810	0.5990
學究氣	0.3020	0.4800
劑量	0.4340	0.4467
點	0.4785	0.2525
溺愛的	0.8880	0.4150
瘋瘋癲癲	0.3750	0.4020
雙	0.6250	0.3540
成對的東西	0.4200	0.4310
毫無疑問，	0.6880	0.4150
麵團	0.5880	0.2290
空間Doughboy	0.3650	0.4430
嚴厲	0.3600	0.4040
撲滅	0.3025	0.5145
鴿子	0.7085	0.2295
唐納	0.1200	0.5940
前衝	0.5210	0.3300
下載	0.6020	0.4900
瓢潑大雨	0.3280	0.6020
徹頭徹尾	0.6250	0.4540
缺點	0.1925	0.3850
停機	0.2400	0.2260
嫁妝	0.6040	0.4530
單調	0.3370	0.2255
通風良好	0.4580	0.5000
拖動	0.3880	0.6060
龍	0.5410	0.8210
鴨	0.5305	0.3740
戲劇	0.6147	0.6613
戲劇性	0.3670	0.7800
懸垂	0.5575	0.5970
畫	0.7040	0.4490
退稅	0.3020	0.4220
吊橋	0.5510	0.5570
抽屜	0.4840	0.2280
畫畫	0.6980	0.2160
恐懼	0.1883	0.7605
夢想	0.7607	0.4100
夢中情人	0.7760	0.4910
夢想家	0.8200	0.3940
做夢	0.8540	0.3200
夢境	0.8440	0.4710
夢	0.8650	0.4150
夢見	0.8120	0.3800
夢想的	0.8370	0.3500
淒涼	0.2600	0.4900
濕透	0.3020	0.3610
連衣裙	0.7600	0.3000
梳妝台	0.6040	0.3980
裁縫	0.6020	0.3180
幹	0.4683	0.2067
乾燥劑	0.3060	0.3470
鑽頭	0.2500	0.6020
駕駛	0.5470	0.5895
車道	0.5305	0.4410
細雨	0.5210	0.3530
無人駕駛飛機	0.4135	0.6315
藥物	0.2140	0.7900
迷藥	0.1020	0.7500
藥店	0.5105	0.3400
德魯伊	0.5170	0.4450
鼓聲	0.5940	0.7500
酒後駕車	0.0730	0.9000
烘乾機	0.4790	0.3430
乾燥	0.2920	0.2960
二元論	0.4900	0.4060
迴避	0.3310	0.5320
小鴨	0.6020	0.3530
鴨子	0.5200	0.4300
韌性	0.6000	0.5650
無用的人	0.1670	0.4550
應有	0.5620	0.3400
決鬥	0.2710	0.6960
稅	0.3135	0.4710
雙人	0.6940	0.6930
一種粗呢	0.5000	0.4000
啞	0.1880	0.3300
啞鈴	0.3020	0.4690
傾倒	0.3450	0.5000
餃	0.5800	0.3210
轉儲	0.3020	0.5830
逼債	0.4580	0.4310
蠢貨	0.1880	0.3270
雙工	0.5920	0.4520
重複	0.4270	0.4896
表裡不一	0.4060	0.5000
持續時間	0.6560	0.3700
黃昏	0.5110	0.3560
灰塵	0.3440	0.2460
撣	0.4080	0.2650
塵土飛揚	0.4060	0.2940
忠實的	0.7240	0.2450
所繪	0.3650	0.2650
動態	0.7240	0.7500
動力	0.7005	0.7515
動力學	0.7450	0.6820
炸藥	0.3440	0.8600
發電機	0.6175	0.6090
功能障礙	0.1560	0.4100
功能失調	0.1250	0.5580
急於	0.5210	0.8120
鷹	0.5935	0.5620
大發牢騷	0.5330	0.4620
賺	0.8650	0.7690
認真	0.6530	0.3800
語重心長	0.8120	0.3730
聽筒	0.5050	0.3315
耳環	0.6295	0.4330
聽不到	0.5520	0.3320
緩解	0.6636	0.3346
畫架	0.6940	0.3400
東	0.5155	0.3350
東行	0.5410	0.4080
簡單	0.7312	0.2085
隨和	0.7815	0.3390
烏木	0.4900	0.3170
熱情洋溢	0.6590	0.8560
梯隊	0.4900	0.4040
迴聲	0.5730	0.3730
蝕	0.5410	0.4690
黃道	0.5310	0.5200
生態	0.8850	0.2900
經濟	0.6037	0.4687
經濟學	0.6250	0.4810
生態系統	0.7290	0.2590
渦流	0.5393	0.5000
浮腫	0.2500	0.5190
前衛	0.2810	0.8950
大廈	0.6990	0.4465
編輯	0.6287	0.4150
社論	0.5830	0.3300
博學	0.7675	0.3655
鰻魚	0.2920	0.5640
怪異	0.2650	0.7710
毫不費力	0.6260	0.0900
積液	0.3440	0.7300
理論家	0.3160	0.4920
蛋殼	0.4080	0.2690
過分的	0.1500	0.7160
噴射	0.5230	0.6885
噴出	0.2970	0.6480
闡述	0.5690	0.4807
過去	0.5165	0.4253
彈	0.4530	0.6830
彈性	0.5693	0.4773
彎頭	0.4480	0.1330
高齡	0.4710	0.2920
長老	0.5250	0.2065
最年長	0.6250	0.4710
選	0.5785	0.5925
選舉	0.6250	0.5190
選修	0.6120	0.3800
電動	0.4945	0.6640
電動滑梯	0.5420	0.6600
電工	0.4490	0.5900
電力	0.6980	0.8100
通電	0.6560	0.7895
觸電	0.2710	0.7310
電刑	0.1770	0.8440
電磁	0.5310	0.6320
電子	0.5455	0.4725
電子產品	0.7080	0.5450
初級	0.6145	0.3145
電梯	0.6330	0.5610
小精靈	0.5110	0.4970
原種	0.6880	0.7040
埃爾	0.4690	0.4180
橢圓	0.4740	0.3450
橢球	0.5000	0.4400
橢圓的	0.4190	0.4080
榆樹	0.5100	0.3450
拉長	0.5830	0.3850
伸長	0.5610	0.5000
雄辯	0.8700	0.6800
闡發	0.5830	0.5090
難以捉摸	0.2290	0.6150
電子郵件	0.6980	0.2300
發出	0.6530	0.4640
從事	0.6560	0.6730
阻礙	0.1931	0.5979
大使館	0.6220	0.3330
潤	0.8420	0.5000
點綴	0.6730	0.4490
餘燼	0.4900	0.4810
貪污分子	0.1460	0.8230
象徵	0.6688	0.3806
實施例	0.5620	0.6900
壓花	0.5310	0.4810
繡花	0.6770	0.2790
刺繡	0.7810	0.3580
捲入	0.3370	0.7210
司儀	0.6940	0.5770
緊急情況	0.2760	0.8570
傑出	0.7065	0.5850
情緒化	0.7790	0.7140
重點	0.6530	0.7450
語調強的	0.6150	0.7070
氣腫	0.1560	0.5560
帝國	0.6785	0.6880
經驗	0.7067	0.5917
經驗主義	0.5830	0.4600
僱員	0.5820	0.3610
僱用	0.7500	0.5940
商場	0.6220	0.5560
空虛	0.1560	0.1680
優先購買權	0.5700	0.4060
鴯	0.4200	0.3580
乳膠	0.5620	0.4310
設定	0.6670	0.6120
紮營	0.6770	0.5730
蠱惑	0.8730	0.6500
妖嬈	0.7950	0.7000
包圍	0.4850	0.4340
飛地	0.5310	0.3330
環繞	0.5310	0.4605
鼓勵	0.9047	0.6607
累贅	0.3000	0.5210
百科全書	0.6790	0.3200
結束	0.2500	0.4245
瀕危	0.0830	0.8850
優勝	0.6630	0.4340
結束遊戲	0.4490	0.5380
結尾	0.3440	0.3650
無窮	0.5290	0.5013
心內膜炎	0.2350	0.5870
背書	0.8340	0.3600
賦予	0.6840	0.3980
天賦	0.7997	0.5650
扉頁	0.5420	0.4000
端點	0.3110	0.4100
灌腸劑	0.2810	0.6730
敵人	0.1030	0.8105
實施者	0.3980	0.6120
訂婚	0.8715	0.5915
產生	0.5610	0.7410
發動機	0.5730	0.5975
工程師	0.7190	0.5000
雕刻機	0.5520	0.4170
全神貫注	0.5310	0.6035
引人入勝	0.6980	0.7020
謎	0.5130	0.7000
責成	0.4375	0.6120
請享用	0.9590	0.7250
其樂融融	1.0000	0.4810
開導	0.7290	0.5490
開明	0.9560	0.5660
啟發	0.9033	0.6860
生氣	0.2142	0.7436
註冊	0.6617	0.4390
軍旗	0.6630	0.2700
確保	0.7370	0.4060
意味著	0.5130	0.6500
糾纏	0.2310	0.6790
糾葛	0.3020	0.7650
輸入	0.6587	0.4357
進取	0.8650	0.7840
封盤	0.9020	0.6440
藝人	0.8880	0.7090
愛好者	0.8670	0.8100
誘惑	0.5338	0.8402
整個	0.6710	0.4095
整體	0.6603	0.3945
有權	0.7290	0.3330
實體	0.5420	0.4020
昆蟲學	0.4380	0.3960
隨行人員	0.4910	0.5670
腑臟	0.3650	0.5380
滯留	0.1770	0.6040
企業家	0.8850	0.7040
委託	0.6930	0.3100
條目	0.5520	0.3530
枚舉	0.5210	0.3900
列舉	0.5480	0.3270
環境的	0.6330	0.3130
預見	0.5955	0.4050
短暫的	0.4827	0.3890
史詩	0.8570	0.7130
癲癇	0.1035	0.8240
結語	0.5820	0.3530
頓悟	0.6250	0.5960
情節	0.5000	0.5545
書信	0.6040	0.4170
墓誌銘	0.2760	0.3230
稱號	0.5300	0.3940
縮影	0.5050	0.5000
時代	0.5840	0.3750
等於	0.7810	0.1780
騎馬的	0.6330	0.5190
等距離	0.3750	0.4060
裝備	0.6500	0.5190
等價	0.6630	0.2500
當量	0.6460	0.3470
侵蝕	0.2600	0.7065
黃色書刊	0.7810	0.8700
對不按	0.2050	0.6020
不穩定的	0.2710	0.5030
誤排	0.3270	0.5280
爆發	0.1880	0.8200
噴發	0.1560	0.9130
凱雷德	0.4800	0.7240
升級	0.6700	0.6737
不斷升級	0.6460	0.7240
自動樓梯	0.5000	0.5300
逃脫	0.4480	0.7940
斷崖	0.4060	0.5530
護送	0.7290	0.4800
第三方託管	0.4490	0.5200
深奧	0.5000	0.6760
間諜	0.2997	0.7743
濃咖啡	0.6770	0.6200
男性尊稱	0.6040	0.5420
本質	0.5610	0.3755
實質上	0.6720	0.4470
編制	0.6900	0.3980
房地產	0.6530	0.3850
審美的	0.6350	0.3600
難能可貴	0.7960	0.4080
估計	0.7007	0.4563
蝕刻	0.5385	0.4290
永恆	0.6757	0.4657
空靈	0.5200	0.4190
倫理	0.7220	0.2780
詞源	0.5310	0.3700
桉樹	0.6020	0.3080
尤卡樸克	0.4700	0.4590
優生學	0.4480	0.5300
歌功頌德	0.7400	0.6230
謳歌	0.8500	0.5180
頌	0.5937	0.4197
婉辭	0.4180	0.4530
歐元	0.6800	0.4410
安樂死	0.2290	0.7160
撤離	0.3540	0.7920
評測	0.5420	0.6670
傳道	0.5920	0.4720
福音書作者的	0.6600	0.3750
蒸發	0.4565	0.4075
晚間	0.4580	0.1850
最終	0.5553	0.5280
常綠	0.7290	0.4710
永恆的	0.7400	0.4130
每個人	0.5220	0.3330
趕出	0.1135	0.6815
證據	0.4740	0.5205
明顯	0.5757	0.4560
邪惡	0.1440	0.7268
喚起	0.4380	0.3410
發展的	0.7960	0.6730
精確	0.7430	0.3810
誇大	0.2327	0.7790
誇張的	0.2240	0.8850
誇張	0.3905	0.6480
考試	0.4790	0.6630
檢查員	0.4120	0.5775
惱怒	0.2140	0.8330
挖掘機	0.4270	0.6730
超過	0.5197	0.6823
超額	0.5000	0.8020
高強	0.5610	0.3630
優秀	0.8913	0.6957
過量	0.2475	0.8545
過多	0.5315	0.6665
過分地	0.4490	0.8820
交換	0.6460	0.5345
興奮	0.8670	0.9443
勵磁	0.7920	0.9580
激發	0.8230	0.9500
感嘆	0.3840	0.5675
獨家	0.7920	0.6300
糞便	0.2480	0.4517
藉口	0.2400	0.6960
劊子手	0.1940	0.8465
行政人員	0.7040	0.4490
執行者	0.3650	0.7550
模範	0.6670	0.4840
例證	0.7350	0.5060
發揮	0.5865	0.7550
排氣	0.5460	0.7100
展覽	0.6980	0.5900
令人振奮	0.8440	0.6855
不亦樂乎	0.7920	0.8680
講道	0.5230	0.4963
發掘	0.1805	0.6065
現有	0.8020	0.3440
出埃及記	0.2860	0.6630
驅魔	0.1630	0.9800
祓魔師	0.2190	0.9060
異國情調	0.8400	0.7110
權宜	0.8850	0.4610
遠征	0.7350	0.8020
驅逐	0.2810	0.7250
費用	0.3355	0.4185
花費	0.2680	0.4645
有經驗的	0.7710	0.6130
實驗	0.5580	0.7445
試驗	0.4995	0.7105
實驗者	0.7080	0.7100
專家	0.7680	0.6040
專門知識	0.7920	0.5890
呼氣	0.2650	0.5390
過期	0.1980	0.3940
說明	0.6970	0.4417
解釋性	0.5520	0.4910
髒話	0.3570	0.5670
解釋	0.5693	0.5553
開發	0.1560	0.9200
探險者	0.7290	0.6630
博覽會	0.6100	0.5620
指數	0.5603	0.4553
說明文	0.7060	0.6530
表達	0.7900	0.6500
表現的	0.7550	0.7240
開除	0.1900	0.7900
玲瓏	0.8490	0.7280
現存	0.6460	0.3900
擴展	0.6150	0.4480
廣泛	0.6553	0.4763
外觀	0.5420	0.4000
滅絕	0.1470	0.8050
滅蟲	0.3440	0.8040
絕種	0.1120	0.4910
滅火器	0.7070	0.3790
稱賞	0.5820	0.6670
敲詐	0.1120	0.8680
課外	0.4570	0.4710
法外處決	0.3650	0.6860
外來	0.2760	0.6250
揮霍無度	0.5310	0.8020
大匯演	0.6460	0.7860
極端	0.3180	0.8000
極端的期待	0.5510	0.7400
極度厭惡	0.0520	0.8730
極度驚喜	0.8330	0.9350
極端的信任	0.8260	0.7130
非常消極	0.0460	0.6535
非常積極	0.9867	0.6063
擠壓	0.2445	0.6290
散發出	0.3750	0.5190
滿眼	0.8020	0.5000
眼鏡	0.5958	0.3776
眼線	0.6880	0.3490
目鏡	0.4180	0.3585
目擊者	0.5410	0.6860
傳說	0.7310	0.5285
製造	0.6238	0.5520
極好	0.9790	0.6600
設施	0.6250	0.5000
傳真	0.4480	0.4340
事實	0.6757	0.4147
廠	0.6150	0.3400
時尚	0.7788	0.5292
失敗	0.1563	0.5477
暈	0.0630	0.4290
昏暈	0.3330	0.5100
相當	0.7900	0.4060
移情別戀	0.1020	0.6830
鶻	0.5570	0.5800
錯誤的	0.2710	0.5870
謬論	0.1120	0.5610
易錯的	0.3650	0.5370
輸卵管	0.2970	0.3900
掉出來	0.4280	0.3560
謬誤	0.0310	0.6250
名譽	0.8905	0.6600
家人在一起的時間	0.9390	0.4200
飢荒	0.1630	0.6790
餒	0.1770	0.6540
風扇	0.7810	0.4290
狂熱的	0.5190	0.8467
撒嬌的	0.6770	0.5920
大張旗鼓	0.6560	0.6400
范甯	0.6150	0.3300
鬧劇	0.2650	0.6670
票價	0.4900	0.4250
告別	0.1300	0.5000
農場	0.7810	0.3270
農民	0.6770	0.4320
農家	0.6900	0.3300
農田	0.7290	0.3630
法魯	0.5440	0.3490
更遠	0.4180	0.5000
法西斯主義	0.1040	0.7400
時髦	0.5717	0.5847
緊固件	0.5770	0.3770
緊固	0.5940	0.4730
宿命論	0.2080	0.6940
命運多舛	0.5820	0.4720
決定命運	0.2900	0.5830
黑頭	0.2960	0.5270
父親	0.8485	0.4260
祖國	0.7030	0.4220
父愛	0.8650	0.3630
疲勞	0.2274	0.3676
龍頭	0.4440	0.3240
動物區系	0.6460	0.3460
偏愛	0.7287	0.4557
喜愛	0.9060	0.5210
討好	0.6260	0.3600
擔心	0.1547	0.7220
功績	0.7500	0.7060
特徵	0.6010	0.3707
發熱	0.3115	0.6260
美聯儲	0.6020	0.3700
受夠了	0.3270	0.5000
飼料	0.5703	0.3920
反饋	0.6220	0.5570
給料機	0.6040	0.4520
感覺	0.7963	0.5313
感覺不錯	0.9900	0.4410
腳	0.5100	0.2400
假裝	0.3453	0.4860
貓的	0.6150	0.7450
漢子	0.4580	0.5175
獎學金	0.8830	0.4595
氈	0.6430	0.4170
女權主義	0.5410	0.5700
女權主義者	0.5100	0.5600
籬笆	0.5000	0.1980
圍欄	0.5105	0.4555
擊劍	0.5420	0.6540
擋開	0.6460	0.7310
擋泥板	0.3690	0.4590
發酵	0.3975	0.5490
蕨類	0.6020	0.2400
兇猛	0.1670	0.9150
熱切	0.6460	0.6320
節	0.7410	0.5245
歡樂的	0.8800	0.7730
胎兒	0.4790	0.5190
發燒的	0.3850	0.6960
慘敗	0.1670	0.6000
菲亞特	0.5200	0.4180
纖維	0.5995	0.3625
玻璃纖維	0.4510	0.4510
纖維化	0.1600	0.4690
小說	0.5700	0.5045
虛構	0.4910	0.4030
虛擬	0.4110	0.4880
手忙腳亂的	0.2290	0.7860
信託的	0.3750	0.4000
領域	0.6603	0.3887
火熱	0.4180	0.8500
節日	0.8410	0.6110
鬥爭	0.4480	0.8440
戰鬥機	0.6370	0.7600
燈絲	0.5100	0.4520
絲狀	0.5310	0.4800
內圓角	0.6150	0.3920
阻撓議事	0.2710	0.7140
掐絲	0.5760	0.4080
備案	0.6200	0.4200
申請	0.3230	0.4120
魚片	0.7450	0.4150
電影製片人	0.7040	0.5100
過濾	0.4235	0.4080
污穢	0.1670	0.6345
最後	0.4295	0.5040
壓軸	0.4060	0.3300
決賽	0.8330	0.6860
終局	0.6150	0.3680
發現者	0.3600	0.5500
精細	0.8230	0.2400
指紋	0.5465	0.3755
槍支	0.2200	0.9430
消防隊員	0.6100	0.7575
螢火蟲	0.6220	0.4100
壁爐	0.6670	0.3800
爐邊	0.6840	0.3770
風暴	0.2110	0.9263
火牆	0.4850	0.6020
煙花	0.7350	0.8630
射擊	0.1962	0.8798
蒼穹	0.7500	0.4070
堅固性	0.8230	0.4790
長女	0.7860	0.4900
財	0.5000	0.5820
魚	0.5100	0.2800
漁	0.6560	0.4610
漁業	0.5740	0.5030
漁船	0.5210	0.4030
裂變	0.3330	0.4900
拳頭	0.3330	0.6860
拳戰	0.2080	0.9020
瘺	0.3120	0.4810
身體素質	0.8750	0.5290
裝	0.5070	0.4040
五元美鈔	0.4580	0.4690
可以解決	0.7240	0.4700
固定術	0.5620	0.4590
夾具	0.5970	0.3060
燈具	0.6430	0.3300
峽灣	0.5100	0.4040
嚇壞的	0.2530	0.7590
鬆弛	0.4605	0.3005
標記	0.5040	0.3610
旗桿	0.5000	0.3940
明目張膽	0.2860	0.6730
旗艦	0.5920	0.5870
風騷	0.7750	0.4710
高射砲	0.3900	0.6000
片狀	0.3630	0.5090
龍飛鳳舞	0.6150	0.7940
噴火器	0.1600	0.8820
火烈鳥	0.6670	0.4510
水果餡餅	0.6040	0.3040
輪緣	0.5050	0.3515
側翼	0.4690	0.5400
兩側	0.3330	0.4310
絨布	0.4900	0.2500
撲	0.4685	0.6380
閃光	0.7177	0.6977
喇叭褲	0.5800	0.6420
閃	0.5710	0.5900
倒敘	0.2650	0.4000
閃爍	0.6021	0.5517
手電筒	0.6530	0.4140
華而不實	0.7040	0.6000
燒瓶	0.4180	0.4120
受寵若驚	0.8650	0.6080
諂媚的	0.7550	0.6860
阿諛	0.4700	0.5750
脹氣	0.2100	0.6320
標榜	0.4380	0.6110
完美無瑕	0.7290	0.4200
逃離	0.3620	0.6995
靈活性	0.8670	0.4020
靈活	0.7190	0.4600
傳單	0.5037	0.3320
飛行	0.7615	0.6180
輕浮	0.2450	0.5835
單薄	0.3020	0.3960
退縮	0.3500	0.8040
翻動	0.2810	0.5290
腳蹼	0.6770	0.4200
翻轉	0.4665	0.5305
調情	0.6783	0.7607
賣俏的	0.7140	0.7210
浮動	0.6880	0.3940
拍擊聲	0.0810	0.6420
綿	0.5000	0.2800
浮選	0.5100	0.3530
比目魚	0.5800	0.3725
麵粉	0.5300	0.2350
流動	0.5710	0.4800
波動	0.3080	0.6527
煙道	0.3540	0.6880
流暢	0.7760	0.5040
蓬鬆	0.5570	0.4855
流體	0.6730	0.4070
流動性	0.7057	0.5450
吸蟲	0.4460	0.4500
熒光	0.6670	0.4900
熒	0.6020	0.5950
飄雪	0.4220	0.7600
慌張	0.3020	0.7600
紅暈	0.4080	0.7550
長笛	0.6350	0.3300
飛	0.7600	0.7750
飛輪	0.6670	0.4800
駒	0.5420	0.5780
發泡	0.6430	0.2400
焦點	0.6900	0.3820
多霧路段	0.5100	0.2130
有霧	0.3540	0.3370
挫敗	0.2310	0.4423
折疊	0.2695	0.4165
葉子	0.6200	0.3730
對開	0.5065	0.3725
民間	0.6630	0.4330
民俗學	0.7550	0.5850
濾泡	0.4010	0.3050
跟隨	0.6670	0.5090
喜歡	0.8557	0.5197
愛撫	0.7940	0.5640
火鍋	0.6560	0.3630
餐飲	0.8880	0.3240
上當	0.0510	0.6920
蠻幹	0.5410	0.8160
簡單的	0.4790	0.4840
腳丫子	0.4900	0.2900
腳凳	0.4690	0.3170
鏡頭	0.6250	0.2350
人行天橋	0.5820	0.3750
立足點	0.7600	0.3460
腳印	0.5920	0.2920
鞋類	0.6430	0.3370
紈褲子弟	0.2810	0.5610
突襲	0.4180	0.6180
森嚴	0.1980	0.7810
鉗子	0.3540	0.6150
預感	0.4390	0.7060
預測	0.5670	0.5245
預報	0.6350	0.6110
取消抵押品贖回權	0.2200	0.5820
喪失抵押品贖回權	0.1670	0.6510
第一線	0.5730	0.5590
前額	0.4700	0.3080
外國人	0.5000	0.5190
領班	0.4580	0.6120
取證	0.2350	0.5450
前戲	0.7240	0.6270
先見之明	0.6800	0.4820
壟斷	0.4945	0.5295
深謀遠慮	0.7650	0.4910
永遠的孤獨	0.2960	0.3750
永遠	0.8430	0.4250
凡事預	0.4800	0.6180
鍛造	0.4335	0.6015
鍛工	0.1560	0.6730
偽造品	0.2350	0.6540
忘記	0.3120	0.3820
原諒	0.7655	0.3550
饒恕	0.6670	0.4300
寬容	0.7007	0.3372
忘記了	0.2350	0.2800
叉車	0.4800	0.5370
形式主義	0.8380	0.2890
禮節	0.5940	0.3530
編隊	0.6150	0.4530
強大	0.8283	0.7613
無形	0.4090	0.3337
處方	0.4165	0.4035
亂倫	0.2190	0.9020
離棄	0.0500	0.4900
當真	0.4900	0.4500
即將到來	0.6740	0.4845
築城	0.6520	0.7690
強化	0.7540	0.7737
堅忍不拔	0.8230	0.6080
兩星期	0.7700	0.6500
幸運	0.9325	0.6675
論壇	0.5830	0.5375
前鋒	0.6887	0.5470
轉發	0.5735	0.5560
犯規	0.2240	0.4600
創辦人	0.7600	0.4650
鑄造廠	0.5310	0.4910
噴泉	0.7040	0.2920
避彈坑	0.3120	0.5390
門廳	0.5625	0.3000
分數	0.4803	0.4263
斷裂	0.1350	0.7400
殘缺不全	0.4380	0.5200
幀	0.4690	0.3330
專營權	0.6630	0.4000
兄弟會	0.8030	0.4535
誤人子弟	0.2660	0.6620
疲憊不堪	0.3440	0.4150
嚇壞	0.1350	0.9170
嚇壞了	0.1243	0.8347
辣媽	0.1900	0.6150
贈品	0.7960	0.5960
自由職業者	0.7235	0.5705
凍結	0.1910	0.4060
冷凍	0.3270	0.3670
貨輪	0.4060	0.4450
法國號​​角	0.5730	0.4710
喪心病狂	0.3650	0.9510
頻率	0.5610	0.5570
頻繁	0.5940	0.4810
壁畫	0.6890	0.2725
新鮮	0.9125	0.3125
全新的開始	0.7650	0.5800
煩躁	0.4090	0.6890
無依無靠	0.1020	0.3600
護衛艦	0.4900	0.5100
驚駭	0.1770	0.8160
嚇唬	0.2550	0.8430
受驚	0.1530	0.8170
流蘇	0.5050	0.3500
飛盤	0.7060	0.5430
歡躍的	0.7000	0.6320
歡樂	0.9116	0.6803
臨街	0.5100	0.3560
凍瘡	0.2030	0.3800
結霜	0.8230	0.4800
皺眉	0.2140	0.6020
皺著眉頭	0.1940	0.5820
凍結的	0.3440	0.3460
節儉	0.5420	0.3675
果汁飲料	0.8370	0.3630
不結果	0.2600	0.5800
圓潤的	0.6830	0.4140
阻撓	0.1905	0.7465
洩氣	0.0420	0.6960
油炸鍋	0.5730	0.4590
紫紅色	0.5830	0.3025
他媽的	0.1660	0.8550
支點	0.4100	0.3200
後衛	0.4950	0.6270
令人生厭的	0.5100	0.5090
煙	0.3795	0.4370
發煙	0.2400	0.6600
開玩笑	0.7720	0.7690
實用	0.7500	0.5000
原教旨主義	0.4900	0.4300
從根本上	0.6530	0.4410
籌款	0.7600	0.6200
爐	0.5945	0.4020
裝設	0.7550	0.4870
轟動	0.5000	0.8630
保險絲	0.3730	0.5650
機身	0.3120	0.5580
聚變	0.6350	0.5610
小題大作	0.4060	0.8760
無用	0.0955	0.3535
蒲團	0.4290	0.3510
魚叉	0.4115	0.5590
插科打諢	0.3230	0.6600
鵝群	0.5420	0.5290
步態	0.5100	0.3980
加侖	0.5155	0.3980
銀	0.6700	0.5605
大風	0.2710	0.6910
癭	0.4170	0.5100
膽囊	0.3540	0.4710
擦傷	0.2700	0.7310
畫廊	0.6590	0.4330
廚房	0.6100	0.3395
馳騁	0.5000	0.7750
舞動	0.6430	0.7350
絞架	0.1670	0.7120
豐富地	0.8230	0.5740
電流的	0.3960	0.4900
賭	0.5680	0.7980
賭徒	0.4580	0.6940
賭博	0.6305	0.7195
遊戲	0.7350	0.7880
比賽日	0.7290	0.5930
遊戲時間	0.7350	0.5710
伽馬	0.4800	0.4290
醃豬腿	0.5100	0.4180
無心插柳柳成蔭	0.5100	0.4100
結夥	0.2170	0.8500
黑社會	0.4355	0.5100
壞疽	0.1240	0.6375
監獄	0.1375	0.8030
間隙	0.3960	0.4510
張開	0.4080	0.6680
車庫	0.5310	0.2830
亂碼	0.0740	0.7200
花園	0.7725	0.2160
園丁	0.6730	0.3460
園藝	0.7160	0.3800
駐軍	0.5100	0.5270
襪帶	0.5210	0.4060
氣	0.3980	0.4620
劃開	0.4290	0.5600
氣化	0.3440	0.5090
墊圈	0.5675	0.3785
喘氣	0.3653	0.6403
網關	0.5920	0.3760
佳得樂	0.7190	0.5290
華而不實的	0.5205	0.5590
測量	0.5120	0.4082
計量	0.4800	0.4630
長手套	0.4200	0.4910
紗布	0.4600	0.2750
同性戀者	0.3370	0.5985
凝視	0.6173	0.4357
涼亭	0.6325	0.3550
公報	0.4690	0.3900
極大數	0.5310	0.5340
齒輪	0.5100	0.5770
極客	0.4790	0.3920
令人討厭	0.3105	0.6185
吉茲	0.4170	0.3960
藝妓	0.5210	0.6790
凝膠	0.5240	0.2060
明膠	0.5620	0.4020
監	0.5065	0.4995
雙子座	0.5310	0.3200
性別	0.7455	0.6425
家譜	0.4790	0.3700
概論	0.6040	0.3600
創世紀	0.6120	0.4290
遺傳	0.5990	0.4443
遺傳學	0.5520	0.4600
和藹的	0.8670	0.6300
精靈	0.6605	0.5190
種族滅絕	0.0200	0.8780
基因組	0.5070	0.3660
類型	0.5100	0.3585
紳士	0.6980	0.4665
溫雅	0.9170	0.3330
溫和	0.7697	0.2590
紳士風度	0.9180	0.4510
溫柔	0.9270	0.2780
平緩	0.9170	0.2550
紳	0.5600	0.4800
種	0.5820	0.3490
地質	0.6670	0.3240
地質學家	0.5940	0.4310
地質學	0.6350	0.3210
幾何	0.5160	0.3130
德語	0.4380	0.2900
有密切關係	0.5700	0.5000
發芽	0.5417	0.5090
手勢	0.6670	0.4810
陰森	0.1095	0.8135
貧民區	0.3020	0.6300
幽靈的	0.2600	0.7640
盜墓者	0.2600	0.5610
禮品	0.8725	0.6470
笑聲	0.9120	0.6690
鍍金	0.6510	0.4440
鰓	0.5000	0.5280
花邊	0.5470	0.3210
生薑	0.4060	0.3750
薑餅	0.5970	0.3330
參	0.6770	0.3600
長頸鹿	0.5610	0.3470
腰帶	0.5000	0.3400
周長	0.4950	0.3980
給	0.7725	0.3395
小發明	0.5100	0.4900
無毛	0.2745	0.3545
高興	0.8447	0.7193
林間空地	0.6000	0.3850
角鬥士	0.5000	0.8330
強光	0.6980	0.7350
閃閃發光的	0.8140	0.5727
狹谷	0.5730	0.3370
滑翔機	0.6180	0.5480
閃亮	0.8250	0.6060
金光閃閃	0.8600	0.5880
幸災樂禍	0.4270	0.6385
愁雲	0.1350	0.4040
陰沉	0.1783	0.4157
讚美	0.7076	0.4918
榮耀	0.9177	0.6320
掩飾	0.7570	0.4660
詞彙表	0.5700	0.2040
輝光	0.9180	0.5000
泛著	0.9400	0.6200
膠	0.5115	0.2860
麩質	0.3850	0.3080
饞嘴	0.4380	0.5190
守門員	0.5730	0.3890
吞併	0.3900	0.6230
高腳杯	0.7860	0.3530
詛咒的	0.0420	0.7580
荒涼的	0.4390	0.5200
無神	0.3160	0.5570
上帝喜歡	0.8540	0.6480
天賜	0.8650	0.5620
護目鏡	0.5250	0.2860
風鏡	0.6670	0.3600
金魚	0.7860	0.2960
高爾夫球	0.5730	0.3580
高爾夫球手	0.6020	0.4020
高爾夫	0.6250	0.4270
貢多拉	0.5200	0.4040
感傷	0.5325	0.4348
禮包	0.8540	0.3270
好吃的東西	0.9500	0.6220
優美的	0.7010	0.4710
好的音樂	0.7560	0.5000
產品	0.7670	0.4065
美好時光	0.9100	0.5260
感傷的	0.5890	0.4085
高飛	0.2810	0.2240
鵝	0.4790	0.2830
血塊	0.2600	0.6080
華麗	0.9200	0.5600
燉牛肉	0.5820	0.4290
葫蘆	0.4270	0.2710
痛風	0.3540	0.3140
州長	0.5260	0.6435
優美	0.9060	0.5100
和藹地	0.9480	0.3530
層次	0.4870	0.4770
年級	0.6980	0.3600
分級	0.5415	0.4800
分級機	0.5830	0.3170
等級	0.5210	0.3490
緩	0.5710	0.3500
逐漸	0.5830	0.3850
畢業	0.8890	0.6095
大盤	0.5730	0.3840
糧食	0.3900	0.1980
語法	0.5600	0.2870
俠盜獵車手	0.4930	0.6630
孫子	0.7850	0.4370
孫女	0.8230	0.4450
富麗堂皇	0.8850	0.7960
雄偉	0.9240	0.7065
爺爺	0.8060	0.2960
譁眾取寵	0.5000	0.6790
農莊	0.5310	0.3400
花崗岩	0.5720	0.3430
格蘭諾拉麥片	0.6250	0.2400
理所當然	0.8820	0.3480
受讓人	0.8650	0.4770
讓與人	0.5420	0.5000
粒狀	0.4780	0.3370
顆粒	0.4060	0.3730
圖形	0.5100	0.2860
圖像	0.5720	0.4625
抓鉤	0.4900	0.5770
綠色的	0.6470	0.3230
爐排	0.3330	0.2500
享樂	0.8670	0.6430
稱心	0.7810	0.5190
取悅	0.8370	0.5390
光柵	0.5120	0.3370
感謝	0.9270	0.3925
免費的	0.7350	0.6500
賞錢	0.8650	0.5000
墳	0.1530	0.3850
鹵	0.6080	0.4500
輕擦	0.5600	0.2550
潤滑脂	0.2550	0.4040
加油機	0.4080	0.5180
膩	0.3990	0.4420
偉大的期待	0.7860	0.7350
偉大的阿姨	0.8960	0.4190
非常厭惡	0.0420	0.8360
偉大的奶奶	0.7710	0.2210
非常驚喜	0.9390	0.9410
偉大的叔叔	0.7290	0.3980
大大消極	0.0510	0.6400
偉大	0.9900	0.7500
貪心	0.3110	0.7760
綠色	0.6300	0.3060
綠豆	0.4690	0.2800
綠皮書	0.5000	0.4310
呈綠色的	0.5740	0.2900
綠林	0.5310	0.3820
歡迎	0.8730	0.5080
手榴彈	0.2810	0.7770
灰獵犬	0.5200	0.4900
傷心	0.1645	0.3965
悲傷	0.0710	0.5475
進氣格柵	0.3370	0.3270
嚴峻	0.3100	0.4830
煤塵	0.1980	0.5000
骯髒	0.1337	0.5697
外國佬	0.5400	0.4520
嚇人的	0.0830	0.8630
砂礫	0.4490	0.2960
糝	0.4580	0.3330
堅韌不拔	0.4170	0.3730
雜貨商	0.6250	0.2500
雜貨	0.7135	0.4515
糊里糊塗的	0.2350	0.2650
腹股溝	0.2960	0.4520
馬夫	0.6980	0.5000
土撥鼠	0.3850	0.3240
莫須有	0.2120	0.5175
組	0.5470	0.4525
分組	0.7450	0.5800
松雞	0.4480	0.4010
灌漿	0.4050	0.3560
樹林	0.6040	0.2450
增長	0.9140	0.6150
吠聲	0.1940	0.7640
長大	0.7350	0.4000
蠐螬	0.6020	0.4060
勉強	0.1240	0.6230
嚴罰	0.1800	0.7630
嘰	0.1010	0.7500
脾氣壞	0.2600	0.4690
咕嚕	0.2860	0.7980
呼嚕	0.1980	0.8270
鳥糞	0.2960	0.3430
守衛	0.6750	0.5980
警衛室	0.5100	0.4350
監護人	0.6560	0.6860
監護	0.4925	0.4060
衛士	0.4480	0.6630
游擊	0.1460	0.8450
游擊隊	0.2190	0.9170
猜測	0.5285	0.4570
猜測者	0.5420	0.6700
指導	0.7290	0.4805
方針	0.4590	0.5000
公會	0.5800	0.4590
詭計	0.4093	0.6805
斷頭台	0.1630	0.8170
幾內亞	0.5210	0.4400
紅色	0.4690	0.4430
海灣	0.5200	0.3650
鷗	0.5940	0.3170
輕信	0.4400	0.4420
進取心	0.4800	0.5380
槍	0.1470	0.9200
砲艦	0.1390	0.6630
槍戰	0.0880	0.9313
槍手	0.1780	0.9118
砲手	0.2500	0.8530
槍口下	0.1880	0.8170
火藥	0.4250	0.8530
槍擊	0.0420	0.9530
領袖	0.5730	0.3600
噴	0.4738	0.5503
噴油井	0.4060	0.5200
陣風	0.4900	0.7550
有風的	0.6870	0.6310
腸道	0.4080	0.3670
無膽	0.2500	0.3810
排水溝	0.4660	0.2600
傢伙	0.5830	0.3670
體操運動員	0.6700	0.7600
體操	0.7775	0.6915
婦科醫生	0.5520	0.5660
婦科	0.4080	0.5900
吉普賽人	0.3750	0.6650
陀螺儀	0.5000	0.3900
棲息地	0.6330	0.3430
習慣性地	0.6000	0.3240
牧場	0.5533	0.3490
鋼鋸	0.4060	0.6450
頭髮	0.5820	0.1860
髮刷	0.4540	0.2160
理髮	0.6770	0.3430
髮型	0.6615	0.3500
吹風機	0.6420	0.4020
發際線	0.4180	0.1540
發膠	0.5490	0.2790
中衛	0.4900	0.4290
中場休息	0.4580	0.3520
大廳	0.5100	0.3400
哈利路亞	0.7700	0.5540
特點	0.5320	0.4090
幻覺	0.3960	0.7060
羈	0.4480	0.4510
暫停	0.2970	0.3866
對分	0.3160	0.3470
減半	0.2920	0.4740
村莊	0.5730	0.2700
錘子	0.3120	0.5090
鎚頭	0.3370	0.4900
倉鼠	0.5200	0.3940
手冊	0.6175	0.2345
少數	0.5210	0.4810
手槍	0.2453	0.7627
殘廢	0.2040	0.4670
手工業	0.7240	0.3330
處理	0.6447	0.6053
處理器	0.5620	0.5265
手工製造	0.7760	0.3830
講義	0.5600	0.3300
手寫	0.6150	0.3780
勤雜工	0.6600	0.3730
掛	0.3505	0.5000
機庫	0.4900	0.4560
漢克	0.5100	0.3750
發生	0.5670	0.6403
高高興興	1.0000	0.6900
快樂的舞蹈	0.8570	0.7600
快樂的一天	0.9290	0.6500
騷擾	0.1240	0.8400
強硬	0.4430	0.6275
鐵桿	0.3905	0.5810
腳踏實地	0.1560	0.6990
輕率	0.2405	0.5735
閨房	0.5210	0.5780
無害	0.6250	0.2260
諧波	0.8650	0.4000
和諧地	0.9690	0.2650
協	0.9390	0.4610
馬俱	0.5700	0.5490
豎琴	0.6180	0.3100
大鍵琴	0.5410	0.4900
悲慘	0.1285	0.8570
掠奪	0.3747	0.5830
趕快	0.3780	0.7450
趨	0.5710	0.7500
懷恨在心者	0.0520	0.7020
出沒	0.2880	0.6760
鬧鬼	0.2640	0.7310
避風港	0.6840	0.2650
陰霾	0.4270	0.3270
危險品	0.3980	0.4790
朦朧	0.3427	0.4587
頭	0.5450	0.4350
頭痛	0.1360	0.7375
頭帶	0.6700	0.4690
頭飾	0.6565	0.3540
無頭	0.1360	0.5820
車燈	0.5920	0.3430
頂篷	0.5000	0.4900
啞致	0.4480	0.5380
頭向前	0.3540	0.5480
頭戴耳機	0.6000	0.3570
總部	0.6150	0.2690
耳機	0.6020	0.3400
風頭正勁	0.4480	0.8060
癒合	0.7650	0.2450
治癒者	0.8630	0.3780
復原	0.6440	0.5227
衛生保健	0.7800	0.3920
聽	0.7655	0.3945
聽者	0.6560	0.2810
聽力	0.6690	0.4900
傳聞	0.3575	0.6135
柩車	0.1770	0.4900
令人傷心	0.2650	0.6850
腸斷	0.0820	0.5510
胃灼熱	0.1430	0.6130
盡情地	0.9270	0.5310
心臟地帶	0.8120	0.5100
沮喪的	0.2400	0.3880
心絲蟲	0.3330	0.5500
加熱	0.5630	0.4940
加熱器	0.5000	0.5730
異教徒	0.1883	0.6392
石南屬	0.5000	0.3520
舉起	0.7160	0.5880
嚴重	0.3370	0.6508
重金屬	0.4170	0.7550
重量級	0.4290	0.5780
公頃	0.5700	0.2500
樹籬	0.6040	0.6020
享樂主義	0.5100	0.5000
腳跟	0.4900	0.3945
霸權	0.6280	0.6125
繼承者	0.8400	0.6540
女繼承人	0.8270	0.5710
傳家寶	0.6840	0.3750
繼承人	0.7960	0.5190
搶劫	0.3070	0.8013
直升機停機坪	0.7800	0.6370
直升機場	0.5940	0.6040
地獄	0.0828	0.8220
地獄之火	0.1430	0.8900
地獄坑	0.2000	0.6150
地獄般	0.1250	0.8600
頭盔	0.5730	0.3270
幫幫我	0.6730	0.4710
幫手	0.7040	0.4380
有幫助	0.8160	0.3370
無助	0.1040	0.4200
無奈	0.0870	0.4800
赤鐵礦	0.4480	0.3890
血腫	0.1460	0.6000
血紅蛋白	0.4690	0.4810
今後	0.5270	0.4040
先鋒	0.7195	0.5000
紋章	0.5500	0.5200
標本館	0.6020	0.1880
草藥	0.6200	0.2990
異端	0.2650	0.7650
茲	0.4500	0.3600
遺產	0.8133	0.5030
雌雄同體	0.4800	0.6840
詮釋學	0.4060	0.5770
隱士	0.2555	0.4135
英雄事蹟	0.8650	0.6730
英雄主義	0.8440	0.8020
皰疹病毒	0.2190	0.5580
鯡魚	0.5310	0.3870
赫茲	0.3960	0.4170
遲疑	0.4590	0.5480
猶豫	0.2860	0.3960
異質	0.5890	0.4050
異質性	0.4390	0.4500
異性	0.5610	0.6120
十六進制	0.4100	0.5100
六邊形	0.5420	0.2260
極盛	0.6460	0.6800
過冬	0.5000	0.3170
蟄伏	0.4690	0.2450
鄉下人	0.3790	0.4710
隱	0.2080	0.4300
等級制度	0.5830	0.7220
遠足	0.6150	0.4420
遠足啟動	0.6570	0.3530
歡鬧的	0.7500	0.6400
歡鬧	0.7450	0.4800
山頂	0.6705	0.5920
後	0.4840	0.5163
合頁	0.4580	0.2920
聘請	0.6880	0.5580
發嘶嘶聲	0.5000	0.4540
組織學	0.4900	0.3200
歷史學家	0.6880	0.2700
歷史性	0.8160	0.4730
歷史的	0.6530	0.3570
史學	0.5620	0.4150
歷史	0.7290	0.3820
擊中	0.2350	0.9310
搭腳兒	0.3960	0.6220
短篇廣告	0.5940	0.6260
嘶啞	0.2810	0.4020
蒼老	0.4690	0.2980
惡作劇	0.3852	0.7560
滾刀	0.6330	0.3630
愛好	0.8270	0.5600
流浪漢	0.2320	0.5003
踝關節	0.5130	0.4520
虛情假意	0.6040	0.6670
耽誤	0.3980	0.4710
聖潔	0.8625	0.2750
聖	0.8120	0.1760
歸國	0.7600	0.4130
家園	0.7640	0.3300
無家可歸	0.0420	0.4500
自製	0.8690	0.3400
順勢療法	0.4170	0.2680
同種療法	0.4690	0.2840
家鄉	0.8580	0.3330
家庭作業	0.3960	0.4120
殺人	0.0150	0.9425
歸巢	0.5510	0.4600
同質化	0.7150	0.3650
同質	0.5520	0.2550
同性戀	0.2485	0.7160
磨練	0.6880	0.3920
誠實	0.9325	0.3325
金銀花	0.5970	0.4510
榮幸	0.9380	0.4470
連帽	0.3060	0.7450
掛鉤	0.6250	0.5290
逃學	0.4680	0.5000
喧鬧	0.5420	0.4710
萬歲	0.6100	0.4810
號笛	0.4700	0.6150
地平線	0.7290	0.2840
橫	0.5010	0.3665
馬蜂	0.3980	0.5940
角質	0.4900	0.9080
馬	0.6350	0.5100
馬背	0.6880	0.5880
騎手	0.4410	0.7000
馬力	0.5940	0.7350
馬蹄鐵	0.6730	0.3500
軟管	0.4690	0.2880
針織品	0.5200	0.3440
臨終關懷	0.3370	0.4430
主辦	0.6930	0.4710
人質	0.1630	0.9230
敵對	0.1880	0.8770
敵對行動	0.2760	0.8100
辣醬	0.3330	0.7400
溫床	0.5100	0.2850
熱狗	0.7200	0.4380
旅館	0.7400	0.3700
熱線	0.5920	0.5650
獵犬	0.4380	0.5140
小時	0.5520	0.2650
每小時	0.4690	0.4180
男僕	0.4790	0.4150
住戶	0.8160	0.5410
喬遷之喜	0.8570	0.7100
家庭主婦	0.6560	0.3610
家務	0.4840	0.4130
氣墊船	0.5410	0.6540
不論如何	0.4590	0.3090
樞紐	0.4790	0.3990
亂堆	0.6040	0.5090
色調	0.4887	0.3360
發怒的	0.3040	0.7340
雜亂的	0.5200	0.4800
廢船	0.4600	0.7400
船殼	0.5420	0.2650
人道主義	0.7860	0.3170
人類	0.8540	0.4325
謙卑	0.8670	0.2360
虛心	0.7710	0.1940
濕	0.4100	0.3523
濕度	0.4640	0.3730
謙遜	0.5800	0.2147
蜂鳥	0.6300	0.4960
堆積如山	0.3780	0.5380
滑稽演員	0.6730	0.7300
駝峰	0.2960	0.4620
駝背	0.2350	0.3460
直覺	0.7297	0.5800
僂	0.2080	0.3900
飢餓	0.1258	0.6312
虎背熊腰，腳蹬	0.4690	0.5710
打獵	0.3270	0.8060
獵人	0.2920	0.8170
狩獵	0.4480	0.7130
女獵人	0.3570	0.7170
欄	0.1980	0.6820
颶風	0.2315	0.9280
傷害	0.1075	0.7755
傷人	0.1615	0.7025
農事	0.6430	0.4730
寂靜	0.5105	0.1595
沙啞	0.4730	0.5950
蕩婦	0.2190	0.5940
喧囂	0.4270	0.5960
風信子	0.3720	0.3600
混合動力	0.5000	0.3650
水力學	0.5000	0.5300
腦積水	0.2860	0.6290
流體動力學	0.5520	0.5820
氫	0.4690	0.3030
水文學	0.5000	0.3800
衛生	0.7473	0.2813
衛生員	0.6980	0.3890
處女膜	0.4690	0.6510
大肆宣傳	0.7080	0.5820
多動	0.5000	0.9210
超空間	0.5100	0.6230
高血壓	0.1330	0.7840
換氣過度	0.1640	0.8020
連字符號	0.5520	0.3560
催眠師	0.4900	0.4550
憂鬱症	0.1940	0.5880
偽君子	0.2350	0.5510
虛偽	0.1855	0.6700
下丘腦	0.5930	0.4270
低溫	0.1840	0.6200
子宮切除術	0.1780	0.6600
冰鎮	0.5640	0.4820
過分甜的	0.3570	0.5100
圖標	0.5490	0.3490
標誌性的	0.5830	0.5370
唯心主義	0.6350	0.4360
理想主義者	0.8160	0.5100
理想主義	0.8120	0.4690
鑑定	0.6745	0.4655
成語	0.5200	0.3370
慣用的	0.5310	0.4290
閒	0.1790	0.1670
懶惰	0.2277	0.2837
惰輪	0.2000	0.3040
過度崇拜	0.6760	0.7120
田園	0.5710	0.3940
點燃	0.4580	0.7850
點火	0.3650	0.7200
違法	0.0940	0.6350
難以辨認	0.2960	0.4900
錯覺	0.5620	0.4900
插圖	0.7400	0.4410
圖片	0.6733	0.2630
失調	0.1150	0.5380
模擬	0.4998	0.5085
仿製	0.4060	0.5920
不可計量的	0.5100	0.5390
沒法比	0.5100	0.6400
即時	0.6560	0.5480
浸沒	0.5100	0.5560
即將來臨	0.4900	0.7840
動	0.4200	0.3780
不能移動的	0.4800	0.3100
免疫接種	0.6670	0.5100
一成不變	0.4270	0.4310
受損	0.1300	0.4590
減值	0.1700	0.5710
傳授	0.5210	0.4410
不耐煩	0.2640	0.7440
彈劾	0.1630	0.7350
無可挑剔	0.8330	0.3700
障礙	0.1835	0.6540
推動	0.5000	0.6925
即將到來的	0.4800	0.7350
費解的	0.3350	0.5873
勢在必行	0.6250	0.6470
難以察覺	0.3780	0.4900
冒領	0.4690	0.5860
魯莽	0.2358	0.7575
抗滲	0.5820	0.4080
原動力	0.5210	0.7400
無情	0.3078	0.6963
實行	0.7200	0.5730
連累	0.2500	0.6700
牽連	0.3540	0.6730
意義	0.5800	0.4417
不客氣	0.1670	0.5900
進口	0.6305	0.4290
強加	0.5030	0.7210
威風	0.3920	0.7310
徵收	0.3975	0.5120
性無能	0.1980	0.6890
無能	0.1378	0.5186
關在欄中	0.2300	0.5870
不切實際	0.3135	0.5245
不切實際的	0.1600	0.3730
堅不可摧	0.5750	0.6400
有聲有色	0.7810	0.8300
版本說明	0.6150	0.5740
監禁	0.1060	0.8145
難以置信	0.4770	0.6040
即興	0.5757	0.6913
不當	0.1808	0.5466
湊合	0.6670	0.4935
魯莽的	0.1700	0.6760
肆無忌單	0.2140	0.5000
衝動	0.5300	0.8400
有罪不罰	0.3130	0.7210
不純	0.2165	0.5530
歸罪	0.2605	0.7320
無力	0.1375	0.5145
人跡罕至	0.0830	0.5850
不準確	0.1350	0.4500
無為	0.3230	0.2250
滅活	0.2450	0.2400
不足之處	0.2860	0.5000
不經意間	0.3020	0.5410
不適用	0.2810	0.4020
聽不見	0.2800	0.3980
就職	0.6840	0.5670
開幕	0.7810	0.5820
就職典禮	0.8470	0.7120
白熾燈	0.3540	0.6120
咒語	0.4390	0.6320
無法	0.1440	0.4940
喪失工作能力	0.0520	0.5000
體現	0.5520	0.6510
以防萬一	0.5800	0.1960
激勵	0.8850	0.7190
亂倫的	0.1880	0.7360
發生率	0.4170	0.5270
附帶的	0.2810	0.6100
順便	0.4790	0.5000
焚燒爐	0.2500	0.6430
尖銳	0.3897	0.6535
煽動	0.3755	0.8395
惡劣	0.1715	0.6065
傾角	0.3780	0.4900
傾斜	0.4457	0.4380
顛三倒四	0.1220	0.6120
無與倫比	0.6800	0.6480
殘缺	0.1530	0.3700
不完備	0.2710	0.4510
不可思議	0.3855	0.5930
尚無定論	0.1530	0.4420
牛頭不對馬嘴	0.1770	0.5040
無關緊要	0.2500	0.4800
前後矛盾	0.1250	0.4800
不顯眼的	0.5255	0.2705
摻入	0.5730	0.4040
不正確	0.1400	0.5690
不可救藥	0.1170	0.6670
懷疑的	0.2357	0.4657
罪證	0.1330	0.7880
證其罪	0.1520	0.8650
恆溫箱	0.5100	0.4350
夢魘	0.4580	0.5290
現任	0.3960	0.5400
非禮	0.0830	0.6830
優柔寡斷	0.2275	0.4500
站不住腳的	0.1580	0.6420
不可磨滅	0.4900	0.3370
賠款	0.4700	0.6070
縮進	0.4265	0.4230
契約	0.4340	0.3820
獨立	0.7533	0.4903
無法形容	0.3243	0.5680
跡象	0.7190	0.4320
起訴	0.2953	0.6830
起訴書	0.2450	0.7450
漠不關心	0.4135	0.3500
憤慨	0.1730	0.7780
間接	0.3850	0.4020
不適	0.1325	0.5795
個人	0.6885	0.3190
個性	0.7540	0.4910
灌輸	0.4445	0.5735
不屈不撓	0.4580	0.8000
室內	0.6165	0.2010
誘發	0.3970	0.4710
感應	0.4930	0.5515
放縱	0.6560	0.6030
放縱的	0.5600	0.4810
產業	0.4690	0.6000
實業家	0.5620	0.6330
勤勞	0.7200	0.5370
行業	0.6500	0.4470
不可言說	0.5510	0.5770
不靈	0.0930	0.4220
無效	0.1775	0.4065
無彈性	0.3960	0.4260
慣性	0.3440	0.2880
不精確	0.1530	0.4590
不可原諒	0.2710	0.5820
取之不盡，用之不竭	0.6020	0.5410
缺乏經驗	0.2080	0.6140
沒經驗	0.2810	0.4730
犯錯誤	0.5830	0.6630
萬無一失	0.7760	0.6870
罵名	0.1770	0.6760
嬰兒期	0.7500	0.3990
嬰兒	0.7030	0.4065
女嬰	0.1670	0.8560
癡情	0.8440	0.7450
傳染病	0.1420	0.7600
為患	0.2560	0.7760
內場	0.5100	0.5710
浸潤	0.3365	0.7685
無限地	0.6880	0.6430
無限	0.6087	0.5563
體弱者	0.1150	0.5210
醫務室	0.3980	0.4740
發炎的	0.1770	0.6420
充氣	0.4065	0.4705
通貨膨脹	0.2190	0.7920
拐點	0.3850	0.6350
施加某種	0.3020	0.7220
有影響	0.8990	0.6880
輻輳	0.6220	0.6350
電視購物	0.4270	0.4620
線人	0.5470	0.5370
舉報人	0.5210	0.5780
紅外線	0.4690	0.5880
基礎設施	0.6040	0.4600
罕見的	0.3120	0.3770
氣死人	0.1390	0.8700
輸注	0.3850	0.4730
攝取	0.4695	0.5855
錠	0.6880	0.4440
進入	0.6010	0.3660
居住於	0.6560	0.3780
繼承	0.7450	0.5460
抑製劑	0.2810	0.4500
抵觸的	0.2600	0.8230
無比	0.6070	0.4443
發起	0.7190	0.4800
啟動	0.7030	0.5315
引發	0.6980	0.5290
倡議	0.8330	0.6150
受傷	0.0780	0.7350
傷	0.0490	0.7690
內陸	0.4300	0.3773
鑲嵌	0.5205	0.3905
內臟	0.3020	0.4750
內	0.5820	0.3733
無辜	0.7655	0.2330
無害的	0.5100	0.3210
創新	0.8890	0.7560
諷刺	0.3383	0.6674
接種	0.3330	0.5700
不能手術	0.1840	0.4220
過度的	0.1757	0.6070
無機	0.3850	0.3450
審訊	0.4480	0.6160
查詢	0.5343	0.4830
詢問者	0.5730	0.5980
砂鍋	0.3850	0.8730
題詞	0.5920	0.4220
高深莫測	0.4590	0.5410
昆蟲	0.2760	0.6330
殺蟲劑	0.1880	0.5980
形影不離	0.7000	0.5200
內幕	0.4655	0.5015
陰險	0.1460	0.6220
見地	0.6640	0.6910
堅持	0.6149	0.5970
資不抵債	0.2300	0.4810
靈感	0.9380	0.6000
勵志	0.9270	0.7200
不穩定	0.1553	0.6157
安裝	0.5953	0.4480
瞬間	0.6195	0.4835
直覺的	0.7520	0.5750
教學	0.7600	0.4720
講師	0.7240	0.5195
儀器的	0.7400	0.4720
器樂	0.6560	0.5400
機能不全	0.1150	0.4310
不足夠	0.1470	0.5090
島	0.6380	0.3865
隔離	0.2268	0.5295
絕緣	0.2265	0.2960
胰島素	0.4290	0.4720
保險	0.7140	0.3080
叛亂	0.2350	0.7350
起義	0.3950	0.7415
錄取	0.6040	0.5270
整數	0.5730	0.3270
積分	0.6805	0.4085
知識分子	0.9060	0.4550
情報	0.8330	0.5870
強度	0.7120	0.8060
集約	0.5700	0.8420
意圖	0.5500	0.4810
間	0.5100	0.3750
互動	0.7270	0.8110
說情	0.5425	0.5315
截擊	0.3270	0.6730
互換	0.5055	0.4995
對講	0.6230	0.4290
有興趣	0.7500	0.5290
干擾	0.3787	0.6633
干涉儀	0.5100	0.5100
星系間	0.5620	0.6610
臨時	0.5310	0.4513
中間	0.4207	0.2667
沒完沒了	0.3270	0.4810
幕間休息	0.4900	0.3600
斷斷續續的	0.3370	0.5650
實習生	0.5430	0.4340
內部	0.4390	0.3490
國際	0.8000	0.5190
互聯網	0.7600	0.4620
實習	0.5900	0.5100
局間	0.4390	0.3750
譯	0.6460	0.6250
翻譯員	0.7080	0.4610
審問	0.3230	0.8080
問診	0.3020	0.8270
打斷	0.2100	0.6350
州際	0.5200	0.4430
星際	0.7080	0.7020
間質性	0.3330	0.4710
間隔	0.5100	0.2840
干預	0.5200	0.6770
面試官	0.5520	0.7360
遺囑	0.5265	0.4435
親密關係	0.8570	0.8020
親密	0.7240	0.5980
威嚇	0.2100	0.8040
嚇倒	0.1770	0.6630
嚇人	0.2290	0.7900
恐嚇	0.1770	0.7910
無法忍受	0.1460	0.6600
腔調	0.6150	0.4420
壁間	0.4900	0.4640
靜脈	0.3700	0.4940
強悍	0.7530	0.6960
錯綜複雜	0.5590	0.7040
介紹	0.6282	0.4550
內省	0.5775	0.3485
侵擾	0.2930	0.6410
直觀的	0.7710	0.5730
直觀地	0.6700	0.5610
氾濫	0.2240	0.7720
無價	0.7425	0.5980
不變地	0.4580	0.3650
發明	0.7165	0.6330
發明的	0.7800	0.6270
發明者	0.7810	0.6670
庫存	0.5940	0.4630
逆溫	0.6020	0.6300
投資	0.6850	0.6275
調查	0.5837	0.4830
投資者	0.7940	0.6550
不可戰勝的	0.8670	0.8530
請帖	0.8020	0.5490
邀請	0.7450	0.6550
誘人的	0.7765	0.6555
發票	0.4800	0.3800
非自願	0.3540	0.4900
參與	0.7705	0.6600
無懈可擊	0.5520	0.6830
向內	0.4900	0.3850
離子	0.4290	0.3300
絲毫	0.3440	0.3850
鳶尾花	0.7080	0.2750
很厭煩	0.2760	0.7810
鐵	0.4480	0.3510
鐵定	0.5610	0.6480
具有諷刺意味	0.4350	0.5500
不可調和	0.1460	0.6670
不負責任	0.1770	0.6800
不可逆轉	0.1700	0.5410
不可撤銷	0.2960	0.5600
惱怒的	0.2100	0.8160
小島	0.6670	0.3900
同構	0.4480	0.3610
等溫	0.4590	0.4910
問題	0.1503	0.7277
癢	0.3190	0.6100
瘙癢	0.2080	0.6900
發癢的	0.2845	0.6680
項目	0.6203	0.3777
逐項	0.4590	0.5270
嘰里咕嚕	0.4170	0.5060
夾克	0.6560	0.3020
手持式鑿岩機	0.1990	0.6900
頭獎	0.9500	0.7500
千斤頂	0.4900	0.4000
厭倦	0.2245	0.4205
盤陀	0.0820	0.4620
越獄	0.3540	0.6290
獄卒	0.3625	0.5060
老爺車	0.3960	0.4360
果醬	0.4997	0.5687
大露營	0.6020	0.6250
門警	0.5100	0.3500
清潔衛生	0.4900	0.3730
行話	0.3643	0.5157
鍋蓋頭	0.4080	0.5300
黃疸	0.2140	0.4800
短程遊覽	0.8080	0.4510
標槍	0.3850	0.4810
顎	0.4425	0.5190
顎骨	0.4680	0.4130
松鴉	0.5310	0.4080
爵士樂	0.6770	0.3620
牛仔褲	0.6220	0.3240
吉普車	0.6020	0.5100
果凍	0.6510	0.2940
果凍豆	0.5920	0.4060
生澀的	0.2330	0.5380
耶穌	0.8000	0.4000
寶	0.8380	0.5295
珠寶商	0.7600	0.4820
首飾	0.8230	0.5690
輕搖	0.5920	0.6730
拼圖	0.5940	0.5820
討伐異教徒	0.3230	0.6600
叮鈴	0.6350	0.5000
風聲鶴唳	0.3440	0.8560
黑話	0.5610	0.5510
喬克	0.5920	0.6560
騎師	0.5620	0.6440
護身三角繃帶	0.3470	0.4310
約翰	0.5620	0.3820
聯合	0.6150	0.3920
小額	0.4060	0.3230
日誌	0.6395	0.3055
新聞學	0.6220	0.5000
記者	0.5365	0.5010
新聞	0.6645	0.5145
熟練工	0.7650	0.5960
喬斯特	0.5200	0.5280
喜悅	0.9800	0.8240
兜風	0.6940	0.5500
喜慶	0.8440	0.6730
判斷	0.3057	0.6370
評判	0.3300	0.6020
壇子	0.5200	0.2500
頸靜脈	0.2710	0.5730
榨汁機	0.5520	0.5200
繞樹	0.5000	0.4910
點唱機	0.6990	0.5400
錯雜	0.2920	0.6020
跳繩	0.6560	0.6600
連衣	0.5620	0.3650
神經過敏	0.3530	0.8100
連接點	0.4900	0.4810
契機	0.3650	0.5820
叢林	0.5000	0.5100
破爛	0.2223	0.4833
垃圾場	0.1770	0.3980
軍政府	0.4510	0.5030
管轄權	0.4800	0.5800
法學家	0.4790	0.5230
陪審員	0.5820	0.6400
陪審團	0.4790	0.6070
正義	0.7915	0.4615
辯解	0.6120	0.4730
黃麻	0.5510	0.2160
並列	0.4270	0.5000
凱澤	0.4700	0.5090
羽衣甘藍	0.4690	0.2260
萬花筒	0.6150	0.4390
神風	0.2040	0.8100
因果報應	0.5000	0.5100
業力	0.3570	0.4590
龍骨	0.3440	0.4170
海帶	0.4790	0.2640
頭巾	0.4945	0.2875
番茄醬	0.6530	0.3380
水壺	0.3570	0.4970
鍵盤	0.5885	0.2670
鍵控	0.4690	0.4970
鎖孔	0.4380	0.3580
基調	0.6300	0.4310
關鍵詞	0.6020	0.5200
黃褐色	0.5960	0.3700
綁匪	0.1150	0.9060
腎	0.3740	0.4215
兇手	0.0307	0.9573
謀殺	0.0705	0.9505
煞風景	0.1780	0.5500
窯	0.4510	0.4230
親屬	0.6515	0.4295
幼兒園	0.8330	0.4620
運動學	0.5940	0.4800
人體工學	0.4910	0.4800
動能	0.5820	0.5400
國王	0.6770	0.6900
王國	0.7140	0.5470
主銷	0.3570	0.6260
糾結	0.3370	0.6340
親屬關係	0.7710	0.3000
風箏	0.6430	0.5000
小貓	0.8160	0.3430
奇異果	0.6460	0.2730
笨手笨腳	0.2750	0.4510
訣竅	0.5620	0.5180
膝蓋	0.5200	0.2450
髕骨	0.4285	0.3100
喪鐘	0.3540	0.5000
短褲	0.5870	0.4545
騎士風格	0.7400	0.6600
針織	0.6300	0.1440
山寨貨	0.3500	0.6060
擊倒	0.3880	0.7550
結	0.4795	0.2835
打結	0.2260	0.4120
會心	0.8330	0.3530
有意識	0.5000	0.4590
知識	0.7830	0.4015
指關節	0.6550	0.3330
庫爾急救	0.5310	0.3180
合猶太人戒律	0.4690	0.4430
短劍的一種	0.4270	0.4170
實驗室	0.5250	0.4950
標籤	0.5960	0.2687
勞動	0.6495	0.6415
勞動者	0.5610	0.5100
費力的	0.3930	0.6350
迷宮	0.4585	0.7095
劃破	0.1430	0.6670
乏善可陳	0.2500	0.3110
階梯	0.5600	0.4380
後生	0.6680	0.5390
載貨	0.3920	0.4780
提單	0.3880	0.4630
瓢蟲	0.6020	0.4000
大家閨秀	0.5920	0.5590
貴婦人身分	0.5610	0.4800
滯後	0.1350	0.5380
潟湖	0.6600	0.2310
哀嘆	0.1980	0.3980
層壓	0.4170	0.3040
燈	0.5100	0.2600
路燈	0.5465	0.3025
藍瑟	0.4170	0.5280
登陸	0.6150	0.5270
垃圾填埋場	0.3980	0.4230
房東	0.6805	0.4015
景觀	0.7190	0.1760
語言	0.6077	0.3817
酸軟	0.2810	0.2700
含情脈脈	0.3080	0.4590
瘦長	0.4120	0.4260
燈籠	0.6220	0.2500
翻領	0.4600	0.2870
失誤	0.4200	0.3160
筆記本電腦	0.7240	0.2700
盜竊罪	0.2720	0.8210
豬油	0.4270	0.2390
儲藏室	0.6390	0.2920
雲雀	0.5700	0.2920
幼蟲	0.2450	0.4230
烤寬麵條	0.7190	0.4410
最後一分鐘	0.4180	0.5820
閂	0.3950	0.2630
遲到	0.2140	0.3880
潛	0.3230	0.3800
側	0.4540	0.3290
橫向	0.5620	0.2550
膠乳	0.4790	0.4130
車床	0.5100	0.4500
緯度	0.5620	0.3060
廁所	0.3630	0.3697
拿鐵	0.6150	0.3200
值得稱讚	0.7400	0.4720
讚揚的	0.6120	0.4170
發射台	0.6770	0.7450
發布會	0.4900	0.6630
洗錢	0.4590	0.3885
月桂樹	0.6460	0.1460
岩漿	0.3015	0.5810
廁	0.5100	0.4000
闊氣	0.7920	0.6480
無法無天	0.1560	0.8040
執法者	0.5100	0.5230
割草機	0.4690	0.5205
訴訟	0.3830	0.7074
鋪設	0.5210	0.3360
預約購貨	0.4290	0.5100
層	0.5000	0.2080
分層	0.5510	0.3980
佈局	0.6150	0.4420
短暫停留	0.5200	0.3550
懶	0.3920	0.2640
慵懶的一天	0.3370	0.3190
鉛	0.3230	0.6570
含鉛	0.4390	0.6250
領導	0.8420	0.6567
引線	0.5300	0.4710
葉	0.5210	0.2600
多葉	0.6530	0.5300
洩漏	0.2453	0.7500
湊近	0.5700	0.3730
飛躍	0.7500	0.6630
學習	0.8330	0.6155
學到了	0.7040	0.4620
學習者	0.6980	0.4750
皮帶	0.3200	0.3470
請別打擾我	0.2400	0.4720
總帳	0.5100	0.3620
背風處	0.5100	0.2690
持懷疑態度	0.3370	0.6400
餘地	0.5620	0.5770
殘羹剩飯	0.2190	0.3500
傳奇的	0.8570	0.5370
易讀性	0.7710	0.4810
軍團	0.4690	0.5700
立法機關	0.5400	0.4350
樂高	0.6000	0.2940
跑腿兒的工作	0.6220	0.5600
閒暇	0.6310	0.4290
悠閒	0.8060	0.2500
檸檬	0.5960	0.3170
檸檬汽水	0.6610	0.2870
貸款人	0.3400	0.5200
貸款	0.5310	0.5325
長度	0.4790	0.3080
加長	0.5335	0.5055
延長	0.5960	0.5443
縱向	0.5560	0.4250
冗長	0.5700	0.3420
鏡片	0.4200	0.2450
連體衣	0.5100	0.4290
麻風病人	0.0750	0.5890
麻風	0.1300	0.6700
女同性戀	0.3560	0.6925
病變	0.2400	0.6230
減	0.2650	0.2400
減持	0.3750	0.3000
較小	0.3960	0.1670
課	0.7040	0.5770
讓	0.4270	0.3730
信箋	0.4500	0.3160
磯	0.5200	0.3240
槓桿	0.4000	0.3430
槓桿作用	0.4590	0.5000
猥褻	0.1190	0.7090
詞庫	0.5405	0.4715
負債	0.4290	0.6080
責任	0.6560	0.5067
聯絡	0.6980	0.3370
說謊者	0.0420	0.6060
中傷	0.1250	0.7350
自由主義的	0.5650	0.5650
自由主義	0.5620	0.7120
性慾	0.7200	0.7500
圖書管理員	0.6250	0.1350
圖書館	0.7760	0.1220
唱詞	0.6120	0.3280
蝨子	0.1330	0.5000
執照	0.5000	0.3940
留置權	0.3960	0.5800
陸軍中尉	0.5940	0.6120
命脈	0.6885	0.6470
救生員	0.8700	0.6060
死氣沉沉	0.0420	0.3330
生命線	0.7350	0.5520
終身	0.8230	0.3300
無期徒刑	0.4270	0.5190
韌帶	0.4900	0.4100
結紮	0.4110	0.4265
減輕	0.5473	0.4640
頭昏眼花	0.3470	0.6200
燈塔	0.6220	0.2400
燈光	0.7650	0.4400
閃電	0.4290	0.6830
燈火	0.7500	0.4800
輕量級	0.6700	0.3000
討人喜歡	0.8650	0.4800
同樣	0.6510	0.2170
富有彈性的	0.6880	0.7290
打入冷宮	0.3850	0.2840
青檸	0.5940	0.2400
聚光燈	0.6775	0.4960
石灰質	0.4690	0.3470
豪華轎車	0.6990	0.4490
線	0.5523	0.2528
血統	0.7680	0.4235
線性	0.6460	0.2500
襯墊	0.4690	0.3960
排隊	0.6350	0.4270
縈繞	0.4800	0.3110
女用貼身內衣褲	0.5430	0.4630
纏綿	0.5700	0.4990
意大利細麵條	0.6250	0.3380
語言學家	0.5830	0.3300
語言學	0.5520	0.3900
襯	0.5710	0.3630
鏈接	0.4270	0.2640
獅子	0.5320	0.7170
口紅	0.6530	0.4290
液體	0.5620	0.2350
肅清	0.3270	0.6540
清盤	0.3540	0.6630
口齒不清	0.3650	0.4120
名單	0.5280	0.2600
傾聽者	0.6670	0.3750
一連串	0.5100	0.3650
讀寫能力	0.7300	0.3060
文學	0.7080	0.2500
輕盈	0.6560	0.5960
鋰	0.4170	0.3300
版畫	0.5510	0.3270
當事人	0.2190	0.5770
訴訟律師	0.4290	0.6300
小東西	0.7400	0.3110
濱海	0.5510	0.3870
生計	0.6980	0.4810
活潑	0.6847	0.7320
助興	0.7080	0.7130
鐵青	0.4690	0.7880
加載	0.3850	0.4170
裝載機	0.5620	0.3770
作嘔	0.0650	0.7000
非常討厭	0.0830	0.7960
討厭的	0.1200	0.6940
前廳	0.5830	0.4060
說客	0.3850	0.5270
龍蝦	0.5710	0.3560
現場	0.5653	0.3307
鎖	0.2710	0.5850
鎖匠	0.5100	0.4170
鎖起來	0.2400	0.6020
機車	0.5420	0.6500
高遠	0.7550	0.3060
對數	0.5200	0.4390
對數的	0.4690	0.4580
邏輯	0.6460	0.2450
合乎邏輯	0.8050	0.4000
後勤	0.6330	0.5000
商標	0.5680	0.3200
標識	0.4800	0.3370
孤單	0.1720	0.1930
孤獨	0.2290	0.2260
獨來獨往的人	0.3470	0.1520
長	0.5410	0.3530
長壽	0.7500	0.3530
經度	0.4790	0.3100
縱	0.5420	0.3980
長時間	0.3620	0.4420
織布機	0.5310	0.2450
若隱若現	0.3670	0.7500
懶人	0.4290	0.3920
糊塗	0.2998	0.5533
疏鬆	0.5730	0.3120
鬆開	0.4870	0.3370
鬆動	0.3780	0.3430
領主	0.5710	0.3560
貴族身份	0.5730	0.5570
貨車	0.5210	0.4810
失敗者	0.0830	0.5100
丟失	0.1990	0.6630
洗劑	0.7240	0.2610
抽獎	0.7710	0.7310
樂透	0.7600	0.6350
蓮花	0.6040	0.3770
響	0.5730	0.6500
響度	0.3500	0.5820
閒逛	0.7350	0.1670
蝨	0.1840	0.4390
愛	1.0000	0.5190
做愛	0.9690	0.9270
愛我的生活	0.8960	0.8000
為情所困	0.7960	0.8420
喜歡這個	0.8670	0.5520
熱愛生活	0.9790	0.4040
低賤的生活	0.2960	0.5290
卑賤	0.5620	0.2940
熏鮭魚	0.4900	0.3730
盧奧	0.5940	0.5450
潤滑油	0.5520	0.4900
滑潤劑	0.6560	0.5500
潤滑	0.5880	0.5680
運氣	0.8540	0.4900
有利可圖	0.7995	0.4555
耳狀物	0.3440	0.4430
溫	0.5730	0.3000
麻痺	0.2803	0.3587
發光	0.7960	0.5500
發光的	0.9180	0.3920
瘋狂行為	0.1320	0.8470
太陰	0.5620	0.2960
便當盒	0.6630	0.3460
午餐時間	0.8960	0.3980
潛伏	0.4210	0.7810
青蔥的	0.7400	0.7830
情慾	0.4690	0.9440
光澤	0.8053	0.5607
萊卡纖維	0.5200	0.4490
鹼液	0.3780	0.3960
說謊	0.2080	0.7040
歌詞	0.6420	0.2415
瑪卡蓮娜	0.8020	0.6010
錘	0.4500	0.4120
馬赫	0.5410	0.4320
彎刀	0.2600	0.6900
機	0.5100	0.5000
機械	0.5027	0.5390
機械師	0.4900	0.5980
大男子主義	0.6430	0.6900
鯖魚	0.4180	0.4230
老闆娘	0.6040	0.5000
發怒	0.3290	0.6020
瘋人院	0.1560	0.7360
大師	0.8230	0.3570
黑手黨	0.2040	0.8670
雜誌	0.6150	0.3320
品紅	0.6350	0.2750
麥格納	0.6050	0.4900
巨頭	0.6545	0.6520
鎂	0.5420	0.3200
磁鐵	0.5710	0.3180
磁鐵礦	0.5310	0.4900
壯麗	0.8020	0.8100
華麗的	0.8367	0.5643
放大鏡	0.4690	0.2160
玉蘭	0.5580	0.3430
鵲	0.5000	0.4580
麻將	0.5560	0.4180
女傭	0.4060	0.3240
郵件	0.6515	0.2775
郵箱	0.5730	0.2220
郵遞員	0.6590	0.4180
大型機	0.5310	0.4900
保養	0.5910	0.4260
威嚴	0.8230	0.6020
多數	0.6840	0.5600
製作者	0.6980	0.5440
湊合的	0.4790	0.6110
化妝	0.7400	0.3330
瘧疾	0.1250	0.6530
說大話	0.3960	0.5000
壞心腸的	0.0940	0.8540
瀆職	0.0620	0.7450
惡毒	0.1925	0.7295
惡性腫瘤	0.1490	0.8140
惡性	0.1430	0.8240
非議	0.1020	0.6840
購物中心	0.7240	0.6630
可鍛鑄	0.5000	0.5000
營養不良	0.0240	0.5920
麥芽	0.7500	0.3730
媽媽	0.8685	0.3785
哺乳動物	0.6180	0.4490
長毛象	0.4800	0.4710
媽咪	0.6800	0.4150
經理	0.6250	0.5490
訓令	0.4390	0.5770
普通話	0.6250	0.3980
強制性	0.2710	0.6670
下顎	0.5100	0.4310
頂桿	0.3100	0.4900
演習	0.6150	0.6630
機動	0.6350	0.6400
馬槽	0.6560	0.2760
癩皮狗	0.2140	0.6980
男子氣概	0.6250	0.7350
美甲師	0.5830	0.3520
男子氣	0.6980	0.6330
載人	0.5510	0.5880
彬彬有禮	0.4690	0.5560
莊園	0.6460	0.3580
廣廈	0.7350	0.5290
誤殺	0.0900	0.9200
壁爐架上	0.5000	0.2650
口頭禪	0.3960	0.2490
生產廠家	0.6880	0.5370
製造業	0.6530	0.6130
地圖	0.5610	0.2290
楓	0.5410	0.3900
馬拉松	0.6460	0.7780
彈子	0.7140	0.3450
遊行	0.6597	0.4747
人造黃油	0.5300	0.3160
瑪格麗塔	0.7500	0.4380
餘量	0.5000	0.2190
林納拉	0.6570	0.3880
標	0.5920	0.3580
銷售	0.7460	0.5450
營銷	0.5210	0.7740
槍法	0.5730	0.5310
毀損	0.1810	0.5610
結婚	0.8335	0.5890
元帥	0.4690	0.6100
馬蒂尼雞尾酒	0.8280	0.5000
奇蹟	0.9347	0.7170
陽剛之氣	0.5830	0.6700
糊狀物	0.4400	0.3630
搗碎	0.5310	0.3370
假面舞會	0.4310	0.6330
屠殺	0.0310	0.8870
群眾	0.5520	0.4530
大規模的	0.5690	0.6600
主謀	0.7920	0.6250
傑作	0.9260	0.6230
墊	0.5715	0.2500
唯物主義	0.2200	0.3900
唯物主義者	0.2550	0.4910
唯物主義的	0.4200	0.5060
實質性	0.4585	0.4000
物質化	0.6880	0.5960
數學	0.4275	0.4050
數學的	0.6200	0.5000
數學家	0.5410	0.4180
日場	0.6940	0.5780
預科	0.6220	0.4900
矩陣	0.5510	0.3780
護士長	0.5200	0.5190
床墊	0.6120	0.2550
特立獨行	0.3540	0.6760
勞動節	0.3440	0.6430
蛋黃醬	0.5100	0.3200
市長	0.4690	0.4810
含義	0.6630	0.3950
富有意義的	0.7700	0.5000
無意義的	0.1560	0.3140
與此同時	0.4320	0.2220
可測量	0.6040	0.4100
捲尺	0.3715	0.2650
肉餅	0.6250	0.3890
機械學	0.5420	0.5000
機制	0.5730	0.5830
勳章	0.8540	0.5550
獎章	0.7500	0.5100
媒體	0.5000	0.3300
內側	0.4580	0.3400
中位數	0.4590	0.2160
中間人	0.5460	0.4210
軍醫	0.5000	0.4720
醫	0.5830	0.3730
藥物治療	0.6150	0.4390
藥用	0.6670	0.4170
醫學	0.7080	0.3180
中世紀	0.5600	0.4080
愁緒	0.1880	0.2600
亂鬥	0.5410	0.7040
悠揚	0.9320	0.5300
情景劇	0.3780	0.8300
聳人聽聞	0.2350	0.6920
會員	0.6980	0.3330
備忘錄	0.6125	0.3675
大事記	0.7800	0.4120
難忘	0.8860	0.5355
紀念館	0.6865	0.3185
回憶	0.7910	0.4183
記憶	0.6157	0.4050
威脅	0.1213	0.9057
來勢洶洶	0.0420	0.8800
動物園	0.6665	0.5000
修補	0.5210	0.5345
腦膜炎	0.1040	0.6120
絕經	0.2040	0.4600
經血	0.1630	0.6860
月經	0.4080	0.5190
導師	0.6633	0.4113
菜單	0.6330	0.3330
僱傭兵	0.2450	0.8370
善變	0.4900	0.5460
憐憫	0.5940	0.3280
梅倫格	0.6880	0.5190
子午線	0.5100	0.3240
美人魚	0.7650	0.6230
檯面	0.6040	0.1910
麥司卡林	0.4900	0.5800
網孔	0.4290	0.2350
彌賽亞	0.7810	0.6340
新陳代謝	0.4080	0.5310
代謝	0.6980	0.5090
金屬	0.5510	0.4290
金屬的	0.6150	0.3300
變態	0.2287	0.7730
隱喻	0.5310	0.3460
形而上學	0.5610	0.3960
隕石	0.3850	0.7940
氣象	0.6325	0.4875
儀表	0.4380	0.3000
細緻	0.5550	0.4800
韻律的	0.5210	0.3750
度量衡學	0.5310	0.4320
都會	0.6560	0.6250
氣概	0.6670	0.5290
貓叫聲	0.4180	0.4810
夾層	0.4790	0.4270
雲母	0.5310	0.2500
微生物學	0.5710	0.3780
縮微	0.4690	0.3520
麥克風	0.5465	0.3980
顯微鏡	0.5513	0.3463
顯微	0.3600	0.3270
中量級	0.5100	0.3020
美聯	0.5210	0.4020
中線	0.3320	0.2240
海軍官校學生	0.4690	0.6150
期中考試	0.4270	0.3370
助產士	0.5310	0.5700
助產	0.5100	0.5700
惱火	0.2040	0.7260
偏頭痛	0.1350	0.7830
遷移	0.4150	0.5800
遷徙	0.4480	0.5210
黴菌	0.3440	0.2500
激進	0.4590	0.7295
武裝分子	0.2600	0.6730
軍事	0.3960	0.7100
百萬	0.7760	0.6470
百萬富翁	0.9170	0.7550
百萬分之一	0.6350	0.5280
啞劇	0.5035	0.3580
銘記	0.7650	0.4500
沒頭腦	0.1840	0.3330
礦	0.6880	0.4180
雷區	0.1880	0.8390
礦工	0.4080	0.5940
礦物	0.5190	0.2870
礦物學	0.5510	0.4080
礦業	0.6330	0.5980
部長	0.5470	0.4410
部級	0.5710	0.5190
麵包車	0.5920	0.3560
桃花魚	0.5410	0.3670
少數民族	0.3100	0.3320
分鐘	0.5820	0.2790
瘋丫頭	0.4480	0.5190
鏡子	0.6770	0.3100
歡笑	0.8880	0.6400
行為不端	0.0200	0.8470
不當行為	0.0310	0.7040
雜	0.5205	0.3335
雜記	0.5000	0.4120
誤解	0.1505	0.5770
處理不當	0.0610	0.6670
輕罪	0.2100	0.6400
誤導	0.1650	0.6544
吝嗇鬼	0.2080	0.6330
不測	0.0710	0.6540
誤傳	0.2395	0.5925
用詞不當	0.2960	0.5280
放錯地方	0.2470	0.4500
導彈	0.1550	0.8760
任務	0.6575	0.4930
傳教士	0.7290	0.4040
拼錯	0.2920	0.4230
誤報	0.3020	0.5470
薄霧	0.3750	0.1940
情婦	0.6300	0.7960
誤判	0.4270	0.5390
濛濛	0.4270	0.4510
蟎	0.2900	0.5840
成人禮	0.4220	0.6100
複雜的情緒	0.4400	0.6730
助記符	0.5310	0.4800
護城河	0.3980	0.3800
移動	0.5833	0.6297
動員	0.6460	0.7020
嘲諷	0.0825	0.7255
語氣	0.5920	0.2640
形態	0.6330	0.4040
調製解調器	0.5730	0.3550
溫和的期待	0.6670	0.4510
溫和的厭惡	0.2290	0.5580
中等負面	0.1770	0.5000
中等積極	0.8960	0.4530
溫和的驚喜	0.7760	0.6630
適度的信任	0.6770	0.3500
適當地	0.6040	0.2640
適度	0.5310	0.2400
現代	0.8550	0.4230
現代主義	0.7600	0.5530
謙虛	0.7690	0.1850
點點	0.3005	0.4010
調製	0.5655	0.3540
濕氣	0.4060	0.3980
保濕	0.7500	0.2800
發霉的	0.2945	0.3770
性騷擾	0.1225	0.8095
時刻	0.6040	0.4350
動量	0.6630	0.7500
單子	0.5100	0.4820
錢	0.8440	0.6080
貓鼬	0.3270	0.3800
雜種	0.4250	0.4380
監控	0.4275	0.5090
單色	0.3120	0.2920
會標	0.5030	0.2700
專著	0.5000	0.2420
單層	0.4270	0.2940
獨白	0.5000	0.2840
獨占者	0.3300	0.5900
剪輯	0.4380	0.5200
紀念碑	0.8330	0.4040
情緒	0.6907	0.4140
喜怒無常	0.2450	0.8110
駝鹿	0.6480	0.3730
沒有實際意義	0.3440	0.5000
醞釀	0.3880	0.5800
助力車	0.5820	0.5820
海鰻	0.5100	0.4020
病態	0.0900	0.8330
發病率	0.3700	0.6300
習俗	0.5820	0.3170
停屍房	0.0220	0.5390
魯鈍的	0.1220	0.5000
嗎啡	0.2290	0.4900
形態學	0.5160	0.3730
砂漿	0.3330	0.6270
抵押權人	0.4180	0.6330
殯儀業者	0.1040	0.4290
停屍間	0.1330	0.6060
苔蘚	0.2350	0.2700
汽車旅館	0.5310	0.3720
母親	0.8875	0.4770
母親的	0.1630	0.5410
母愛	0.9270	0.3240
主題	0.6145	0.3285
不動	0.3230	0.2100
動機	0.8090	0.6727
雜色	0.4800	0.3980
摩托車	0.6082	0.6310
車隊	0.7080	0.7300
斑駁	0.3800	0.3360
座右銘	0.6880	0.3170
塚	0.5200	0.4810
喪	0.1770	0.4900
摩絲	0.6040	0.3360
糞肥	0.3470	0.4230
打亂	0.1840	0.5000
渾	0.2920	0.4000
鬆餅	0.6840	0.4300
圍巾	0.5535	0.3155
護根	0.3490	0.3610
馬騾	0.3200	0.3370
仔細考慮	0.6630	0.3400
鯔	0.5210	0.3560
多邊	0.5000	0.4690
多媒體	0.6110	0.3900
跨國	0.6560	0.5100
多發性硬化症	0.1880	0.5870
乘數	0.6430	0.6150
咕噥	0.2920	0.4440
天書	0.4290	0.5060
直轄市	0.5690	0.2800
私語	0.4580	0.5200
肌肉發達	0.5310	0.4340
繆斯	0.7140	0.4340
博物館	0.7920	0.2060
糊狀的	0.5180	0.2665
音樂	0.8705	0.5965
音樂家	0.8160	0.5090
滑膛槍	0.2300	0.7610
火槍手	0.6940	0.5690
紗	0.4745	0.2845
必須	0.4080	0.3820
易變的	0.4260	0.5310
突變體	0.3370	0.6760
變異	0.4580	0.5545
突變	0.3650	0.6250
靜音	0.2655	0.1835
毀傷	0.1250	0.9000
斷肢	0.1220	0.7820
兵變	0.3230	0.8900
槍口	0.3880	0.4300
我的最愛	0.8120	0.5870
近視	0.2450	0.3870
近視的	0.3075	0.3845
無數的	0.4800	0.4290
神秘主義	0.5940	0.5980
神話	0.6324	0.5056
納喬	0.6670	0.2590
最低點	0.4790	0.3630
釘	0.3807	0.4317
釘槍	0.3780	0.8060
名稱	0.5730	0.3000
無名	0.3300	0.2345
納米	0.3750	0.3560
頸背	0.4270	0.2680
自戀狂	0.2140	0.6390
自戀者	0.1730	0.6140
自戀	0.3230	0.7080
麻醉劑	0.1020	0.8580
敘事	0.5100	0.4410
記敘文	0.6220	0.4080
敘述	0.5800	0.3030
敘述者	0.6730	0.4300
變窄	0.3540	0.5930
產後	0.7550	0.4620
國民	0.6980	0.3650
全國	0.6840	0.2170
耶穌誕生	0.7500	0.3370
天然氣	0.6350	0.3240
歸化	0.7810	0.2790
歸	0.7600	0.3330
性質	0.8570	0.1840
淘氣	0.4510	0.8570
噁心	0.1563	0.7183
作嘔的	0.0210	0.6400
鸚鵡螺	0.3960	0.5090
轂	0.5830	0.4480
臍	0.4480	0.2610
導航	0.7905	0.5125
海軍	0.5310	0.7600
整齊	0.8780	0.2350
整潔	0.7810	0.3100
星雲	0.4897	0.3650
頸部	0.5410	0.2450
項鍊	0.7600	0.2940
領帶	0.6230	0.3465
要緊	0.5820	0.4600
針	0.2500	0.5370
絨繡	0.6530	0.5000
貧窮	0.2155	0.4850
負	0.1020	0.5270
消極	0.0600	0.5200
被忽視的	0.2710	0.3850
面議	0.6880	0.5850
談判	0.5510	0.6615
談判代表	0.6350	0.4710
鄰居	0.6570	0.4480
鄰里	0.3850	0.4690
新生兒	0.5420	0.5290
氯丁橡膠	0.3160	0.4510
裙帶關係	0.3490	0.5840
神經	0.3860	0.6118
神經緊張	0.1630	0.9150
內斯	0.3960	0.4800
貼近	0.6250	0.3080
雛鳥	0.6040	0.4270
淨	0.4410	0.2880
網	0.3680	0.5090
蕁麻	0.4060	0.3240
網絡	0.5310	0.3370
聯網	0.6250	0.4820
神經痛	0.0920	0.7060
神經學家	0.6080	0.5000
神經內科	0.4590	0.5370
神經官能症	0.1220	0.7660
神經外科醫生	0.5900	0.6730
神經外科	0.4900	0.6320
神經質	0.1980	0.8010
新時代	0.6940	0.5560
新發現	0.7450	0.7410
新聞廣播	0.5310	0.5090
新聞主播	0.6460	0.5100
新聞快報	0.6040	0.6370
新聞記者	0.5825	0.4690
報紙	0.6020	0.2830
新聞片	0.6250	0.5710
編輯部	0.5310	0.3920
報攤	0.6150	0.2220
新的開始	0.8020	0.5100
蠑螈	0.4580	0.3800
關係	0.7400	0.5127
筆尖	0.5100	0.2820
蠶食	0.5510	0.5510
不錯	0.9300	0.4420
鎳	0.5100	0.3470
暱稱	0.4900	0.4700
近於	0.6530	0.2160
夜鶯	0.7400	0.3400
惡夢	0.0050	0.8100
噩夢	0.0820	0.9420
床頭櫃上	0.4900	0.1300
夜間	0.7350	0.3850
虛無主義	0.3670	0.5100
獵迷	0.3270	0.5000
鑷子	0.4395	0.4150
乳頭	0.5460	0.6275
硝酸鹽	0.3880	0.4060
亞硝酸	0.4350	0.5610
沒有期待	0.3960	0.4800
沒有厭惡	0.5100	0.3240
沒有情感	0.1700	0.1090
沒有情緒	0.0920	0.3820
沒有驚喜	0.1710	0.2240
高貴	0.9060	0.3450
點頭	0.6420	0.3305
節點	0.3960	0.3430
結節	0.4380	0.3510
結核	0.2630	0.4725
腦袋，	0.5100	0.4330
噪聲	0.2600	0.8830
嘈雜	0.2710	0.8120
公稱	0.5940	0.2500
現時	0.4220	0.3700
滿不在乎	0.3020	0.4640
違規	0.1120	0.5980
不倫不類	0.4900	0.4340
脫脂	0.6040	0.2600
紀實	0.4260	0.3150
無厘頭	0.1730	0.2680
菜鳥	0.4170	0.4300
麵條	0.6330	0.2160
沒有意義	0.2760	0.3240
規範	0.5797	0.3757
常態	0.7810	0.0890
東北	0.5620	0.2600
懷舊之情	0.4170	0.3370
懷舊的	0.4580	0.3510
不是消極的	0.6220	0.2700
不積極	0.0510	0.3700
特別是	0.7920	0.5330
公證	0.5410	0.4510
筆記本	0.5000	0.1990
虛無	0.2040	0.0800
顯	0.8900	0.5620
沒有準備好	0.1330	0.4000
雖然	0.3670	0.3160
名詞	0.5310	0.2300
滋養	0.8780	0.4600
營養	0.7797	0.3878
小說家	0.3400	0.3430
別擔心	0.6300	0.4020
噴嘴	0.4380	0.3300
細微差別	0.4080	0.2820
細微之處	0.4900	0.3750
裸體	0.4900	0.9150
微調	0.3887	0.5470
裸體主義者	0.4400	0.7960
金塊	0.6020	0.3400
滋擾	0.1980	0.8170
核彈	0.1250	0.9050
數	0.4060	0.2310
編號	0.5100	0.3630
數字的	0.4790	0.3220
眾多	0.6220	0.4620
雙截棍	0.3370	0.5800
婚禮	0.8230	0.6950
護士	0.6350	0.5780
看護	0.5520	0.5490
堅果	0.4795	0.2800
胡桃夾子	0.6350	0.3780
肉荳蔻	0.6350	0.3020
有營養	0.8330	0.3370
簡而言之	0.4580	0.4070
尼龍	0.4900	0.3040
尼龍襪	0.5560	0.3790
換孩	0.3440	0.3570
槳	0.5150	0.3835
綠洲	0.7960	0.2830
燕麥	0.6220	0.1700
麥片	0.5920	0.1920
服從	0.6480	0.4335
聽話	0.8000	0.1790
訃告	0.2990	0.3970
客觀性	0.7650	0.4310
有義務的	0.3270	0.6800
湮沒	0.2400	0.4690
塗去	0.1770	0.6220
遺忘	0.1530	0.3300
渾然不覺	0.2290	0.3880
橢圓形	0.5610	0.4550
雙簧管	0.5100	0.3400
細心的	0.7400	0.4220
意見	0.6135	0.4575
觀察者	0.6630	0.3630
觀察	0.5830	0.4000
纏住	0.1120	0.8460
強迫症	0.2760	0.6475
報廢	0.2500	0.4310
過時的	0.2520	0.2785
產科醫生	0.5210	0.6360
產科	0.5300	0.5820
頑固	0.1460	0.6960
奧卡利那笛	0.5410	0.3920
場合	0.7000	0.4510
偶爾	0.5380	0.2400
閉塞	0.3060	0.4390
隱匿性	0.2920	0.3820
佔用	0.5467	0.4602
佔有者	0.5000	0.4170
職業	0.6987	0.4747
佔據	0.3665	0.5330
章魚	0.7130	0.3780
氣味	0.3370	0.3630
奧德賽	0.6220	0.6920
戀母情結	0.3120	0.5750
辦公室	0.4270	0.3020
辦事處	0.4690	0.3120
卸載	0.4740	0.4120
支脈	0.5170	0.3300
子孫	0.6135	0.3930
通常情況下	0.5710	0.5000
油膩	0.2760	0.5330
軟膏	0.4380	0.2710
舊	0.4100	0.2790
舊的	0.3850	0.2550
過時的歌曲	0.3630	0.3630
嗅覺	0.6020	0.4090
寡頭政治	0.3270	0.5670
橄欖	0.5710	0.2310
歐米加	0.5290	0.3370
無所不能	0.7190	0.6790
無所不在	0.6880	0.4520
無所不知	0.6560	0.3340
腫瘤科醫生	0.2600	0.6540
腫瘤科	0.2040	0.4240
迎面而來的	0.5940	0.6250
唯一的愛	0.8160	0.5770
不斷的	0.6740	0.4840
洋蔥	0.3780	0.3670
發病	0.6730	0.4970
本體論	0.5100	0.4500
縞瑪瑙	0.5710	0.4610
不減當年	0.4900	0.3740
滲血	0.2380	0.5150
運	0.4800	0.4020
打開	0.6200	0.4800
揭幕戰	0.5840	0.5260
開盤	0.6670	0.5100
歌劇	0.7140	0.5000
歌劇的	0.3750	0.4520
手術	0.4340	0.6717
眼科醫生	0.5520	0.3890
鴉片	0.2785	0.5420
自以為是	0.1560	0.8000
適當的	0.7960	0.5380
機會主義	0.5710	0.7520
反對	0.2115	0.6623
對面	0.2350	0.5450
壓迫	0.1283	0.6557
視神經	0.6630	0.3840
光纖	0.6770	0.3110
光學	0.5620	0.2860
樂觀	0.8315	0.5590
樂天派	0.8750	0.5390
選項	0.5670	0.3770
可選的	0.7550	0.3500
可選	0.3650	0.4050
驗光師	0.4460	0.4550
豐裕	0.6200	0.6150
神諭	0.5520	0.5310
致辭	0.6460	0.3150
演說者	0.6670	0.3750
軌道	0.5405	0.5325
軌道的	0.4580	0.4510
球體	0.4690	0.3550
獸人	0.2400	0.5100
果園	0.7600	0.2690
樂隊	0.7080	0.5000
蘭花	0.8400	0.3450
考驗	0.3440	0.5390
訂購	0.7800	0.2950
整齊的	0.8440	0.2400
統籌	0.6880	0.4900
軍械	0.3540	0.8250
礦石	0.5000	0.3330
有機	0.7190	0.3430
風琴	0.7400	0.4690
組織	0.7233	0.4753
有組織的	0.8160	0.3370
組織者	0.6040	0.5770
東方	0.6670	0.4220
東方的	0.5920	0.4090
摺紙	0.6840	0.2760
獨創性	0.8980	0.5000
首創	0.7600	0.4430
裝飾物	0.6630	0.4710
故意刁難	0.3610	0.5200
孤兒	0.1330	0.3880
孤兒院	0.1840	0.4390
牙齒矯正	0.4690	0.6150
正統	0.3295	0.4295
擺動	0.4900	0.6280
擺動的	0.4690	0.5480
振盪	0.4685	0.4765
擺闊	0.4790	0.7940
鴕鳥	0.5920	0.3820
獺	0.4390	0.2160
奧斯曼帝國	0.5310	0.3370
應該	0.3670	0.4445
停運	0.3060	0.6840
抬高價格	0.5940	0.6220
暴發	0.2600	0.6320
突發	0.2090	0.8020
棄兒	0.1530	0.4490
優於	0.6930	0.6580
戶外	0.8140	0.2560
在戶外	0.7810	0.4440
配備	0.7600	0.4900
傳出	0.6500	0.4720
長出	0.5100	0.5290
生長	0.7710	0.6200
遊覽	0.7170	0.6085
異乎尋常	0.4480	0.7370
經久耐用	0.6200	0.7860
取締	0.2550	0.6620
大綱	0.5990	0.3835
邊遠	0.4600	0.5620
想個辦法	0.3470	0.6150
門診病人	0.2600	0.4000
產量	0.6615	0.4835
蠻橫的	0.1530	0.9450
級別高於	0.6530	0.6430
推廣	0.6450	0.6165
郊區	0.4740	0.5267
直言不諱	0.5820	0.4130
伸開	0.4480	0.4810
智勝	0.3020	0.7550
過度活躍	0.6670	0.8850
總體	0.5830	0.3700
灰濛蒙	0.4170	0.2500
亂收費	0.2760	0.7800
過度	0.1560	0.8640
疲勞過度	0.3030	0.7150
過期的	0.1250	0.4270
估計過高	0.3670	0.7960
滿溢	0.4390	0.7960
發育過度的	0.3330	0.5000
過度發育	0.4170	0.7900
偷聽	0.6500	0.3650
過熱	0.2500	0.5980
矯枉過正	0.3790	0.8610
交疊	0.5940	0.6150
重疊	0.5950	0.5780
超載	0.3810	0.6900
買貴了	0.4290	0.6700
立交橋	0.5620	0.5610
壓倒	0.3417	0.8373
壓倒性	0.3920	0.7790
過分	0.4480	0.6730
反應過度	0.3060	0.9120
否決	0.2475	0.4370
監視	0.5410	0.6490
監工	0.5520	0.5200
掩蓋	0.3330	0.5490
過大的	0.5520	0.5400
睡過頭	0.4080	0.3150
積壓	0.3440	0.5920
公開	0.6490	0.4740
隨著時間的推移	0.4470	0.5040
過度疲勞	0.2100	0.3570
顛覆	0.2855	0.6738
概觀	0.6150	0.3800
不堪重負	0.3410	0.6800
雕飾	0.1560	0.9000
過分熱心的	0.4270	0.8040
虧欠的	0.3960	0.3070
貓頭鷹	0.5200	0.2700
所有權	0.6858	0.4600
牡蠣	0.5000	0.3110
和平主義者	0.6630	0.1530
打包機	0.5200	0.4800
槳船	0.6630	0.3730
掛鎖	0.4590	0.2840
異教	0.2400	0.6400
頁	0.6770	0.2240
盛會	0.7190	0.6670
分頁	0.5005	0.3655
寶塔	0.5710	0.2590
止痛藥	0.4870	0.3120
無痛人流	0.7850	0.1730
辛勞	0.3320	0.5915
彩彈	0.6150	0.7450
畫筆	0.7140	0.2260
繪	0.6670	0.3330
畫家	0.6770	0.3660
繪畫	0.7920	0.3240
對	0.6460	0.3345
宮	0.8780	0.5100
蒼白	0.2810	0.2590
古生物學	0.4380	0.3080
調色板	0.5900	0.3330
鮑爾	0.2770	0.3870
鈀	0.4700	0.3800
托盤	0.5765	0.2455
治標不治本	0.5480	0.3940
棕櫚	0.5310	0.1940
帕爾默	0.4800	0.2690
帕洛米諾	0.6160	0.3490
寵	0.7920	0.3210
萬能藥	0.4200	0.4270
鷺	0.5100	0.3630
餅子	0.8020	0.2740
薄煎餅	0.8440	0.3730
熊貓	0.6460	0.1940
烏煙瘴氣	0.2290	0.8850
鍋柄	0.4410	0.4310
驚慌失措	0.1000	0.9490
萬神殿	0.1440	0.4100
褲子	0.6730	0.3200
內褲	0.4495	0.5150
連褲襪	0.5700	0.5390
軟食	0.4380	0.4030
紙	0.5200	0.1230
平裝	0.6330	0.2690
報童	0.5210	0.4900
鎮紙	0.4210	0.2780
證件	0.4480	0.3550
紙莎草	0.4590	0.2400
拋物線	0.5005	0.4610
降落傘	0.5620	0.7870
範例	0.5730	0.4290
悖論	0.4170	0.4420
石蠟	0.4260	0.2910
律師助理	0.4790	0.4700
視差	0.4370	0.3940
癱	0.1940	0.4800
護理人員	0.6730	0.4640
醫護人員	0.4790	0.5940
準軍事	0.1540	0.8040
意譯	0.5000	0.3750
截癱	0.1880	0.4410
陽傘	0.6040	0.2550
羊皮紙	0.6150	0.2280
實質	0.5000	0.3990
育兒	0.8120	0.5200
賤民	0.3970	0.4780
頂葉	0.4810	0.3330
平價	0.5820	0.4060
公園	0.8160	0.3430
說法	0.5815	0.4250
議會	0.5315	0.5470
客廳	0.5000	0.3270
巴馬	0.6980	0.3210
言語	0.5220	0.5450
實木複合地板	0.5410	0.2400
鸚鵡	0.5880	0.3330
儉省的	0.4170	0.3120
簡約	0.4490	0.2800
參加	0.7550	0.6180
參加者	0.7120	0.5980
離別	0.2600	0.5420
黨派	0.6150	0.5490
黨派之爭	0.4380	0.5660
合夥	0.7860	0.3870
鷓鴣	0.5830	0.4150
派對	0.9480	0.8400
通過	0.4840	0.3110
被動	0.3305	0.1155
萬能鑰匙	0.6460	0.5000
護照	0.6530	0.4570
密碼	0.3900	0.3560
糕點	0.8700	0.4070
膏狀	0.4790	0.3630
補丁	0.4390	0.2880
拼湊物	0.5000	0.2600
專利	0.6475	0.4065
父親的	0.7760	0.3530
親子鑑定	0.7040	0.5900
路徑	0.5900	0.2450
可憐	0.1505	0.4780
病理學家	0.3540	0.5520
家長	0.5920	0.4480
重男輕女	0.5310	0.5000
愛國者	0.7710	0.6350
愛國	0.8750	0.5090
愛國主義	0.7080	0.6350
巡邏	0.4270	0.6640
贊助	0.7220	0.5450
光顧	0.4905	0.4100
寵幸	0.4300	0.4510
窮光蛋	0.2600	0.3470
鋪平	0.5940	0.4900
鋪路	0.4080	0.4690
典當	0.3900	0.3210
當舖	0.3960	0.4390
工資	0.6417	0.5027
回報	0.4590	0.5000
發薪日	0.8330	0.7410
有效載荷	0.6120	0.5100
公用電話	0.4690	0.3600
工資表	0.5210	0.3600
平靜的	0.8670	0.1080
維和人員	0.8650	0.3200
和平時期	0.9490	0.1800
見頂	0.6770	0.7040
農	0.5300	0.2750
啄木鳥	0.4895	0.4955
獨有的	0.6150	0.4500
金錢的	0.4900	0.4900
小販	0.4080	0.4810
小兒科的	0.5600	0.4620
兒科醫師	0.6020	0.5000
兒科	0.7500	0.3800
修腳	0.6950	0.2690
譜系	0.6250	0.3400
計步器	0.4690	0.5610
戀童癖	0.0510	0.7240
窺視	0.5078	0.3518
躲貓貓	0.5920	0.6070
剝	0.4390	0.2500
偷窺者	0.1820	0.5370
窺視孔	0.4790	0.5000
衣夾	0.5200	0.3570
遠洋	0.5210	0.5540
鵜	0.5730	0.3910
鋼筆	0.6220	0.1940
罰款	0.0620	0.4900
鉛筆	0.5520	0.2000
垂飾	0.6760	0.3210
未決	0.3960	0.4520
擺	0.5420	0.3680
滲透	0.4243	0.6180
企鵝	0.6150	0.2960
青黴素	0.4170	0.4310
陰莖	0.4220	0.7730
半島	0.5510	0.3840
懺悔的人	0.5420	0.5300
教養所	0.2290	0.7260
養老金	0.5365	0.4105
五角大樓	0.4900	0.6360
倒數第二	0.4690	0.3660
意大利辣味香腸	0.7960	0.4720
強力的	0.6770	0.5290
消化性潰瘍	0.3980	0.4630
察覺	0.7100	0.4600
知覺	0.6530	0.4810
棲息	0.5310	0.3000
或許	0.4800	0.2240
滲濾	0.3970	0.4170
打擊樂器	0.6220	0.6350
殞命	0.1350	0.6560
蠻橫	0.4290	0.4260
完美主義者	0.6670	0.7040
圍	0.4480	0.4330
貴橄欖石	0.4580	0.4810
外圍設備	0.4060	0.4060
周邊	0.4690	0.3600
潛望鏡	0.6040	0.3750
淪	0.2960	0.5700
遇難	0.1350	0.5960
滅亡	0.2290	0.4230
偽證	0.2290	0.6860
額外津貼	0.9030	0.5190
燙髮	0.6670	0.4650
常駐	0.7450	0.3450
可允許的	0.6840	0.6460
許可證	0.7330	0.3490
過氧化物	0.4580	0.5290
永動的	0.6250	0.4380
複雜的	0.5905	0.5055
持之以恆	0.8020	0.5830
擬人	0.7600	0.4710
人員	0.7290	0.3440
透視	0.6880	0.4700
勸說	0.6120	0.6700
說服力	0.7400	0.7000
攝	0.2700	0.8400
細讀	0.5625	0.2525
悲觀主義	0.0830	0.4840
悲觀主義者	0.1250	0.4700
悲觀	0.0880	0.3940
蟲害	0.1880	0.6800
寵物	0.8750	0.3270
嬌小	0.5100	0.3540
請願	0.5495	0.5530
襯裙	0.5500	0.3960
小氣	0.1520	0.5425
矮牽牛	0.5830	0.2600
錫	0.3960	0.2600
方陣	0.3980	0.3980
製藥	0.5000	0.4350
藥理	0.5600	0.4400
野雞	0.5410	0.3620
現象	0.6250	0.7210
慈善事業	0.7450	0.4120
哲學家	0.6840	0.3160
哲學上	0.7035	0.2725
哲學	0.6840	0.2550
鳳凰	0.6530	0.4810
語音	0.6200	0.3840
留聲機	0.5610	0.3980
音韻學	0.6950	0.4020
磷酸鹽	0.5000	0.3060
測光	0.4170	0.4560
短語	0.6300	0.2640
用語	0.6200	0.4060
發展史	0.3780	0.4100
物理治療師	0.5310	0.3370
醫師	0.5830	0.4900
物理學家	0.6350	0.5380
體質	0.6430	0.5000
鋼琴家	0.8060	0.4910
鋼琴	0.7040	0.3430
廣場	0.6080	0.3857
採摘的	0.7400	0.5180
選擇器	0.5340	0.3400
糾察	0.3475	0.5860
醃製	0.3440	0.4500
撿起	0.5610	0.5290
畫報	0.7040	0.4810
如畫	0.8020	0.4910
餡餅	0.7535	0.4095
斑駁的	0.5940	0.4330
虔誠	0.7600	0.3400
豬	0.3415	0.4435
小豬	0.5340	0.4700
捎帶	0.4380	0.4900
執拗	0.2710	0.4720
顏料	0.3900	0.3330
豬皮	0.3470	0.4490
梭子魚	0.4270	0.4100
樁	0.4610	0.3200
朝聖	0.6195	0.4630
枕頭	0.6630	0.1280
拉皮條	0.1460	0.7000
銷	0.4380	0.3460
彈球	0.5820	0.6400
松樹	0.5830	0.2250
菠蘿	0.6770	0.3160
針頭	0.4590	0.3000
針孔	0.3750	0.2790
小齒輪	0.4440	0.3610
巔峰	0.6330	0.3900
黑比諾	0.3650	0.3700
品脫	0.6860	0.3330
斑馬	0.5685	0.4010
訂起來	0.6100	0.4590
海盜行為	0.2960	0.7920
食人魚	0.2190	0.7990
海盜	0.3485	0.7475
惹惱了	0.2400	0.6510
開心果	0.6430	0.3360
簡練	0.4800	0.3600
進站	0.3580	0.6530
雨聲	0.4690	0.4240
垂體	0.4060	0.3650
樞	0.4580	0.3820
關鍵的	0.5820	0.4710
比薩	0.8470	0.3900
比薩店	0.7190	0.5200
標語牌	0.3880	0.4420
地點	0.5730	0.2610
安慰劑	0.5200	0.3060
胎盤	0.3750	0.4330
波瀾不驚	0.6400	0.3170
門襟	0.4080	0.2310
抄襲	0.1350	0.7160
計劃	0.6930	0.4625
天文館	0.7040	0.4620
規劃人員	0.7600	0.4690
規劃	0.8940	0.4620
種植園	0.5730	0.5850
播種機	0.6040	0.4500
種植	0.6350	0.3430
等離子體	0.4740	0.3980
盤子	0.5830	0.2450
鍍	0.5620	0.4580
電鍍	0.5760	0.3680
鉑	0.7500	0.5180
柏拉圖式的	0.4900	0.4610
大盤子	0.6860	0.2450
普拉亞	0.7240	0.5100
劇本	0.5865	0.4940
播放機	0.5570	0.6880
調皮	0.8920	0.6880
操場	0.8880	0.6200
劇場	0.7190	0.7290
挑撥	0.6220	0.7160
遊戲室	0.8440	0.6610
播放時間	0.7600	0.5960
劇作家	0.6720	0.5500
樂趣	0.9175	0.6970
全會	0.5310	0.4540
易彎的	0.6250	0.3700
礎	0.4380	0.3460
單調乏味的	0.4490	0.4810
撲通	0.3325	0.6335
採摘	0.3750	0.5830
插頭	0.5310	0.3560
鉛墜	0.3020	0.7500
飽滿	0.4060	0.4290
複數	0.6215	0.4525
長毛絨	0.6250	0.2650
氣動	0.3370	0.5200
偷獵者	0.2775	0.7650
偷獵	0.3020	0.8240
滿袋	0.5940	0.2790
講台	0.6270	0.3650
詩	0.7700	0.3090
詩意	0.8310	0.2980
詩論	0.8330	0.3060
詩歌	0.6970	0.2350
彈簧	0.6585	0.3980
淒美	0.6460	0.4440
指針	0.5830	0.3820
無意義	0.0900	0.3705
撲克	0.4800	0.6890
極性	0.4890	0.3665
極	0.5685	0.5690
論戰	0.1330	0.7500
脊髓灰質炎	0.2960	0.4520
拋光	0.6040	0.4120
政體	0.2680	0.5830
波爾卡	0.6040	0.4510
輪詢	0.5000	0.5490
馬球	0.5820	0.3600
吵鬧鬼	0.2710	0.7840
聚酯纖維	0.4790	0.2700
多邊形	0.4585	0.4995
測謊器	0.4270	0.4910
多態性	0.4290	0.5920
盛況	0.4480	0.4910
浮橋	0.5000	0.3770
馬尾巴	0.5410	0.3370
獅子狗	0.5000	0.4130
較差的	0.1560	0.3580
波普爾	0.4200	0.5090
罌粟	0.6350	0.3920
聲望	0.9070	0.6890
門廊	0.5280	0.3840
豪豬	0.3880	0.4210
豬肉	0.3700	0.4500
稀飯	0.5730	0.2290
搬運	0.4900	0.4900
門戶	0.5830	0.3470
搬運工	0.5710	0.3750
投資組合	0.6250	0.2800
畫像	0.7350	0.2980
寫真	0.6560	0.5290
陽性	0.9590	0.5490
負鼠	0.4080	0.4710
崗位	0.5200	0.4260
郵資	0.5600	0.4710
郵政	0.7650	0.2450
海報	0.5420	0.2750
後人	0.5650	0.4600
死後的	0.2320	0.4410
郵差	0.6430	0.4820
後記	0.4870	0.3000
姿勢	0.5620	0.3090
鍋	0.5000	0.1860
飲用水	0.7650	0.3260
鉀	0.4690	0.3140
潛在	0.8060	0.6250
壺洞	0.3440	0.2940
便飯	0.6210	0.5610
製陶工人	0.5730	0.4170
便壺	0.3670	0.3730
猛撲	0.4900	0.6570
重擊	0.3330	0.8430
微翹	0.3330	0.4800
粉狀	0.4215	0.3825
發電廠	0.6300	0.7550
祈禱儀式	0.4900	0.6500
實際的	0.7100	0.4900
幾乎	0.6220	0.4020
實踐	0.6985	0.5360
練	0.6120	0.6050
從業者	0.7040	0.4970
務實	0.5730	0.4330
稱讚	0.9500	0.4410
表揚	0.8780	0.4910
可貴	0.8750	0.4450
騰	0.6830	0.5470
祈禱	0.6800	0.1810
禱告	0.7450	0.2170
為我祈禱	0.5200	0.4040
說教	0.6460	0.6040
危險的	0.0890	0.7075
預防	0.5698	0.4673
優先權	0.5940	0.5200
歲差	0.4690	0.4600
管理區	0.3750	0.4310
選區	0.5310	0.3240
珍貴	0.9115	0.5150
沉澱	0.4363	0.5797
先導	0.5800	0.6720
掠奪性	0.0830	0.8650
謂詞	0.6350	0.3440
可預測	0.3120	0.2960
預報器	0.6460	0.6150
好發	0.6670	0.5290
傾向	0.5885	0.5365
優越的	0.6800	0.5960
搶占	0.5885	0.5350
先發製人	0.6420	0.4610
長官	0.6980	0.4510
比較喜歡	0.7600	0.3850
懷孕	0.7400	0.7690
偏見	0.1125	0.6790
初試	0.4620	0.4170
過早	0.2865	0.5365
醫學預科	0.4900	0.4590
預謀的	0.3540	0.4900
總理	0.7550	0.5190
額外費用	0.7860	0.5900
徵兆	0.3650	0.7650
產前	0.7400	0.4220
當務之急	0.3750	0.6940
斤斤計較	0.2650	0.7000
預備	0.6930	0.5045
製備	0.7710	0.5000
準備	0.7262	0.4980
報稅	0.6170	0.5000
預科生	0.5420	0.5200
特權	0.7450	0.5190
幼兒	0.7080	0.4255
有先見之明	0.5310	0.5390
規定	0.5748	0.5115
規定的	0.6150	0.3780
當下	0.7240	0.2860
像樣	0.8360	0.3110
禮物	0.7810	0.3940
罐頭	0.6770	0.3370
總統任期	0.7760	0.6860
總統	0.6120	0.6560
緊迫	0.2400	0.7550
壓力	0.2565	0.7615
聲望很高的	0.9790	0.6440
臆斷	0.5880	0.4690
假裝的	0.1670	0.5560
托詞	0.4180	0.4270
椒鹽捲餅	0.5190	0.3230
戰勝	0.7240	0.5570
預習	0.6560	0.3370
獵物	0.3780	0.5000
價錢	0.4790	0.4750
昂貴的	0.3400	0.5670
聖職	0.6220	0.3040
拘謹的	0.5400	0.3700
靈長類動物	0.4630	0.4090
報春花	0.8270	0.2300
原則上	0.7860	0.4800
原則	0.7160	0.3215
打印機	0.4790	0.3450
優先	0.7745	0.5780
棱鏡	0.5200	0.4290
神經質的	0.3540	0.5590
質樸	0.6500	0.3630
隱私	0.5200	0.4200
有利害關係的人	0.5830	0.4810
主動	0.7920	0.7230
遺囑認證	0.6840	0.4620
緩刑	0.3567	0.5720
探測	0.3915	0.4570
廉潔	0.4690	0.4230
直腸病	0.5310	0.5820
監考	0.5520	0.4600
採購	0.7030	0.5295
敗家子	0.6430	0.4910
生產	0.6810	0.6475
製片人	0.5590	0.5610
生產的	0.8470	0.6770
生產率	0.9580	0.6910
宣稱	0.6330	0.4200
專業的	0.8330	0.4470
敬業精神	0.7810	0.5410
利潤	0.9300	0.4620
豐富的	0.5305	0.4740
預後	0.6460	0.6040
程序員	0.5620	0.4260
程序設計	0.6000	0.4350
進展	0.8800	0.6420
級數	0.7400	0.5620
望而卻步	0.1560	0.6670
拋射物	0.2760	0.8650
放映機	0.5730	0.4910
無產階級	0.3945	0.5240
多產的	0.6250	0.5500
經久	0.4060	0.4530
舞會	0.5270	0.4400
濫交	0.2190	0.9600
淫亂	0.2140	0.8000
諾言	0.8230	0.5000
促銷	0.7210	0.5985
頒布	0.5110	0.4330
發布	0.7250	0.5430
發音	0.5920	0.4755
宣傳	0.5210	0.6510
推進	0.6760	0.7780
推進的	0.6330	0.7360
螺旋槳	0.4790	0.5690
預言	0.7100	0.6150
預言家	0.6730	0.4620
預言的	0.6880	0.5860
預防性	0.5100	0.4910
業主	0.7350	0.4800
檢察官	0.2450	0.8570
採礦者	0.5730	0.6510
招股說明書	0.6120	0.5580
賣淫	0.1250	0.8430
保護的	0.8440	0.4590
保護者	0.7790	0.3600
抗議	0.1400	0.8890
質子	0.4580	0.4150
原生動物	0.3500	0.4520
驕傲	0.9060	0.7000
普羅維登斯	0.6030	0.3370
省級	0.6450	0.3410
暫時	0.5350	0.4175
挑釁	0.3240	0.8535
發人深省	0.3380	0.9200
教務長	0.4800	0.4740
實力	0.7920	0.6570
潛行	0.2965	0.6435
謙虛的女人	0.3270	0.4100
詩篇	0.6450	0.2380
偽	0.2725	0.4345
筆名	0.5000	0.3980
銀屑病	0.1250	0.6740
心理醫生	0.4160	0.6135
精神病學	0.1910	0.6630
靈魂的	0.5000	0.5000
心理學	0.5255	0.4625
的心理學	0.3630	0.6020
心理學家	0.3750	0.3080
心理變態	0.0770	0.9180
心理治療	0.3960	0.5470
翼龍	0.3540	0.7160
創傷後應激障礙	0.3730	0.5200
陰毛	0.4900	0.5130
恥骨	0.4060	0.5700
公關	0.5620	0.5310
發表	0.6670	0.4290
皺紋	0.2385	0.3985
嘔吐	0.1443	0.6313
滑輪	0.4800	0.3330
拉過來	0.6570	0.3400
紙漿	0.4690	0.2310
講壇	0.4690	0.4490
脈衝星	0.4900	0.5000
脈動	0.4480	0.5670
脈衝	0.5070	0.4120
沖床	0.2290	0.7870
衝	0.2930	0.7275
沖孔	0.3320	0.9150
鏗鏘有力	0.5200	0.6180
準時	0.7450	0.3370
正點	0.7850	0.3930
標點	0.5610	0.3850
權威人士	0.6440	0.5820
潑辣	0.3470	0.7550
懲治	0.0610	0.8080
該罰的	0.1980	0.5880
處罰	0.1770	0.7350
懲罰性	0.2810	0.5760
木偶戲	0.3370	0.4910
購買者	0.5100	0.5490
純	0.8110	0.3060
純粹	0.6840	0.4410
煉獄	0.2550	0.7050
純化	0.8470	0.4520
純粹的	0.6250	0.4180
純度	0.8230	0.2050
發出喉音	0.6040	0.4600
打呼嚕	0.7480	0.3300
錢包	0.6680	0.3040
承辦商	0.6430	0.4800
膿	0.1350	0.4310
側推	0.3470	0.5580
富有進取心的	0.0800	0.9060
腐爛	0.1217	0.5467
看跌期權	0.4280	0.4070
推桿	0.4255	0.4470
鐵塔	0.4170	0.2880
煙火	0.5610	0.8210
四邊形	0.4580	0.5890
四極	0.4500	0.4250
鵪鶉	0.5000	0.3180
修飾	0.7300	0.5940
排位賽	0.7880	0.5770
氣質	0.6320	0.5675
質量	0.8960	0.4430
數量上	0.5100	0.4910
數量	0.5200	0.4720
採石場	0.3780	0.4260
夸脫	0.4390	0.2650
25美分硬幣	0.5680	0.2960
四分衛	0.6770	0.7260
駐紮	0.2960	0.8700
軍需	0.5510	0.5800
住處	0.5100	0.4120
四分位數	0.4380	0.4450
撤銷	0.2710	0.6890
準	0.5100	0.3430
動盪	0.2100	0.7205
蕩平	0.3880	0.6960
詢問	0.5210	0.4200
尋求	0.6325	0.5725
題	0.5100	0.4100
疑問	0.4380	0.6960
調查問卷	0.3850	0.3270
狡辯	0.3120	0.6850
乳蛋餅	0.5000	0.4560
水銀	0.4170	0.4410
靜	0.5000	0.1600
安靜	0.6150	0.1525
鵝毛筆	0.5210	0.2160
奎寧	0.4180	0.4610
俏皮話	0.4900	0.3840
詭詐的	0.7080	0.3730
顫動	0.4100	0.5750
顫抖	0.4907	0.8303
測驗	0.4620	0.6100
法定人數	0.6150	0.5440
配額	0.4270	0.4100
報價	0.6250	0.5780
烏合之眾	0.1840	0.6020
種族	0.4420	0.4725
賽馬	0.7190	0.7020
賽車	0.4800	0.6310
跑馬場	0.7080	0.8080
種族主義	0.1220	0.6730
種族主義者	0.0610	0.6730
敲詐勒索	0.1670	0.8770
貨架	0.4110	0.4420
雷達	0.5210	0.6150
徑向	0.4390	0.4040
輻射	0.5607	0.7003
輻射的	0.8880	0.7170
散熱器	0.3850	0.4520
無線電	0.5730	0.4020
放射科醫生	0.4900	0.4230
蘿蔔	0.5000	0.3160
鐳	0.4690	0.3600
半徑	0.5210	0.3240
廢物	0.6400	0.5100
襤褸的	0.2135	0.4605
襲擊	0.3500	0.7260
軌	0.4700	0.5000
鐵路	0.6020	0.6035
虹鱒魚	0.7000	0.4620
喚雨巫師	0.4480	0.5090
上調	0.6560	0.3260
葡萄乾	0.5940	0.2350
團結	0.7283	0.4873
內存	0.4060	0.4520
漫談	0.6150	0.4640
亂鬧	0.2400	0.8750
壁壘	0.3220	0.5200
筆挺	0.4060	0.4080
農場工人	0.5100	0.5200
餿	0.1560	0.4510
隨機	0.4500	0.5570
隨機性	0.4180	0.4490
蘭迪	0.4900	0.3940
遊俠	0.5260	0.5450
贖金	0.5820	0.8000
敲擊	0.6040	0.5750
強姦	0.0620	0.8560
強姦犯	0.0620	0.9060
說唱歌手	0.5500	0.7550
說唱	0.5650	0.7160
猛龍	0.2800	0.5650
歡天喜地	0.4390	0.8830
罕見	0.4275	0.4210
棘輪	0.4490	0.5200
評分	0.6630	0.6790
配給	0.4585	0.3750
唯理論	0.5620	0.5000
理順	0.6330	0.4000
叮叮噹當	0.3540	0.6410
響尾蛇	0.3613	0.6777
餓壞了的	0.4060	0.7000
山溝	0.3540	0.6730
餛飩	0.6560	0.2810
射線	0.5500	0.6700
反應	0.4520	0.8140
反動	0.4060	0.5730
反應堆	0.4380	0.7940
讀	0.7605	0.2330
讀者	0.7370	0.2650
準備就緒	0.7080	0.5310
讀出	0.5900	0.2500
準備好出發	0.6670	0.6540
試劑	0.3850	0.6980
現實主義	0.7400	0.5450
現實主義者	0.7200	0.5720
房地產經紀人	0.4290	0.4710
不動產	0.6330	0.4710
再現	0.6880	0.6250
改編	0.6560	0.5100
重組	0.5756	0.5480
再保證	0.8370	0.3060
暴動	0.1350	0.8903
叛軍	0.1350	0.8600
重啟	0.5815	0.5135
籃板球	0.5210	0.4800
訓斥	0.1150	0.6770
反駁	0.3470	0.6470
宣布放棄	0.3330	0.5750
奪回	0.3330	0.6560
重鑄	0.3670	0.4810
後退	0.2240	0.4180
收據	0.5420	0.2300
招待會	0.6940	0.3750
接待員	0.6770	0.4300
不景氣	0.3680	0.3980
補給	0.5840	0.7020
複檢	0.4400	0.4900
往復	0.7600	0.4600
演奏會	0.8380	0.4400
朗誦	0.7080	0.5190
背誦	0.6880	0.3980
開墾	0.5730	0.7500
橫臥	0.4600	0.4040
識別	0.6250	0.4000
畏縮	0.0890	0.4290
追憶	0.7955	0.4905
推薦	0.8120	0.4390
偵察	0.6283	0.5540
調和	0.7600	0.4700
重新連接	0.6300	0.5480
重新考慮	0.4480	0.4420
复議	0.5310	0.4590
復會	0.4900	0.5290
錄音機	0.5510	0.3740
追索權	0.4020	0.3370
恢復	0.7378	0.4853
可採	0.7800	0.3880
復甦	0.6560	0.5490
休閒	0.8960	0.6860
直腸的	0.3440	0.6180
長方形	0.4585	0.2325
糾正	0.5837	0.5327
教區長	0.4900	0.3730
直腸	0.4380	0.4430
臥位	0.4290	0.3700
休養	0.6880	0.4180
復發	0.4013	0.4867
經常性	0.3700	0.5600
遞歸	0.3993	0.5630
紅	0.4740	0.3610
續借	0.6020	0.4440
贖回	0.5447	0.4183
重新設計	0.6220	0.4600
紅發	0.5935	0.5345
發紅	0.1510	0.4700
冗餘	0.3160	0.2620
紅木	0.5920	0.3500
蘆葦	0.4900	0.3500
捲軸	0.4490	0.3320
蟬聯	0.5410	0.6730
繅絲	0.3270	0.5420
參考	0.5695	0.3350
轉診	0.6940	0.3140
提煉	0.6530	0.4600
精製	0.7720	0.4480
精緻	0.7190	0.3870
煉油廠	0.6460	0.4440
改裝	0.5520	0.6120
驗光儀	0.5100	0.5410
難民	0.3790	0.6070
駁議	0.3120	0.7260
帆船賽	0.7400	0.4710
攝政	0.6000	0.5005
政權	0.2900	0.6680
團	0.3805	0.6795
地區	0.5400	0.2950
區域性	0.6200	0.4000
區域主義	0.6400	0.5000
註冊員	0.5990	0.5370
註冊處	0.5730	0.3200
回歸	0.2835	0.4710
後悔	0.2900	0.5310
遺憾	0.1355	0.4270
規律性	0.6630	0.3370
調節	0.5100	0.2750
調控	0.5310	0.2690
規	0.5420	0.4250
監管	0.5310	0.4480
關閉不全	0.1600	0.6470
康復	0.5310	0.4500
老調重彈	0.4050	0.4510
排練	0.5880	0.6220
報銷	0.6530	0.6100
韁繩	0.5000	0.3570
重新安裝	0.4580	0.5000
復職	0.7290	0.5210
再投資	0.5760	0.6245
歸隊	0.6550	0.5480
煥發青春	0.8090	0.6730
有關	0.6770	0.3650
相對的	0.5000	0.3780
相對論	0.5940	0.3930
放鬆	0.8727	0.1960
輕鬆	0.8650	0.0900
中繼	0.7380	0.5420
保級	0.3750	0.5000
遺跡	0.6280	0.3460
重新點燃	0.5600	0.5880
復活	0.7288	0.7238
重裝	0.5620	0.6110
搬遷	0.4480	0.5470
不情願	0.2453	0.5947
餘	0.3980	0.3570
其餘	0.4490	0.2900
歸還	0.4140	0.4940
備註	0.5610	0.3250
複賽	0.4690	0.7980
補救	0.4970	0.3505
記得	0.8460	0.3775
讓人聯想起	0.5000	0.4810
失職	0.1900	0.6500
匯	0.5100	0.5090
匯款	0.6840	0.4790
遠程	0.4580	0.3330
卸妝	0.3370	0.4430
報酬	0.7920	0.7600
翻譯	0.4912	0.3680
會合	0.7500	0.4900
叛變	0.1400	0.6400
重新談判	0.5800	0.7020
復興	0.7965	0.6870
修復	0.8780	0.5490
裝修	0.7995	0.4980
名聲	0.6930	0.4750
聞名	0.8440	0.4810
重開	0.6560	0.5280
改組	0.6670	0.5900
重繪	0.6220	0.3820
償還	0.4690	0.6320
還款	0.4790	0.4900
中繼器	0.4790	0.4260
擊退	0.2240	0.6200
防護劑	0.2920	0.6200
驅蚊	0.2860	0.5000
劇目	0.5975	0.5335
改寫	0.5185	0.4755
更換	0.4170	0.5200
複製品	0.4800	0.5200
報告	0.5830	0.4440
報導	0.4180	0.4420
復位	0.4080	0.5290
知識庫	0.4060	0.3960
應受譴責	0.3160	0.5690
懲戒	0.1530	0.5280
報復	0.1307	0.8040
責備	0.2400	0.7550
再生產	0.8000	0.7360
重新編程	0.5190	0.4040
爬蟲	0.3500	0.5660
共和國	0.6350	0.3400
共和黨人	0.3980	0.5510
令人厭惡	0.0610	0.7350
醜惡	0.1460	0.7750
買回	0.5310	0.5920
信譽	0.7810	0.4620
聲譽	0.7400	0.5420
名氣	0.7290	0.5000
請求	0.6250	0.4710
重讀	0.4480	0.3770
重新運行	0.3330	0.6200
研究員	0.5690	0.5100
憤恨	0.0730	0.5530
儲量	0.6530	0.3630
住院醫師	0.6940	0.3570
剩餘的	0.4480	0.2880
殘留	0.3540	0.3300
辭職	0.2117	0.3683
樹脂	0.2840	0.3080
電阻式	0.3960	0.5190
解決	0.6744	0.4982
諧振	0.5550	0.5563
諧振器	0.4690	0.6080
採取	0.7005	0.4890
資源	0.6947	0.3410
足智多謀	0.9060	0.7040
關於	0.8370	0.3210
燦爛	0.7877	0.6470
響應	0.6680	0.5013
重新開始	0.5310	0.5190
餐廳	0.8470	0.4060
寧靜	0.8595	0.1168
躁動	0.0830	0.7940
進貨	0.5100	0.5380
衛生間	0.5765	0.3215
復生	0.7530	0.7680
報復性	0.1940	0.8650
減速	0.1940	0.3470
遲緩	0.1745	0.2420
視網膜	0.5105	0.2990
新編	0.4590	0.3850
回縮	0.3120	0.4910
牽開器	0.3540	0.5900
裁員	0.2300	0.6500
再審	0.5000	0.5770
報應	0.6250	0.4900
復古	0.6500	0.2760
回想起來	0.4060	0.5000
回顧	0.5550	0.4405
團圓	0.8370	0.5000
團聚	0.6560	0.5500
轉	0.4490	0.4100
復仇	0.1610	0.9023
混響	0.3900	0.6390
反轉	0.4580	0.5380
還原	0.3800	0.4510
重溫	0.5520	0.5300
令人作嘔	0.0880	0.6540
圍繞	0.5920	0.5460
左輪手槍	0.1940	0.7960
旋轉	0.5495	0.5750
滑稽劇	0.5940	0.3500
上竄	0.6040	0.8750
獎勵	0.9530	0.6655
倒帶	0.4600	0.5510
換鐵線	0.3650	0.4620
修辭	0.4170	0.4990
風濕症	0.2190	0.4720
水鑽	0.5310	0.5510
大黃	0.5820	0.3040
韻	0.6670	0.2490
押韻	0.7290	0.4100
羅紋	0.3650	0.3780
色帶	0.7190	0.2880
白飯	0.6670	0.2080
幹草堆	0.4590	0.4200
搖搖晃晃	0.2240	0.4020
黃包車	0.4380	0.5940
跳彈	0.2870	0.6180
謎語	0.5210	0.5830
騎	0.8060	0.4650
嶺	0.4840	0.4020
譏	0.1120	0.8060
騎術	0.6940	0.6540
即興演奏	0.3600	0.4040
步槍	0.3330	0.8820
步槍兵	0.2450	0.8630
操縱	0.5420	0.3820
非法操縱的	0.1880	0.5100
義	0.8020	0.6600
正當地	0.7400	0.4710
右傾	0.7500	0.3140
剛性	0.2605	0.5150
鈴聲	0.6485	0.6010
馴獸師	0.6300	0.6220
滑冰場	0.5510	0.3920
沖洗	0.5230	0.2360
放蕩的	0.1630	0.8370
鬆土	0.2190	0.8870
蕩漾	0.5000	0.4800
風險	0.2400	0.8160
有風險	0.2240	0.9220
燴飯	0.8020	0.4540
鉚釘	0.4580	0.3060
鉚接	0.3850	0.4390
鉚	0.4480	0.5440
客棧	0.5000	0.6200
視Roadie	0.5000	0.5660
走鵑	0.4900	0.7020
路邊	0.5000	0.5690
跑車	0.6450	0.6590
旅遊路徑	0.6770	0.5960
漫遊	0.5167	0.4640
搶	0.1120	0.8400
強盜	0.1350	0.7720
長袍	0.5940	0.2160
機器人	0.4833	0.5130
強大的	0.6670	0.6040
鵬	0.4270	0.5100
搖桿	0.6150	0.7040
囓齒動物	0.3230	0.5770
魚子	0.4900	0.3820
滾	0.4690	0.5100
滾筒	0.5210	0.3940
過山車	0.8020	0.9100
輥	0.4900	0.3650
洛佩茲	0.8780	0.8060
壓延	0.5100	0.6060
羅馬	0.6150	0.4750
浪漫主義	0.8540	0.5210
歡蹦亂跳	0.6100	0.6400
屋頂	0.5865	0.3485
車	0.3800	0.4000
房間	0.7290	0.2830
寬敞	0.8200	0.3535
棲	0.5000	0.4100
繩索	0.4580	0.3040
玫瑰園	0.8060	0.1400
花環	0.4690	0.4100
名冊	0.5310	0.3060
紅潤	0.7150	0.5790
羅塔	0.3200	0.4620
迴轉	0.5627	0.5480
死記硬背	0.5610	0.4810
轉子	0.5000	0.4580
爛	0.1040	0.5900
圓形大廳	0.5000	0.4640
鑽工	0.3230	0.6400
輪盤賭	0.3260	0.6900
迂迴	0.4900	0.4250
圍捕	0.5200	0.5800
激勵者	0.4800	0.5400
大敗	0.1630	0.6250
路線	0.5830	0.3530
吵鬧的	0.2550	0.9000
王權	0.8320	0.5710
橡膠	0.5320	0.2885
瓦礫	0.3080	0.5090
擦下來	0.5610	0.4910
專欄	0.4270	0.2600
紅寶石	0.6630	0.4080
無禮	0.0610	0.8210
粗魯	0.2800	0.8190
雛形	0.3850	0.5200
憐憫的	0.1730	0.4290
環狀領	0.3650	0.5100
橄欖球	0.6770	0.8200
崎嶇	0.5610	0.5690
禍根	0.1840	0.5820
毀了	0.1350	0.5640
毀滅性的	0.2550	0.6900
規則	0.5670	0.4270
統治者	0.4400	0.4000
倫巴	0.7810	0.8270
臨檢	0.2430	0.6150
謠言	0.2550	0.5820
跑來跑去	0.4480	0.5190
梯級	0.5100	0.3550
賽跑	0.7300	0.8580
鄉村	0.4655	0.4510
趕	0.4060	0.8090
銹	0.2810	0.2650
生鏽	0.2860	0.3570
魯斯特勒	0.2810	0.8300
發情	0.3330	0.3100
黑麥	0.4900	0.2980
聖餐	0.6900	0.3160
犧牲	0.2290	0.7683
冒瀆	0.2810	0.7080
遭天譴	0.1460	0.7360
難過	0.1040	0.4360
蘋果瀏覽器	0.6630	0.6730
藏紅花	0.4430	0.3730
冒險故事	0.6350	0.4400
蠑	0.4100	0.3620
薩拉米	0.6670	0.3600
售貨小姐	0.5820	0.4900
出擊	0.6040	0.3900
三文魚	0.7600	0.2500
沙門氏菌	0.1670	0.6080
沙龍	0.5310	0.2960
轎車	0.6300	0.3000
鹽	0.3230	0.3120
鹽的	0.3330	0.4000
禮炮	0.8330	0.5420
打撈	0.6220	0.5100
藥膏	0.6120	0.3900
樣品	0.5210	0.1870
療養院	0.4585	0.5675
聖化	0.7215	0.4370
成聖	0.7920	0.2400
書房	0.5210	0.4380
砂光機	0.4380	0.5800
砂紙	0.4170	0.4250
沙灘	0.6460	0.3040
衛浴	0.4580	0.3200
聖誕老人	0.7350	0.2860
樹液	0.4700	0.2980
藍寶石	0.7700	0.4720
沙丁魚	0.5410	0.2360
生魚片	0.7040	0.3100
黃樟	0.4690	0.3880
書包	0.5210	0.3060
衛星	0.5620	0.4090
緞	0.5190	0.3960
滿意地	0.7650	0.5700
飽和	0.2680	0.6310
飽和的	0.4740	0.7000
醬	0.5620	0.5150
平底鍋	0.3470	0.2640
稀樹草原	0.6060	0.1470
學者	0.7375	0.4360
保護程序	0.7450	0.3820
儲	0.7760	0.4310
品嚐	0.8040	0.5775
鋸	0.3160	0.5410
鋸末	0.3980	0.2790
鋸木廠	0.4270	0.3780
薩克斯	0.5730	0.4650
薩克管	0.6880	0.4440
說	0.5610	0.3365
腳手架	0.4880	0.4330
燙	0.2710	0.5400
規模	0.3100	0.3500
扇貝	0.4900	0.3630
有鱗的	0.2810	0.4810
詐騙	0.0420	0.7450
掃描	0.4790	0.4230
醜聞	0.2170	0.6795
誹謗性的	0.1350	0.9070
掃描器	0.5310	0.3560
花莖	0.2900	0.6250
金龜子	0.4060	0.4580
幾乎沒有	0.0820	0.4120
嚇	0.1220	0.9100
猩紅	0.5070	0.3900
趕去	0.3370	0.5480
腳本	0.6385	0.4800
風景	0.7450	0.2530
名勝	0.6840	0.5480
懷疑論	0.2605	0.4620
時間表	0.5355	0.2845
拖帶	0.3020	0.4260
書香	0.7500	0.4660
學力	0.5000	0.4700
學校	0.7650	0.4230
女學生	0.7600	0.5210
學校工作	0.4790	0.5000
坐骨神經痛	0.2860	0.4430
科學	0.6205	0.4695
科學家	0.5620	0.5000
罵	0.1940	0.7550
痛罵	0.0710	0.8330
烤餅	0.4180	0.2870
酷熱	0.4060	0.6350
記分牌	0.6670	0.4840
記分員	0.7300	0.6080
輕蔑	0.1100	0.7210
蠍	0.1980	0.7450
蘇格蘭人	0.5780	0.5200
沖刷	0.3880	0.6020
皺眉頭	0.3020	0.6000
亂塗	0.6250	0.4120
擾碼器	0.4170	0.5500
擾碼	0.4210	0.8100
廢料	0.1560	0.3390
剪貼簿	0.5620	0.2740
羊瘙癢病	0.3060	0.7060
鬥志旺盛	0.3010	0.3750
驚叫	0.1880	0.8630
駭人聽聞的標題	0.1560	0.6700
篩查	0.5620	0.5700
編劇	0.5710	0.5000
擰	0.3718	0.5245
螺絲刀	0.5200	0.5190
塗	0.4290	0.4530
隸	0.5410	0.2640
混戰	0.3670	0.6600
便條	0.4300	0.4620
滾動	0.4410	0.4500
陰囊	0.3960	0.6530
一絲不苟	0.5450	0.6850
細察	0.4580	0.5870
壞血病	0.3540	0.4620
海鮮	0.6560	0.5000
海鷗	0.6350	0.2450
接縫	0.4270	0.2500
無縫	0.4590	0.1400
探照燈	0.6220	0.5100
海濱	0.8415	0.4150
暈船	0.1150	0.6830
季節	0.7920	0.4100
時令的	0.5920	0.2730
老練	0.8120	0.5700
調味料	0.6330	0.3880
安全帶	0.6560	0.3140
第二個表弟	0.6980	0.3600
秘書處	0.5180	0.4590
秘書	0.6120	0.4260
世俗主義	0.3670	0.4400
證券	0.7500	0.3040
穩重	0.5205	0.2235
鎮靜	0.5100	0.2700
鎮靜劑	0.3140	0.2730
久坐不動	0.2920	0.1850
煽動叛亂	0.3270	0.5570
種子	0.6935	0.2020
導引頭	0.6460	0.4640
先見者	0.6040	0.4810
蹺蹺板	0.5700	0.5590
發作	0.1770	0.7750
可選擇的	0.6120	0.3470
賣	0.6180	0.6080
賣家	0.6350	0.4710
賣完	0.3980	0.4900
蘇打水	0.5145	0.4310
語義	0.6980	0.3940
信號	0.5835	0.3955
學期	0.5210	0.3270
分號	0.3780	0.2550
研討會	0.5830	0.3600
符號學	0.4490	0.4170
參議院	0.4900	0.3490
參議員	0.3910	0.4220
發送	0.7495	0.5305
前輩	0.5610	0.4150
轟動的	0.9380	0.8270
靈敏度	0.7500	0.4170
傳感器	0.5710	0.3770
感覺的	0.5830	0.4800
聲色	0.7300	0.7900
感覺上的	0.8540	0.7980
可分離	0.4690	0.3900
烏賊	0.4725	0.3340
膿血症	0.2290	0.4520
化糞池	0.2810	0.4620
續集	0.6500	0.4800
序貫	0.5310	0.4230
意外發現	0.6770	0.4130
安詳	0.8020	0.1320
軍士	0.4080	0.6000
連載	0.5000	0.4550
襯線	0.5310	0.4170
嚴肅	0.4955	0.3795
蛇紋石	0.5760	0.6460
鋸齒形	0.3880	0.4350
僕人	0.3400	0.4080
服務	0.6530	0.4040
服務器	0.6560	0.3560
維修	0.8340	0.4000
二傳手	0.5410	0.4550
委託人	0.5310	0.4340
斷絕	0.1560	0.6350
個別	0.7190	0.2980
縫	0.4080	0.4390
針線活	0.6250	0.3370
性別歧視	0.2550	0.7980
破舊	0.2350	0.5190
窩棚	0.4103	0.4547
鐵鍊	0.2760	0.5800
陰涼處	0.3880	0.2650
陰影	0.3610	0.3335
神出鬼沒	0.1350	0.3730
陰涼	0.3230	0.5090
搖	0.4390	0.6890
動搖	0.3850	0.6435
振動篩	0.5200	0.7280
發抖	0.2373	0.8127
應	0.5100	0.3850
淺	0.3920	0.3525
淺灘	0.3880	0.3680
不要臉	0.2740	0.7130
洗頭	0.6040	0.1800
形狀	0.5920	0.2400
身材勻稱	0.7710	0.4410
股東	0.6145	0.6285
鯊魚	0.2600	0.8450
卷筆刀	0.5320	0.4350
銳度	0.7290	0.3850
狙擊手	0.2400	0.9290
破滅	0.0970	0.8060
驚天動地	0.1350	0.7600
刮鬍子	0.5210	0.4100
剃須刀	0.4180	0.4500
剪斷	0.2860	0.6470
護套	0.3780	0.4800
酋長	0.5210	0.5790
貝殼	0.6150	0.4080
貝類	0.5940	0.4120
炮轟	0.3370	0.9170
避風	0.5900	0.3770
候車亭	0.5820	0.3330
擱置	0.3060	0.1660
發微光	0.7450	0.5620
擺振	0.4780	0.4760
脛	0.4590	0.5000
閃耀	0.8440	0.5390
發光體	0.7400	0.5100
閃亮的	0.8850	0.6730
裝船	0.5820	0.4400
船廠	0.3980	0.5830
發抖的	0.2120	0.7325
灘塗	0.3960	0.4080
令人震驚	0.2350	0.8040
觸目驚心	0.5640	0.8105
令人吃驚	0.5100	0.9240
鞋帶	0.3960	0.2800
行竊	0.1520	0.8330
購物者	0.6460	0.6150
購物	0.9150	0.4450
捷徑	0.5940	0.3080
速記	0.4590	0.4500
游擊手	0.4180	0.5290
鏟	0.3870	0.5317
演藝圈	0.6610	0.7130
愛現	0.6180	0.6250
櫥窗	0.5210	0.2550
攤牌	0.3020	0.9500
展廳	0.7400	0.4410
彈片	0.2400	0.7400
潑婦	0.3365	0.5390
萎縮	0.1750	0.4045
裹屍布	0.4170	0.4570
聳	0.2080	0.2960
癟	0.5000	0.3730
順	0.4180	0.6040
關掉	0.1730	0.3670
快門	0.1910	0.3800
訟棍	0.2920	0.5670
厭恨	0.0510	0.5000
鐮刀	0.4270	0.5850
病懨懨	0.1880	0.5500
側邊欄	0.4690	0.3640
兩鬢鬍鬚	0.7770	0.3270
車鬥	0.5520	0.4490
副業	0.4400	0.3820
雜耍	0.4740	0.5325
側身	0.7880	0.2450
圍城	0.2710	0.7500
篩	0.5005	0.3310
篩選	0.5710	0.4690
嘆	0.4690	0.3870
視力	0.6960	0.3485
瞄準	0.5820	0.5600
觀光	0.8750	0.5520
西格瑪	0.4900	0.4720
標誌	0.6200	0.4810
路標	0.5100	0.4000
無聲	0.3700	0.1800
矽	0.4595	0.3940
絲	0.7450	0.1900
筒倉	0.4000	0.3650
銀器	0.6630	0.3650
銀色	0.5430	0.4600
暗流湧動	0.3820	0.6130
簡化	0.5650	0.3470
簡單化	0.4900	0.2450
模擬器	0.6770	0.5590
真誠	0.9180	0.2650
誠意	0.9080	0.3510
單	0.4220	0.3540
單數	0.6100	0.3020
奇點	0.5820	0.3480
險惡	0.1250	0.8960
竇	0.5310	0.5630
閣下	0.8540	0.4520
情景喜劇	0.5620	0.5370
位於	0.5260	0.2705
可觀	0.7270	0.3370
嘯	0.4270	0.7040
斯基達德爾	0.4270	0.5960
雙向飛碟	0.4690	0.5490
絞	0.4490	0.3720
懷疑論者	0.1350	0.4400
草圖	0.7040	0.2760
剎車	0.3570	0.6400
煎鍋	0.5100	0.2960
熟練	0.7865	0.5770
輕薄	0.3020	0.3490
船長	0.4400	0.5770
前哨戰	0.2900	0.6400
踢腳	0.4490	0.5290
嬌媚	0.1560	0.8150
頭骨	0.2760	0.5580
天際線	0.5920	0.4120
摩天大樓	0.6220	0.6960
礦渣	0.2660	0.6000
俚語	0.4790	0.4180
拍擊	0.2057	0.7340
屠宰場	0.1460	0.7940
奴隸	0.1710	0.7950
奴隸制度	0.0520	0.7830
大錘	0.4490	0.4790
睡覺	0.7190	0.0900
軌枕	0.6400	0.1540
無眠	0.2130	0.4100
徹夜狂歡	0.8150	0.5190
貪睡	0.3270	0.3500
無袖	0.6380	0.2900
苗條	0.8120	0.5480
滑動	0.4855	0.5825
滑塊	0.5850	0.4910
輕微	0.4480	0.3290
輕微的期待	0.5620	0.4900
輕微的厭惡	0.1560	0.5780
有些驚喜	0.7520	0.7975
輕微的信任	0.3060	0.4000
稍微負面	0.1900	0.4720
稍微積極	0.7920	0.4800
泥濘的	0.1770	0.5000
吊繩	0.4170	0.4230
彈弓	0.3230	0.6540
潛步	0.4600	0.5460
緊身	0.4000	0.6370
懶漢	0.2750	0.3650
單桅帆船	0.4800	0.3750
稀鬆	0.3030	0.4410
傴	0.3650	0.4500
緩慢	0.2990	0.3320
金屬塊	0.2760	0.3700
水閘	0.4270	0.5200
貧民窟	0.2920	0.5280
爛泥	0.4270	0.2830
懶婦	0.0710	0.8080
自作聰明	0.3640	0.5200
變得聰明	0.6020	0.4900
塗抹	0.2300	0.4330
聞	0.4840	0.5005
冶煉	0.3330	0.4410
笑臉	0.8650	0.4700
撾	0.3030	0.8460
重拳出擊	0.1530	0.7600
煙霧	0.2710	0.4800
抽煙	0.1820	0.5285
抽煙者	0.2080	0.5280
煙熏	0.4940	0.4620
悶燒	0.6350	0.7810
順利	0.8270	0.1775
扼殺	0.1930	0.8060
弄髒	0.3900	0.3765
躊躇滿志	0.1980	0.5520
釘子	0.4170	0.2500
蝸牛	0.4800	0.1040
紅魚	0.4170	0.4290
搞亂	0.4300	0.7870
搶奪	0.2190	0.8610
綁架者	0.1220	0.8670
運動鞋	0.7940	0.4790
噴嚏	0.2710	0.4420
打噴嚏	0.4340	0.5700
吸氣	0.3960	0.5000
狙擊	0.1980	0.9150
狙擊兵	0.1670	0.8700
勢利	0.2960	0.5200
窺探	0.1340	0.7400
浮潛	0.5100	0.4700
單板滑雪	0.6630	0.6800
鼻煙	0.3570	0.4700
沖天	0.7080	0.7040
社會	0.7400	0.4170
社會主義	0.5100	0.5000
社會主義的	0.4480	0.4000
應酬	0.9070	0.6830
社會學	0.6150	0.4390
反社會	0.1040	0.8630
襪子	0.5000	0.1670
蘇打	0.6880	0.3140
鈉	0.4900	0.3400
沙發	0.5830	0.1060
柔軟的	0.7600	0.1790
壘球	0.7350	0.6300
軟化	0.6970	0.2245
柔軟劑	0.7450	0.3000
輕輕的	0.5170	0.2060
柔軟度	0.8750	0.0860
軟件	0.5610	0.2800
很高興	0.9490	0.6730
社交晚會	0.7290	0.6920
棲止	0.5140	0.2430
太陽能	0.6220	0.4520
莊嚴	0.7690	0.5490
徵求	0.6200	0.4900
徵集	0.6120	0.5190
固體	0.6670	0.3040
堅固	0.7450	0.4440
紙牌	0.3650	0.2270
獨奏	0.4380	0.1900
真幸運	0.5730	0.5290
償付能力	0.6040	0.2960
溶劑	0.6350	0.3160
體	0.4380	0.4060
有些厭惡	0.0940	0.6570
有點負面	0.2080	0.4800
有點積極	0.9200	0.5100
兒子	0.7920	0.3650
聲納	0.5410	0.4800
奏鳴曲	0.6430	0.4060
十四行詩	0.7180	0.2940
煤煙	0.3750	0.3280
撫慰的	0.6250	0.1790
詭辯	0.7920	0.4720
二年級	0.6530	0.4150
巫師	0.5165	0.5315
巫術	0.2310	0.7595
瘡	0.0940	0.6500
聯誼會	0.6350	0.6370
靈魂	0.7700	0.2200
沒有靈魂	0.1250	0.5910
聲音	0.7650	0.6230
聽起來	0.6900	0.5000
穩健	0.7800	0.3770
聲帶	0.6300	0.5590
湯	0.6020	0.2450
非常苦惱	0.1880	0.6200
東南	0.5100	0.2830
紀念品	0.8440	0.3110
蘇聯	0.3470	0.5800
母豬	0.6670	0.4300
黃豆	0.4795	0.2500
醬油	0.5730	0.3820
溫泉	0.6220	0.1510
空間	0.8000	0.3170
宇宙飛船	0.6460	0.6980
飛船	0.6430	0.7810
間距	0.6210	0.4250
垃圾郵件	0.1880	0.3540
垃圾郵件發送者	0.3540	0.5000
斯潘德克斯彈性纖維	0.4290	0.5200
對打	0.2920	0.8700
痙攣	0.1940	0.5940
痙攣性	0.2400	0.5410
空間的	0.6040	0.6250
濺	0.4065	0.5210
說話	0.7650	0.4720
非法經營	0.6800	0.5360
揚聲器	0.6040	0.6600
請講	0.7530	0.5900
特別	0.8455	0.5000
專業	0.7890	0.4745
種類	0.5610	0.3300
標本	0.5310	0.4440
場面	0.8120	0.7450
壯觀	0.9470	0.7400
觀眾	0.6430	0.4590
幽靈	0.2650	0.7230
光譜	0.4040	0.6360
光譜儀	0.5000	0.4520
分光光度計	0.5000	0.4840
投機	0.2760	0.5910
窺器	0.4170	0.4690
說不出話來	0.4590	0.3200
趕緊	0.6880	0.7400
車速表	0.4270	0.5490
拼寫	0.3850	0.3800
敗興而歸	0.5310	0.6470
斯賓塞	0.5100	0.3940
開支	0.3330	0.5560
括約肌	0.3470	0.6330
獅身人面像	0.6040	0.3240
灑	0.4080	0.6330
紡	0.5510	0.4220
紡錘	0.5520	0.4100
骨氣	0.3440	0.3870
紡織	0.5940	0.6100
獨身主義者	0.3570	0.3680
靈性	0.8650	0.2810
儘管	0.0800	0.6000
噴吐火焰者	0.2330	0.6230
圖示	0.5100	0.4330
飛濺	0.3120	0.5960
仿樣	0.4900	0.3980
揮霍	0.3025	0.6180
溺愛	0.1405	0.7005
擾流板	0.3470	0.5270
分贓	0.3880	0.7600
輻	0.6350	0.4330
發言人	0.6465	0.4665
海綿	0.5510	0.1920
自發性	0.8170	0.6980
自發	0.7800	0.5780
幽靈般的	0.1040	0.8580
運動的	0.9170	0.6560
體育	0.8615	0.6325
體育記者	0.7600	0.5510
運動型	0.7350	0.7130
一塵不染	0.7920	0.3270
去污劑	0.5420	0.4910
參差不齊	0.2810	0.6060
噴口	0.4380	0.3570
扭傷	0.0630	0.5800
噴霧	0.4380	0.4100
大禮包	0.5640	0.6630
灑水車	0.5100	0.4340
雲杉	0.6040	0.2880
開鑽	0.4030	0.4230
容易發怒	0.6460	0.8790
隊	0.5105	0.6985
颮	0.1910	0.8330
鱗狀	0.3440	0.4460
棚戶區	0.3900	0.3610
斯闊	0.4280	0.4410
鳴聲	0.5410	0.5190
過於拘謹的	0.1760	0.6560
嘩啦嘩啦地	0.2710	0.5100
瞇	0.3850	0.4610
鄉紳	0.4790	0.4590
蠕動	0.2350	0.8240
穩定性	0.8120	0.2640
穩定	0.7480	0.2723
穩定劑	0.6880	0.3530
斷奏	0.3960	0.5000
體育場	0.6350	0.6790
員工	0.7450	0.2740
階段	0.5920	0.3060
驛馬	0.5160	0.5190
錯開	0.5310	0.6200
踉蹌	0.5200	0.6570
滯	0.3000	0.5000
停滯	0.2760	0.3240
不銹	0.5940	0.3290
樓梯	0.4790	0.4125
樓梯間	0.5100	0.2920
放樣	0.3440	0.5460
陳舊	0.2350	0.4610
莖	0.4360	0.2720
死纏爛打	0.1770	0.9300
攤子	0.3700	0.2450
騭	0.6280	0.5960
攤位	0.5820	0.3780
偉岸	0.8120	0.4300
郵票	0.4380	0.3270
姿態	0.6040	0.3330
標準化	0.6100	0.3240
常設	0.6040	0.3170
對峙	0.3330	0.8400
立場	0.5850	0.3880
停頓	0.4410	0.2030
站起來	0.6330	0.5830
金黃色葡萄球菌	0.3750	0.4800
釘書針	0.5420	0.3060
訂書機	0.3700	0.2640
楊桃	0.7010	0.4330
澱粉	0.5070	0.3540
星塵	0.8430	0.4100
觀星	0.8020	0.4610
與之形成鮮明	0.3300	0.6300
歐椋鳥	0.5000	0.4900
星光燦爛	0.4380	0.6430
起動機	0.6670	0.4610
驚嚇	0.1640	0.8530
餓死	0.0730	0.7290
挨餓	0.1630	0.6700
統計	0.5670	0.4110
聲明	0.6880	0.6080
客艙	0.6530	0.3800
美國本土	0.6430	0.4800
靜態的	0.2970	0.2500
靜力學	0.5420	0.2900
靜止的	0.4080	0.2400
統計員	0.5710	0.3600
狀態	0.6580	0.3770
堅定	0.6255	0.3980
譜表	0.4170	0.3330
偷竊行為	0.0860	0.9130
騰騰	0.5920	0.5530
壓路機	0.3960	0.5670
輪船	0.4690	0.4900
鋼	0.5210	0.4200
尖頂	0.6250	0.5190
恆星	0.7960	0.5800
惡臭	0.1040	0.5700
速記員	0.5100	0.4080
繼女	0.5100	0.5100
後爹	0.3960	0.4910
後媽	0.4270	0.5300
腳步	0.5110	0.3490
繼子	0.6140	0.4060
立體聲	0.6170	0.5190
立體	0.3630	0.4170
鉛板	0.1510	0.4220
陳規	0.3750	0.5100
無菌	0.3020	0.4710
英鎊	0.5290	0.4810
類固醇	0.3600	0.7060
燉	0.6670	0.3730
貼紙	0.5830	0.3060
堅持己見的人	0.3850	0.4710
豎起	0.4530	0.5370
變硬	0.3600	0.5820
悶	0.2430	0.7365
柱頭	0.3270	0.5000
高蹺	0.4390	0.5770
臭氣熏天	0.1630	0.5670
助學金	0.6040	0.5460
攪拌	0.5150	0.7375
股票經紀人	0.4170	0.6760
襪	0.5940	0.3240
絲襪	0.4580	0.3650
儲存	0.5420	0.3150
棧房	0.5620	0.3120
個股	0.5730	0.5980
堅忍	0.4270	0.4730
被盜	0.1560	0.6460
跺腳	0.3650	0.5650
跺著腳	0.2290	0.6840
石牆	0.3370	0.4570
跟屁蟲	0.4380	0.4060
存儲	0.6640	0.3920
庫	0.5700	0.2500
庫房	0.5600	0.2170
暴風雨	0.1955	0.8565
故事書	0.8540	0.3060
說故事的人	0.7300	0.3570
評書	0.6430	0.3750
肥碩	0.6560	0.6570
火爐	0.4660	0.3910
墊木	0.6150	0.3650
直截了當	0.7800	0.1500
應變	0.1900	0.7500
海峽	0.4230	0.3510
緊身衣	0.4035	0.5310
縷	0.4740	0.3970
絞殺	0.0400	0.8860
地層	0.4325	0.3820
戰略	0.7450	0.6875
戰略家	0.5710	0.5940
平流層	0.6040	0.5830
層雲	0.4480	0.5200
條紋	0.4710	0.4277
飄帶	0.6150	0.5300
精簡	0.6560	0.5730
電車	0.5285	0.5985
費勁	0.1040	0.6600
鏈球菌	0.3650	0.5940
強調	0.2457	0.7152
應力	0.1150	0.8170
擔架	0.4380	0.1960
災區	0.1630	0.7200
邁	0.4900	0.6700
罷工	0.2710	0.8110
跳閘	0.3515	0.5470
脫衣舞	0.6160	0.8830
頻閃	0.4900	0.6330
童車	0.7860	0.3980
據點	0.7080	0.6360
結構	0.5820	0.4250
結構體	0.5620	0.3560
殘株	0.3330	0.4420
固執	0.1560	0.6730
雲集	0.3960	0.4120
學生	0.6340	0.3180
東東	0.6220	0.3670
填充玩具動物	0.6840	0.2550
餡	0.4170	0.3240
絆倒	0.1530	0.7160
樹墩	0.4490	0.5100
難倒	0.3440	0.6040
擊暈	0.3330	0.7100
令人驚嘆	0.8880	0.6730
發育不良	0.1940	0.4720
替身演員	0.4900	0.4820
糊塗事	0.0600	0.4180
粗壯	0.5800	0.6420
鱘	0.4170	0.4730
針眼	0.2960	0.5000
樣式	0.7450	0.4720
美髮師	0.7600	0.4450
倜儻	0.7240	0.2650
亞原子	0.3850	0.5380
小組委員會	0.3960	0.4670
潛意識	0.4705	0.4515
細分	0.5650	0.4440
俯衝	0.3500	0.5690
隸屬	0.3540	0.4080
主觀	0.5100	0.3500
轉租	0.4690	0.5510
昇華	0.6470	0.3615
潛艇	0.5720	0.4810
淹沒	0.3365	0.5615
服從的	0.4800	0.2170
下屬	0.2760	0.3920
屬	0.2700	0.5270
傳票	0.4165	0.6190
訂閱	0.6215	0.3385
訂戶	0.5620	0.3980
隨後	0.4490	0.3850
後來	0.3800	0.3370
奴顏婢膝	0.2550	0.4020
資助	0.6040	0.6150
補貼	0.5730	0.4620
子空間	0.4700	0.4530
物質	0.6150	0.4220
變電站	0.4690	0.4610
代換	0.4060	0.4800
潛台詞	0.6350	0.2760
減去	0.2080	0.3300
減法	0.1630	0.3820
亞型	0.4270	0.2960
郊區的	0.4390	0.4500
地鐵	0.4180	0.3000
肉質	0.8230	0.5380
屈服於	0.2020	0.7870
吸盤	0.2650	0.3930
絨面	0.5420	0.2590
自給自足	0.5940	0.4380
足夠	0.8330	0.3300
後綴	0.4300	0.4200
自殺	0.0255	0.8700
起訴者	0.7080	0.6390
蘇丹	0.5290	0.4230
悶熱	0.7350	0.6960
總結	0.5900	0.3230
合計	0.7660	0.3370
首腦	0.6250	0.6180
召喚	0.5210	0.5600
相撲	0.4800	0.3940
油底殼	0.3650	0.4510
太陽	0.8770	0.4000
曬斑	0.0610	0.7550
聖代	0.7430	0.4140
各種各樣的	0.5430	0.3690
太陽鏡	0.6840	0.2640
墨鏡	0.8440	0.4430
沉沒	0.1460	0.5310
陰暗的	0.2450	0.2800
防曬	0.6560	0.3870
曬黑	0.6200	0.5100
多餘	0.3300	0.3815
超級英雄	0.9100	0.8200
疊加	0.4850	0.5495
所長	0.5920	0.5700
優越	0.8010	0.6970
最高級	0.7140	0.5660
超級市場	0.6900	0.5470
超級大國	0.8060	0.7840
超級明星	0.8850	0.8600
監督	0.5785	0.5665
晚飯	0.7920	0.3880
禱	0.4690	0.5700
供應商	0.5780	0.5015
供應	0.7080	0.5190
壓制	0.2810	0.5590
千鈞	0.8330	0.7250
附加費	0.3750	0.5280
當然	0.7240	0.2700
衝浪	0.8470	0.6500
衝浪板	0.7290	0.7300
衝浪者	0.7040	0.7010
浪湧	0.4490	0.6840
外科醫生	0.5000	0.5980
陰沉的	0.2210	0.4690
剩餘	0.6020	0.6800
驚	0.8750	0.8750
詫異	0.7840	0.8550
驚喜	0.8750	0.7690
超現實主義	0.5500	0.5290
測量學	0.4880	0.4550
測量員	0.5450	0.3370
倖存	0.6460	0.8360
倖存者	0.6770	0.7500
壽司	0.6980	0.3430
吊帶	0.3910	0.3330
懸念	0.2860	0.7750
懸掛	0.2880	0.5300
縫合	0.2400	0.5100
昂首闊步	0.3330	0.7310
沼澤的	0.3060	0.3900
天鵝	0.7810	0.2250
蜂擁	0.3750	0.6000
撲打	0.3800	0.6940
搖擺	0.5800	0.5320
發誓	0.5805	0.5435
宣誓就職	0.3330	0.5590
毛線衣	0.7040	0.2450
運動衫	0.5100	0.3680
血汗工廠	0.3850	0.7970
掃	0.4480	0.3850
清掃車	0.4700	0.5490
籠統的	0.3440	0.4310
愛人	0.9590	0.4230
腫脹	0.3230	0.6080
悶熱的	0.2040	0.6440
轉彎	0.2760	0.6120
如飛	0.6600	0.8850
痛飲	0.6040	0.4810
泳裝	0.7400	0.3730
趕時髦的人	0.4590	0.7780
擺盪	0.6560	0.5100
漩渦	0.4900	0.7260
開關	0.5000	0.5380
彈簧刀	0.3570	0.5960
總機	0.5710	0.5190
腫	0.2360	0.5100
劍	0.4380	0.6530
旗魚	0.5640	0.5200
劍術	0.6160	0.7500
劍客	0.3950	0.8570
楓樹	0.5000	0.4010
音節	0.4480	0.2500
教學大綱	0.7360	0.3700
對稱	0.6303	0.2497
交響	0.7750	0.5450
交響樂	0.7650	0.4900
座談會	0.5730	0.3940
症狀	0.3735	0.4815
會堂	0.5310	0.3000
突觸	0.6165	0.5120
綜合徵	0.2290	0.5100
協同	0.5710	0.5500
協同效應	0.6670	0.5100
代名詞	0.5475	0.2665
糖漿	0.6200	0.2230
系統	0.6525	0.3680
系統的	0.6170	0.4440
虎斑貓	0.5100	0.4260
湯匙	0.4900	0.3530
片劑	0.5620	0.3300
小報	0.4380	0.3650
忌諱	0.1980	0.7940
製表	0.4380	0.3745
轉速表	0.3980	0.3940
滑車	0.3650	0.6860
搶斷	0.4800	0.6940
俗氣的	0.2450	0.4900
識相	0.7040	0.2920
戰術	0.5625	0.4575
觸	0.5730	0.4100
塔夫綢	0.6040	0.2790
尾門	0.3230	0.3400
尾礦	0.4390	0.3110
尾燈	0.4790	0.3670
排氣管	0.4600	0.4290
污點	0.1410	0.4250
脫掉	0.7550	0.8840
護符	0.7040	0.5420
談論	0.8330	0.3460
貧嘴	0.5620	0.6730
健談	0.5000	0.6040
馴	0.3850	0.7830
馴服	0.5690	0.5140
串聯	0.5520	0.4060
切線	0.5730	0.3730
罐頂	0.6100	0.3710
無異	0.6330	0.2880
發脾氣	0.2190	0.8170
膠帶	0.5310	0.2770
尖細	0.3440	0.3800
掛毯	0.5200	0.1760
絛蟲	0.3570	0.3340
水龍頭	0.4480	0.3780
遲遲	0.2040	0.5920
關稅	0.4590	0.4020
停機坪	0.3570	0.3020
塔羅牌	0.4790	0.4220
耽擱	0.3920	0.4130
韃靼	0.2140	0.3510
無味	0.1460	0.1960
達	0.4290	0.3800
話多的人	0.4170	0.5300
拉緊的	0.4320	0.7040
俗麗的東西	0.3750	0.5100
徵稅	0.2550	0.4560
納稅人	0.5920	0.5280
老師	0.7600	0.4040
茶館	0.8020	0.3140
水鴨	0.5400	0.2930
球隊	0.7080	0.4610
隊友	0.8650	0.4490
團隊合作	0.9180	0.4900
茶壺	0.4790	0.1100
眼淚	0.4040	0.6200
內牛滿面	0.2080	0.5000
流淚	0.1670	0.4730
傳情	0.5100	0.5580
戲弄	0.2350	0.7250
下午茶時間	0.8470	0.1590
技術	0.6820	0.4647
技術性	0.6560	0.4615
技術員	0.5920	0.5100
攤曬	0.7120	0.4530
開球	0.4590	0.3730
蠅頭	0.4270	0.4180
電報	0.5775	0.4825
隔傳動	0.5820	0.6460
遙測	0.4600	0.3820
心靈感應	0.6020	0.4900
伸縮式	0.4900	0.2900
募捐活動	0.6430	0.6410
電傳	0.5320	0.3920
電視	0.6267	0.4300
告訴	0.6350	0.3955
溫度	0.5055	0.4995
脾氣	0.6330	0.6230
彩畫	0.4580	0.3180
個性倔強的	0.3160	0.7740
適度的	0.4690	0.3940
寺廟	0.6120	0.2690
顳	0.5000	0.4130
風月	0.4270	0.7870
頑強	0.7240	0.6580
租賃	0.5000	0.4580
趨向	0.6040	0.3980
趨勢	0.6863	0.4767
壓痛	0.9490	0.2760
撫育	0.6220	0.5560
網球	0.6220	0.5190
張力	0.3040	0.8100
帳篷	0.5050	0.3060
觸手	0.3700	0.5590
纖細	0.3980	0.2630
不溫不火	0.3370	0.3270
龍舌蘭酒	0.6120	0.7100
紅燒	0.6460	0.4490
術語	0.5310	0.2695
終奌站	0.3160	0.4340
終止	0.2575	0.4410
終結者	0.3700	0.6630
總站	0.2810	0.3820
白蟻	0.2650	0.4800
燕鷗	0.5730	0.3650
陸生	0.5420	0.4130
領土的	0.4050	0.6000
領土	0.6250	0.4690
恐怖主義	0.0600	0.9710
測試	0.4490	0.5000
作證	0.5210	0.6500
告別賽	0.5410	0.5380
見證	0.5885	0.5735
破傷風	0.1330	0.5770
系鏈	0.3230	0.6200
四面體	0.5950	0.4680
教科書	0.6220	0.2350
紡織品	0.6040	0.2350
紋理	0.6600	0.2960
質地	0.6150	0.2150
謝謝	0.8127	0.4167
感謝上帝	0.8230	0.4510
表達感謝	0.9170	0.5380
費力不討好	0.1460	0.5000
奇術	0.5100	0.5460
解凍	0.4480	0.3090
劇院	0.7600	0.6350
盜竊	0.1350	0.8670
有神論	0.4285	0.3980
神學家	0.5210	0.3040
神學	0.4640	0.3465
理論	0.5990	0.2920
治療	0.5927	0.3380
療法	0.5520	0.3430
治療師	0.4680	0.4300
點左右	0.4270	0.3650
於是	0.4620	0.3170
熱電偶	0.4060	0.4060
熱力學	0.5100	0.5940
溫度計	0.4000	0.3270
熱水瓶	0.5820	0.2550
恆溫器	0.4390	0.4800
灌木叢	0.3850	0.3730
賊	0.0880	0.8880
頂針	0.4900	0.1920
思維	0.7200	0.3080
薊	0.4270	0.4230
到那裡	0.5000	0.2700
丁字褲	0.4670	0.5960
徹底	0.4670	0.3500
純種	0.6690	0.7400
體貼	0.8670	0.2690
受威脅	0.0520	0.9280
三人組	0.4900	0.6760
脫粒	0.4900	0.4170
閾	0.5310	0.5190
節約	0.7600	0.2170
驚悚片	0.4900	0.7960
興旺	0.9480	0.5290
搏動	0.5000	0.6730
悸動	0.6450	0.8080
陣痛	0.1460	0.7600
風門	0.5620	0.8040
拋出	0.5000	0.5500
畫眉	0.3060	0.4900
推進器	0.6980	0.8120
轟的一聲	0.2550	0.6860
霹靂	0.4040	0.7760
雷鳴的	0.3370	0.7780
甲狀腺	0.2340	0.4550
脛骨	0.4500	0.3020
勾選	0.4690	0.3860
斷續器	0.4790	0.4710
癢癢	0.7600	0.7270
怕癢的	0.8230	0.8140
珍聞	0.5520	0.3820
一線	0.5200	0.2450
拉緊的繩索	0.3540	0.6530
波浪號	0.5200	0.3140
平鋪	0.6000	0.3300
分蘗	0.4480	0.4100
時間	0.6040	0.2880
合時	0.7600	0.4040
及時	0.8650	0.3870
時間到	0.3440	0.4330
計時器	0.4690	0.4330
時	0.4900	0.2790
膽怯	0.3330	0.3580
定時	0.5210	0.3110
藥酒	0.4400	0.3600
錫紙	0.4480	0.2840
耳鳴	0.4220	0.5480
修補匠	0.3960	0.5280
修修補補	0.5310	0.4900
小費	0.7080	0.2210
自卸車	0.4270	0.5710
腳尖	0.5100	0.4900
長篇大論	0.3780	0.5870
煩人的	0.2400	0.5420
泰坦尼克號	0.4270	0.7860
鈦	0.5200	0.4700
烤麵包	0.7190	0.4215
烤麵包機	0.5420	0.3370
煙草	0.3270	0.5460
腳趾	0.4060	0.2210
勞碌	0.4800	0.7100
代幣	0.5100	0.4180
鉞	0.5100	0.6420
對我來說	0.4290	0.3160
補品	0.5410	0.3600
噸位	0.3230	0.3820
扁桃體	0.3470	0.3730
工裝	0.5100	0.4060
齒	0.4390	0.2500
齒形	0.4490	0.3940
無牙	0.3120	0.5410
牙籤	0.5610	0.2160
黃玉	0.6430	0.3250
話題	0.5200	0.2760
傾覆	0.1980	0.8200
頂面	0.7080	0.4660
龍捲風	0.2600	0.8960
魚雷	0.2190	0.7940
熱帶	0.6252	0.4995
軀幹	0.4080	0.3940
侵權	0.2705	0.6795
總	0.7710	0.2860
圖騰	0.6390	0.3500
觸摸	0.6460	0.4770
感動	0.5920	0.3800
接觸	0.7600	0.4390
鍛煉	0.6630	0.7550
假髮	0.5225	0.2745
旅遊	0.8230	0.5310
遊客	0.7427	0.5103
電氣石	0.4480	0.5130
止血帶	0.3350	0.5210
參天	0.5000	0.6900
聯排別墅	0.6220	0.4000
鄉	0.5310	0.2920
毒理學	0.3020	0.7360
玩具製造商	0.7550	0.5100
曳光彈	0.5730	0.3270
痕跡	0.5220	0.4590
氣管	0.3645	0.4345
聽話的	0.6350	0.5000
牽引	0.4290	0.5850
拖拉機	0.4490	0.5800
貿易	0.5980	0.5730
傳統	0.7535	0.3255
紅綠燈	0.4900	0.4690
販賣	0.2500	0.7100
悲劇	0.0760	0.8765
預告片	0.5410	0.4900
培養	0.6660	0.7050
動車組	0.6040	0.5980
訓練者	0.6980	0.7190
訓練	0.7140	0.7760
賣國	0.0730	0.7450
彈道	0.6530	0.5580
踐踏	0.2350	0.7640
有軌電車	0.6150	0.5380
鎮定藥	0.5100	0.2360
辦理	0.5210	0.6250
收發器	0.5100	0.4900
錄製	0.5000	0.3940
抄錄	0.4900	0.4200
轉錄	0.5920	0.4550
轉讓	0.7020	0.4900
轉入	0.4800	0.4500
呆若木雞	0.4270	0.6600
轉型	0.7960	0.6180
變壓器	0.5820	0.5820
輸	0.4170	0.7300
晶體管	0.4800	0.4800
過境	0.4390	0.5900
過渡	0.5890	0.5165
翻譯者	0.7600	0.4120
傳輸	0.6880	0.4900
發射機	0.5200	0.5110
蛻變	0.4380	0.7400
橫梁	0.3750	0.3850
轉運	0.6150	0.6250
顛倒	0.4400	0.5850
換位	0.3120	0.4510
換性者	0.2640	0.8150
易裝癖	0.2700	0.6750
暗門	0.0940	0.6700
飛人	0.5420	0.6250
捕獸	0.2960	0.6540
誘捕	0.3330	0.6210
沒用	0.0710	0.3800
外傷	0.1120	0.7920
創傷	0.0620	0.8850
橫過	0.5710	0.5900
拖網	0.2550	0.5900
拖網漁船	0.3160	0.4300
奸詐	0.1120	0.8150
背信棄義	0.1040	0.8520
跑步機	0.4590	0.6360
寶藏	0.9270	0.5920
對待	0.5730	0.5710
可治療	0.7800	0.3020
條約	0.6460	0.3820
樹	0.6700	0.1180
樹木	0.6235	0.2030
網格	0.2990	0.5000
鐵人三項	0.5210	0.8530
貢	0.6840	0.5730
三輪車	0.6330	0.4020
瑣事	0.4805	0.3930
觸發	0.2710	0.8040
三個月	0.7830	0.3360
三位一體	0.6350	0.3460
飾品	0.5210	0.3520
勝利	0.9540	0.7483
凱	0.9490	0.8370
拖釣	0.3780	0.6270
手推車	0.5620	0.5580
部隊	0.3750	0.6960
麻煩	0.1563	0.8530
麻煩製造者	0.2600	0.9000
劇團	0.6250	0.4060
長褲	0.6250	0.3140
鱒魚	0.5160	0.3870
鏝	0.4700	0.4180
休戰	0.6880	0.4410
卡車	0.5310	0.3680
卡車司機	0.4940	0.6090
整車	0.4800	0.4500
真愛	0.8600	0.6000
樹幹	0.2710	0.1670
受託人	0.5310	0.4420
真實性	0.9200	0.5490
試用	0.4590	0.5390
選拔賽	0.4900	0.6020
海嘯	0.0420	0.9440
大號	0.5420	0.4020
管狀的	0.4580	0.3610
簇絨	0.5000	0.5100
學費	0.5310	0.3720
鬱金香	0.7300	0.1890
滾草	0.3120	0.4710
趴著	0.4270	0.3650
洶	0.2080	0.6220
金槍魚	0.5310	0.3860
可調	0.5100	0.3640
調	0.7080	0.4790
中山裝	0.5310	0.2480
調音	0.7190	0.3900
濁	0.1840	0.6070
渦輪	0.5515	0.6390
動亂	0.0620	0.9220
洶湧	0.3020	0.7920
糞	0.2400	0.5190
火雞	0.6340	0.2450
薑黃	0.5420	0.3160
轉身	0.6300	0.5380
車削	0.5100	0.6840
蕪菁	0.5610	0.1830
結果發現	0.6410	0.6920
周轉	0.4900	0.3920
收費公路	0.4590	0.4340
轉盤	0.5310	0.4550
松節油	0.3200	0.5390
綠松石	0.7860	0.2260
砲塔	0.4940	0.5000
龜	0.2910	0.1020
高領毛衣	0.5830	0.3980
晚禮服	0.6125	0.3595
娘們	0.2920	0.4590
斜紋軟呢	0.5100	0.4400
枝條	0.3780	0.2880
斜紋	0.4490	0.4150
雙胞胎	0.7240	0.4180
纏繞	0.5210	0.3800
劇痛	0.3160	0.7200
撚線機	0.3300	0.6800
兩步	0.5830	0.3140
雙重	0.5730	0.3330
兩人一組	0.5830	0.5440
打字機	0.5420	0.3730
傷寒症	0.2650	0.4580
颱風	0.3230	0.7960
打字員	0.5510	0.5590
錯字	0.2240	0.4150
強橫	0.1670	0.8600
無處不在	0.5780	0.4900
醜陋	0.1305	0.5185
別有用心	0.3750	0.5090
最後通牒	0.2190	0.8550
超聲	0.5730	0.5940
紫外線	0.6040	0.4480
臍帶	0.3980	0.4060
雨傘	0.5830	0.2460
許許多多	0.5100	0.4600
不減	0.5320	0.4200
舉目無親	0.2920	0.3760
未確認	0.2400	0.2690
純正	0.5700	0.4200
未受影響	0.5420	0.2650
獨立的	0.2410	0.4245
暗訪	0.2400	0.5880
懸而未決	0.2760	0.3610
賞識	0.1430	0.4310
未經批准	0.1840	0.4710
獨力的	0.3020	0.3200
無人值守	0.2550	0.4000
沒有吸引力	0.1770	0.3070
不敗	0.8435	0.7560
不雅觀	0.1230	0.4710
難以置信的	0.7710	0.7900
未綁定	0.3540	0.4020
無界	0.6460	0.6000
綿綿	0.5500	0.2240
不確定	0.1900	0.5247
不成問題	0.5520	0.3940
不可改變的	0.3750	0.4420
無人認領	0.3160	0.3460
堅定的	0.3200	0.5310
無條件的	0.7600	0.4930
未經證實	0.2813	0.3710
懸空	0.1880	0.2650
無意識	0.2400	0.3560
神誌不清	0.1770	0.4400
違憲	0.2300	0.5880
不受約束	0.6110	0.6450
無可爭議	0.5780	0.5295
非傳統的	0.1770	0.5090
不服氣	0.4090	0.4580
不相關	0.3330	0.3270
完整無缺	0.4480	0.4220
亡靈	0.3670	0.6350
未定義	0.2600	0.4180
不可否認	0.5520	0.4730
軟肋	0.4060	0.4230
經歷	0.3980	0.5540
大學本科	0.5830	0.5000
底襯	0.5210	0.3650
背後	0.3230	0.3780
底層	0.4800	0.4450
少繳	0.1460	0.4130
弱勢	0.1825	0.4695
下劃線	0.3750	0.2750
副國務卿	0.4590	0.3770
輕描淡寫	0.3470	0.4800
替補	0.3780	0.4020
殯儀館	0.3630	0.6960
內衣	0.6100	0.5460
木頭下	0.5100	0.4530
包銷	0.4160	0.5200
承銷商	0.5710	0.3270
檢測不到	0.4380	0.5390
未被發現	0.3310	0.3255
未確定	0.2650	0.2560
未開發	0.3465	0.4850
不體面	0.1220	0.6270
無方向	0.3300	0.4170
未公開	0.4790	0.3610
不受干擾	0.7250	0.2870
無疑的	0.5920	0.4610
脫衣服	0.4380	0.9000
脫了衣服	0.3750	0.7550
不勞而獲	0.1770	0.3400
沒有受過教育	0.1770	0.3500
失業的	0.0940	0.4810
失業	0.0940	0.4000
無止境	0.3850	0.5190
不均勻的	0.1250	0.4570
無法解釋的	0.2600	0.4480
經久不衰	0.6250	0.6350
不適當	0.2500	0.3680
堅定不移	0.6670	0.6060
展開	0.6120	0.5100
取消關注	0.2810	0.3370
不可饒恕	0.2760	0.7430
杞人憂天	0.2710	0.5200
脫膠	0.3780	0.4460
惡人	0.2960	0.4230
忘恩負義	0.2190	0.4610
無人防守的	0.1560	0.5780
不快樂	0.1120	0.5000
安然無恙	0.7400	0.3780
聞所未聞	0.3440	0.5390
無益	0.1040	0.3200
入無人之境	0.7290	0.4410
獨角獸	0.7760	0.5100
未確認的	0.3850	0.3610
統一	0.7513	0.3573
均勻性	0.7450	0.3530
均勻	0.6250	0.3330
不為所動	0.1980	0.3020
無人	0.2680	0.3355
無意	0.3330	0.5380
無意中	0.4600	0.4900
無心戀戰	0.3650	0.2400
齊奏	0.5100	0.4390
單元	0.5620	0.2350
聯合的	0.7810	0.4310
無理	0.1150	0.5960
無牌	0.3060	0.5740
不會	0.2710	0.2930
開鎖	0.5820	0.4420
無人盯防	0.4160	0.2940
獨一無二	0.7760	0.5360
不動搖	0.1840	0.3550
被忽視	0.3020	0.4400
門牌	0.4060	0.2550
未觀測到	0.3980	0.2550
通暢	0.5830	0.4400
沒人住	0.2580	0.2450
未開封	0.5420	0.3400
不反對	0.6150	0.3750
無序	0.2240	0.4820
無組織的	0.2550	0.5785
非正統的	0.3400	0.4800
解壓	0.5310	0.5280
不插電	0.3670	0.3750
史無前例	0.5000	0.4910
不可預料的	0.4290	0.7690
非生產性	0.1000	0.3240
不專業	0.0420	0.3700
無利可圖	0.1630	0.3760
無保護	0.1500	0.5820
無緣無故	0.5650	0.3270
未公佈	0.4060	0.4800
逍遙法外	0.2920	0.5940
毫無疑問	0.5000	0.6300
引文結束	0.3880	0.3630
繹	0.3780	0.5980
無法訪問	0.2080	0.6790
未讀	0.4580	0.2400
虛幻	0.1730	0.4310
未記錄	0.2410	0.3510
未註冊	0.2550	0.3370
無關	0.3020	0.2700
不求回報	0.1430	0.4410
未解決	0.1350	0.4410
反應遲鈍	0.1080	0.2820
無限制	0.6980	0.4580
不羈	0.2400	0.7450
不衛生	0.0630	0.5920
難吃的	0.0710	0.6370
毫髮無損	0.6250	0.3080
不科學	0.3960	0.3170
拔螺絲	0.3330	0.4620
不擇手段	0.0940	0.7270
拉下馬	0.2290	0.5000
看不見	0.4270	0.3510
難看	0.2260	0.5590
不請自來	0.0940	0.3390
淳樸	0.3270	0.4910
勢不可擋	0.6250	0.8870
無監督	0.4780	0.4810
卓絕	0.6940	0.5690
不可持續的	0.2550	0.6500
絕情	0.1630	0.6200
驁	0.4290	0.7780
未經測試	0.3020	0.2960
不可思議的	0.3650	0.4800
過早的	0.2450	0.6760
無標題	0.2130	0.2400
數不清	0.2400	0.3670
未經訓練的	0.1490	0.5290
憂	0.4220	0.4460
不確實	0.0310	0.5000
千方百計	0.3120	0.2550
沒用過	0.3440	0.2310
難言	0.4060	0.5920
揭開	0.4390	0.4420
沒洗過	0.3650	0.4270
毫不動搖	0.7400	0.6300
不受歡迎	0.1150	0.4800
不願意	0.2040	0.3110
不知不覺	0.3120	0.5100
攄	0.6040	0.4910
拉開拉鍊	0.3780	0.5200
教養	0.6770	0.4900
室內裝潢	0.5920	0.2700
上載	0.6380	0.6830
高檔	0.6980	0.5260
煩亂	0.0710	0.6800
樓上	0.6630	0.4080
暴發戶	0.4490	0.5000
鈾	0.3750	0.5800
頑童	0.4170	0.5100
甕	0.1940	0.5200
用過的	0.3540	0.3060
用處	0.8060	0.5190
用戶	0.6290	0.3470
篡奪	0.2920	0.7800
高利貸	0.3440	0.6790
子宮	0.4630	0.4025
烏托邦	0.5420	0.3270
發聲	0.5420	0.6400
疫苗接種	0.5300	0.5780
空虛的	0.3540	0.2670
陰道	0.5000	0.8175
徒勞的	0.3650	0.2830
告別演說者	0.5000	0.4900
情人節	0.8880	0.6150
有價值	0.8990	0.5470
貴重物品	0.7900	0.6250
計價	0.6150	0.4800
閥	0.3230	0.3630
轢	0.1350	0.7920
人為破壞	0.0830	0.9040
葉片	0.5610	0.2800
虛榮	0.2600	0.5400
華帝	0.7400	0.6320
變量	0.6200	0.4070
變化	0.4895	0.4605
靜脈曲張	0.2350	0.4620
各個	0.5000	0.2960
無賴	0.4170	0.5000
隊打	0.7100	0.5940
輸精管結紮術	0.2080	0.6630
廣大	0.5200	0.5350
增值稅	0.3330	0.4910
拱形圓頂	0.5100	0.3230
德維爾	0.4690	0.4300
維加	0.5100	0.3330
素食主義者	0.5460	0.2355
素食主義	0.5100	0.2690
車輛	0.6410	0.5650
面紗	0.5000	0.2350
脈	0.4870	0.4590
渦卷形	0.5000	0.3490
絲絨	0.6665	0.2590
天鵝絨般的	0.6770	0.3430
仇殺	0.1980	0.7840
自動售貨機	0.4170	0.5650
單板	0.4900	0.2650
發洩	0.4270	0.5705
換氣扇	0.4710	0.3530
會場	0.7270	0.3160
動詞	0.5820	0.3120
口頭	0.5200	0.2910
羅嗦	0.4290	0.5600
贅言	0.3000	0.4910
蔥蘢	0.6000	0.2600
判決書	0.3250	0.6890
校驗	0.7610	0.4810
忠實地	0.7130	0.3510
名副其實	0.7940	0.3300
害蟲	0.1670	0.7120
白話	0.4790	0.4530
維羅尼卡	0.5940	0.3990
多才多藝	0.9060	0.6250
與	0.3100	0.5000
眩暈	0.2920	0.6550
氣魄	0.7240	0.8400
船隻	0.4900	0.3980
獸醫	0.5897	0.4227
老將	0.5600	0.4310
高架橋	0.4200	0.4400
盛傳	0.7100	0.4800
氣氛	0.6350	0.6880
充滿活力	0.7710	0.8240
振動	0.5625	0.6735
督撫	0.5410	0.4810
勝利者	0.8020	0.5870
維多利亞	0.8960	0.8110
獲勝	0.8840	0.8860
視頻	0.6460	0.5770
電子遊戲	0.7070	0.7650
錄影帶	0.6650	0.3430
視圖	0.8960	0.2920
觀看	0.6900	0.3940
觀點	0.6730	0.3060
小插圖	0.7170	0.2830
別墅	0.6980	0.2900
鬥氣	0.0920	0.8300
葡萄園	0.8060	0.3820
釀酒	0.6800	0.3900
處女	0.6475	0.5050
童貞	0.6910	0.6760
病毒學	0.4180	0.5690
賢	0.8900	0.5300
簽證	0.7350	0.3670
能見度	0.7500	0.4440
可見	0.7500	0.3420
明顯地	0.7240	0.3730
探視	0.7290	0.3460
遠景	0.6980	0.3900
視覺	0.8130	0.4620
維他命	0.8270	0.3300
歡呼聲	0.8400	0.5670
生動	0.6980	0.6270
詞彙	0.5300	0.2470
聲音的	0.5830	0.3520
語音郵件	0.4580	0.4530
揮發物	0.3230	0.7860
揮發性	0.2810	0.7550
齊射	0.5290	0.4600
電壓	0.3820	0.8550
電壓表	0.5990	0.5960
長篇	0.5610	0.4500
志願者	0.8540	0.4350
志願服務	0.8440	0.6140
表決	0.6150	0.6020
許願	0.4790	0.4600
擔保	0.6250	0.4170
憑證	0.6220	0.4160
偷窺	0.4790	0.6150
俗氣	0.1040	0.8700
禿鷲	0.3160	0.6040
瓦德爾	0.4900	0.4530
晶圓	0.6770	0.3600
車皮	0.4900	0.4610
哀號	0.4180	0.7240
馬甲	0.5420	0.3200
腰圍	0.5600	0.4170
助步車	0.5510	0.4910
衝擊力	0.3200	0.7900
牆紙	0.6730	0.1730
華爾茲舞	0.7690	0.4100
飄零	0.3230	0.4710
沒落	0.1880	0.4020
戰爭	0.0220	0.8920
鶯	0.4800	0.3490
衣櫃	0.6120	0.5100
戰	0.0620	0.8850
彈頭	0.2190	0.7560
好戰	0.3670	0.8470
術士	0.3120	0.5580
軍閥	0.1670	0.7960
變暖	0.5940	0.6085
堅持強硬立場	0.2800	0.6760
認股權證	0.5620	0.4310
養兔場	0.4170	0.5700
戰士	0.4580	0.8630
軍艦	0.2920	0.8900
戰時	0.1000	0.9120
洗滌	0.6430	0.3960
黃蜂	0.3900	0.6200
浪費	0.1132	0.5537
廢紙簍	0.2710	0.2300
崗樓	0.5000	0.4150
澆水	0.6150	0.2900
濱水	0.7160	0.2740
噴壺	0.6020	0.2980
自來水廠	0.5100	0.4900
波長	0.6040	0.4420
搖擺不定	0.2915	0.5945
波浪狀的	0.5200	0.2840
蠟	0.4360	0.2450
上蠟	0.5310	0.3880
辦法	0.4800	0.2750
減弱	0.3730	0.3040
弱點	0.0880	0.3700
穿著	0.6460	0.5200
黃鼠狼	0.4080	0.3170
天氣	0.7550	0.4040
天氣預報	0.6600	0.4130
風雨	0.5410	0.3450
捲筒紙	0.5830	0.4110
網站	0.6150	0.4420
雜草	0.3200	0.5510
週末	0.8440	0.6250
每週	0.6220	0.2880
眼淚汪汪	0.0680	0.6150
稱重	0.3910	0.4185
權重	0.4580	0.5000
焊機	0.4480	0.6790
威爾士語	0.4900	0.3850
丫頭	0.4690	0.5190
鯨	0.5820	0.3980
捕鯨	0.2810	0.7170
禍不單行	0.4610	0.4910
諸如此類	0.3750	0.4930
小麥	0.5310	0.1850
輪	0.6150	0.3100
輪椅	0.2400	0.3370
車輪	0.6670	0.4710
途窮	0.3880	0.3660
噴氣	0.4590	0.4000
怪念頭	0.5535	0.6595
嗚咽	0.2710	0.5450
怪誕的	0.4490	0.6370
愛發牢騷	0.2080	0.5480
揮鞭	0.2570	0.7600
旋風	0.4170	0.9150
晶須	0.4800	0.2920
耳語	0.4900	0.2250
低聲道	0.5480	0.3580
白魚	0.4920	0.3270
發白的	0.5830	0.2790
呼嘯	0.8960	0.6270
批發	0.7600	0.5510
彌天大謊	0.4480	0.5980
高達	0.5410	0.7400
燈芯	0.3370	0.4810
柳條	0.4270	0.3390
便門	0.5000	0.5000
寬	0.5710	0.3120
寡婦	0.2500	0.4500
鰥夫	0.1840	0.4060
揮	0.3470	0.6600
維納	0.5940	0.4340
懷特	0.5420	0.4040
維基	0.5300	0.3900
野貓	0.4580	0.6320
角馬	0.4380	0.4800
野生動物	0.6560	0.5300
將	0.5955	0.4100
願意	0.8095	0.5305
詭計多端的	0.4590	0.6700
窩囊廢	0.1840	0.4900
贏得	0.9270	0.6940
絞盤	0.3850	0.4340
風	0.5310	0.4040
空談者	0.4380	0.5100
洋財	0.7500	0.8640
風車	0.7730	0.4120
擋風玻璃	0.6150	0.3750
有風	0.3300	0.5410
紅酒	0.7920	0.4170
酒櫃	0.7290	0.4040
邊鋒	0.5310	0.7940
僚機	0.5730	0.5780
優勝者	0.9600	0.8100
有線	0.3980	0.4200
無線	0.6350	0.4440
接線	0.4900	0.3670
祝我好運	0.7290	0.5820
悵惘	0.3230	0.4510
風趣	0.8440	0.4840
乾枯	0.1880	0.2920
扣壓	0.3200	0.4510
預提	0.1650	0.4900
經受	0.3700	0.5480
糊塗的	0.1980	0.3330
鬥智斗勇	0.7600	0.5960
機智	0.8570	0.7070
搖晃	0.3750	0.6200
榮辱與共	0.3400	0.6060
悲傷的	0.1350	0.5550
炒鍋	0.5830	0.3750
女大十八變	0.8120	0.6560
木製品	0.4900	0.4810
緯	0.3540	0.5090
長毛	0.5310	0.3980
痛擊	0.4170	0.4520
話	0.7100	0.2160
羅唆	0.6430	0.4780
運作	0.7040	0.5600
職場	0.5920	0.4310
後處理	0.5820	0.7130
蟲	0.1300	0.4180
蟲洞	0.3370	0.3800
磨損的	0.3500	0.4820
令人擔憂	0.0470	0.7500
價值	0.8720	0.5100
傷口	0.1260	0.7260
負傷	0.1150	0.7700
年代久遠	0.2440	0.6070
牧馬者	0.4170	0.5740
包裝紙	0.6250	0.3580
憤怒的	0.1020	0.7300
殘骸	0.0820	0.3530
清障車	0.2290	0.7160
奪取	0.4270	0.7500
搏鬥	0.3880	0.8900
蠢動	0.4690	0.6270
賴特	0.5400	0.5280
絞汁	0.3650	0.5190
手錶	0.7710	0.3380
令狀	0.5620	0.2200
寫	0.6120	0.3870
寫作	0.6940	0.4750
書面	0.6000	0.2310
壞事	0.1120	0.7450
錯	0.0540	0.5500
鍛	0.3220	0.5590
阿普唑崙	0.4270	0.4020
排外主義	0.1560	0.7710
複印	0.3850	0.3490
聖誕節	0.9060	0.7170
遊艇	0.7235	0.6525
犛	0.4690	0.4220
芋頭	0.5000	0.2060
好極了	0.6940	0.5750
年鑑	0.5620	0.2310
一歲	0.5100	0.3480
嚮往	0.5920	0.4910
懷念	0.7090	0.5100
黃狗	0.4360	0.5000
黃色	0.6710	0.2750
黃	0.5700	0.3060
自耕農	0.5300	0.4590
紅豆杉	0.3120	0.2070
約德爾	0.5100	0.4540
軛	0.2810	0.6200
蛋黃	0.4900	0.3060
那邊	0.6150	0.3300
年輕	0.8120	0.5200
更年輕	0.7810	0.4570
你好爛	0.2250	0.6140
聖誕季節	0.4380	0.4300
狂熱者	0.4800	0.7930
禪	0.4920	0.2100
和風	0.4790	0.4080
澤塔	0.3850	0.2900
鋅	0.3570	0.3140
拉鍊	0.3900	0.3150
殭屍	0.2140	0.6480
區劃	0.4170	0.4000
動物學	0.6175	0.4025